-- phpMyAdmin SQL Dump
-- version 4.0.10.7
-- http://www.phpmyadmin.net
--
-- Host: localhost:3306
-- Generation Time: Mar 29, 2016 at 08:12 PM
-- Server version: 5.5.47-cll
-- PHP Version: 5.4.31

SET SQL_MODE = "NO_AUTO_VALUE_ON_ZERO";
SET time_zone = "+00:00";


/*!40101 SET @OLD_CHARACTER_SET_CLIENT=@@CHARACTER_SET_CLIENT */;
/*!40101 SET @OLD_CHARACTER_SET_RESULTS=@@CHARACTER_SET_RESULTS */;
/*!40101 SET @OLD_COLLATION_CONNECTION=@@COLLATION_CONNECTION */;
/*!40101 SET NAMES utf8 */;

--
-- Database: `h1egiteu_firstls`
--

-- --------------------------------------------------------

--
-- Table structure for table `fls1egvn_actions`
--

CREATE TABLE IF NOT EXISTS `fls1egvn_actions` (
  `act_nr` smallint(6) NOT NULL AUTO_INCREMENT,
  `act` varchar(50) NOT NULL,
  `eng` varchar(15) NOT NULL,
  PRIMARY KEY (`act_nr`)
) ENGINE=InnoDB  DEFAULT CHARSET=utf8 AUTO_INCREMENT=8 ;

--
-- Dumping data for table `fls1egvn_actions`
--

INSERT INTO `fls1egvn_actions` (`act_nr`, `act`, `eng`) VALUES
(1, 'Входно ниво', 'vhodno1'),
(2, 'Класна работа I срок', 'klasno1'),
(3, 'Срочна оценка I срок', 'srok1'),
(4, 'Класна работа II срок', 'klasno2'),
(5, 'Срочна оценка II срок', 'srok2'),
(6, 'Изходно ниво', 'izhodno'),
(7, 'Годишни оценки', 'godina');

-- --------------------------------------------------------

--
-- Table structure for table `fls1egvn_classes`
--

CREATE TABLE IF NOT EXISTS `fls1egvn_classes` (
  `class_nr` int(11) NOT NULL AUTO_INCREMENT,
  `class` varchar(3) NOT NULL,
  `student_number` int(11) NOT NULL,
  `class_leader` tinyint(4) NOT NULL,
  `neizv1` smallint(6) NOT NULL,
  `parts1` decimal(10,2) NOT NULL,
  `izv1` smallint(6) NOT NULL,
  `neizv2` smallint(6) NOT NULL,
  `parts2` decimal(10,2) NOT NULL,
  `izv2` smallint(6) NOT NULL,
  PRIMARY KEY (`class_nr`)
) ENGINE=InnoDB  DEFAULT CHARSET=utf8 AUTO_INCREMENT=46 ;

--
-- Dumping data for table `fls1egvn_classes`
--

INSERT INTO `fls1egvn_classes` (`class_nr`, `class`, `student_number`, `class_leader`, `neizv1`, `parts1`, `izv1`, `neizv2`, `parts2`, `izv2`) VALUES
(1, '8а', 26, 24, 13, '0.33', 789, 0, '0.00', 0),
(2, '8б', 27, 16, 22, '0.00', 193, 0, '0.00', 0),
(3, '8в', 28, 17, 12, '0.33', 503, 0, '0.00', 0),
(4, '8г', 27, 18, 6, '0.67', 472, 0, '0.00', 0),
(5, '8д', 26, 27, 0, '0.00', 542, 0, '0.00', 0),
(6, '8е', 28, 39, 2, '0.67', 239, 0, '0.00', 0),
(7, '8ж', 26, 40, 0, '0.00', 259, 0, '0.00', 0),
(8, '8з', 27, 32, 17, '0.00', 318, 0, '0.00', 0),
(9, '8и', 27, 28, 0, '0.00', 90, 0, '0.00', 0),
(10, '9а', 27, 88, 17, '0.67', 793, 0, '0.00', 0),
(11, '9б', 26, 19, 32, '0.67', 947, 0, '0.00', 0),
(12, '9в', 28, 53, 39, '0.67', 556, 0, '0.00', 0),
(13, '9г', 28, 23, 56, '0.00', 753, 0, '0.00', 0),
(14, '9д', 28, 11, 32, '0.67', 937, 0, '0.00', 0),
(15, '9е', 27, 70, 20, '0.00', 636, 0, '0.00', 0),
(16, '9ж', 25, 9, 24, '0.33', 484, 0, '0.00', 0),
(17, '9з', 28, 30, 0, '0.67', 869, 0, '0.00', 0),
(18, '9и', 25, 57, 5, '0.67', 638, 0, '0.00', 0),
(19, '10а', 27, 22, 11, '0.67', 565, 0, '0.00', 0),
(20, '10б', 27, 56, 16, '0.00', 732, 0, '0.00', 0),
(21, '10в', 27, 26, 39, '0.67', 774, 0, '0.00', 0),
(22, '10г', 26, 90, 59, '0.33', 921, 0, '0.00', 0),
(23, '10д', 26, 69, 29, '0.33', 976, 0, '0.00', 0),
(24, '10е', 28, 44, 7, '0.67', 494, 0, '0.00', 0),
(25, '10ж', 25, 74, 15, '0.33', 522, 0, '0.00', 0),
(26, '10з', 27, 41, 28, '0.00', 684, 0, '0.00', 0),
(27, '10и', 27, 63, 23, '0.33', 472, 0, '0.00', 0),
(28, '11а', 26, 14, 36, '0.67', 1605, 0, '0.00', 0),
(29, '11б', 26, 15, 36, '0.67', 934, 0, '0.00', 0),
(30, '11в', 25, 5, 13, '0.67', 1175, 0, '0.00', 0),
(31, '11г', 23, 75, 22, '0.00', 806, 0, '0.00', 0),
(32, '11д', 25, 61, 63, '0.67', 1022, 0, '0.00', 0),
(33, '11е', 26, 68, 40, '0.67', 726, 0, '0.00', 0),
(34, '11ж', 26, 67, 24, '0.67', 1035, 0, '0.00', 0),
(35, '11з', 25, 65, 17, '0.33', 534, 0, '0.00', 0),
(36, '11и', 26, 7, 17, '0.00', 646, 0, '0.00', 0),
(37, '12а', 25, 66, 54, '0.33', 1262, 0, '0.00', 0),
(38, '12б', 24, 60, 56, '0.33', 1094, 0, '0.00', 0),
(39, '12в', 24, 21, 30, '0.00', 1463, 0, '0.00', 0),
(40, '12г', 25, 20, 8, '0.67', 1311, 0, '0.00', 0),
(41, '12д', 25, 10, 40, '0.67', 818, 0, '0.00', 0),
(42, '12е', 23, 58, 29, '0.00', 838, 0, '0.00', 0),
(43, '12ж', 26, 46, 61, '0.00', 508, 0, '0.00', 0),
(44, '12з', 26, 59, 46, '0.33', 1006, 0, '0.00', 0),
(45, '12и', 24, 64, 127, '0.00', 870, 0, '0.00', 0);

-- --------------------------------------------------------

--
-- Table structure for table `fls1egvn_class_sp_subject`
--

CREATE TABLE IF NOT EXISTS `fls1egvn_class_sp_subject` (
  `nr` int(11) NOT NULL AUTO_INCREMENT,
  `class_nr` int(11) NOT NULL,
  `subject_nr` int(11) NOT NULL,
  `vhodno1` tinyint(1) NOT NULL,
  `klasno1` tinyint(1) NOT NULL,
  `srok1` tinyint(1) NOT NULL,
  `klasno2` tinyint(1) NOT NULL,
  `izhodno` tinyint(4) NOT NULL,
  `srok2` tinyint(1) NOT NULL,
  UNIQUE KEY `nr` (`nr`)
) ENGINE=InnoDB  DEFAULT CHARSET=utf8 AUTO_INCREMENT=225 ;

--
-- Dumping data for table `fls1egvn_class_sp_subject`
--

INSERT INTO `fls1egvn_class_sp_subject` (`nr`, `class_nr`, `subject_nr`, `vhodno1`, `klasno1`, `srok1`, `klasno2`, `izhodno`, `srok2`) VALUES
(1, 10, 12, 0, 0, 0, 0, 1, 0),
(2, 11, 12, 0, 0, 0, 0, 1, 0),
(3, 12, 12, 0, 0, 0, 0, 1, 0),
(4, 13, 12, 0, 0, 0, 0, 1, 0),
(5, 14, 12, 0, 0, 0, 0, 1, 0),
(6, 19, 12, 1, 0, 0, 0, 1, 0),
(7, 20, 12, 1, 0, 0, 0, 1, 0),
(8, 21, 12, 1, 0, 0, 0, 1, 0),
(9, 22, 12, 1, 0, 0, 0, 1, 0),
(10, 23, 12, 1, 0, 0, 0, 1, 0),
(11, 15, 12, 0, 0, 0, 0, 1, 0),
(12, 16, 12, 0, 0, 0, 0, 1, 0),
(13, 17, 12, 0, 0, 0, 0, 1, 0),
(14, 18, 12, 0, 0, 0, 0, 1, 0),
(15, 24, 12, 1, 0, 0, 0, 1, 0),
(16, 25, 12, 1, 0, 0, 0, 1, 0),
(17, 26, 12, 1, 0, 0, 0, 1, 0),
(18, 27, 12, 1, 0, 0, 0, 1, 0),
(19, 1, 13, 1, 0, 0, 0, 1, 0),
(20, 2, 13, 1, 0, 0, 0, 1, 0),
(21, 3, 13, 1, 0, 0, 0, 1, 0),
(22, 4, 13, 1, 0, 0, 0, 1, 0),
(23, 5, 13, 1, 0, 0, 0, 1, 0),
(24, 10, 13, 1, 0, 0, 0, 1, 0),
(25, 11, 13, 1, 0, 0, 0, 1, 0),
(26, 12, 13, 1, 0, 0, 0, 1, 0),
(27, 13, 13, 1, 0, 0, 0, 1, 0),
(28, 14, 13, 1, 0, 0, 0, 1, 0),
(29, 19, 13, 1, 0, 0, 0, 1, 0),
(30, 20, 13, 1, 0, 0, 0, 1, 0),
(31, 21, 13, 1, 0, 0, 0, 1, 0),
(32, 22, 13, 1, 0, 0, 0, 1, 0),
(33, 23, 13, 1, 0, 0, 0, 1, 0),
(34, 6, 13, 1, 0, 0, 0, 1, 0),
(35, 7, 13, 1, 0, 0, 0, 1, 0),
(36, 8, 13, 1, 0, 0, 0, 1, 0),
(37, 9, 13, 1, 0, 0, 0, 1, 0),
(38, 15, 13, 1, 0, 0, 0, 1, 0),
(39, 16, 13, 1, 0, 0, 0, 1, 0),
(40, 17, 13, 1, 0, 0, 0, 1, 0),
(41, 18, 13, 1, 0, 0, 0, 1, 0),
(42, 24, 13, 1, 0, 0, 0, 1, 0),
(43, 25, 13, 1, 0, 0, 0, 1, 0),
(44, 26, 13, 1, 0, 0, 0, 1, 0),
(45, 27, 13, 1, 0, 0, 0, 1, 0),
(49, 28, 9, 0, 0, 0, 0, 0, 1),
(50, 29, 9, 0, 0, 0, 0, 0, 1),
(51, 30, 9, 0, 0, 0, 0, 0, 1),
(52, 31, 9, 0, 0, 0, 0, 0, 1),
(53, 32, 9, 0, 0, 0, 0, 0, 1),
(54, 33, 9, 0, 0, 0, 0, 0, 1),
(55, 34, 9, 0, 0, 0, 0, 0, 1),
(56, 35, 9, 0, 0, 0, 0, 0, 1),
(57, 36, 9, 0, 0, 0, 0, 0, 1),
(58, 37, 10, 1, 0, 1, 0, 1, 1),
(59, 38, 10, 1, 0, 1, 0, 1, 1),
(60, 39, 10, 1, 0, 1, 0, 1, 1),
(61, 40, 10, 1, 0, 1, 0, 1, 1),
(62, 41, 10, 1, 0, 1, 0, 1, 1),
(63, 42, 10, 1, 0, 1, 0, 1, 1),
(64, 43, 10, 1, 0, 1, 0, 1, 1),
(65, 44, 10, 1, 0, 1, 0, 1, 1),
(66, 45, 10, 1, 0, 1, 0, 1, 1),
(67, 37, 2, 1, 0, 1, 0, 0, 1),
(68, 38, 2, 1, 0, 1, 0, 0, 1),
(69, 39, 2, 1, 0, 1, 0, 0, 1),
(70, 40, 2, 1, 0, 1, 0, 0, 1),
(71, 41, 2, 1, 0, 1, 0, 0, 1),
(72, 42, 2, 1, 0, 1, 0, 0, 1),
(73, 43, 2, 1, 0, 1, 0, 0, 1),
(74, 44, 2, 1, 0, 1, 0, 0, 1),
(75, 45, 2, 1, 0, 1, 0, 0, 1),
(76, 37, 4, 0, 0, 1, 0, 0, 1),
(77, 38, 4, 0, 0, 1, 0, 0, 1),
(78, 39, 4, 0, 0, 1, 0, 0, 1),
(79, 40, 4, 0, 0, 1, 0, 0, 1),
(80, 41, 4, 0, 0, 1, 0, 0, 1),
(81, 42, 4, 0, 0, 1, 0, 0, 1),
(82, 43, 4, 0, 0, 1, 0, 0, 1),
(83, 44, 4, 0, 0, 1, 0, 0, 1),
(84, 45, 4, 0, 0, 1, 0, 0, 1),
(85, 37, 5, 0, 0, 1, 0, 0, 1),
(86, 38, 5, 0, 0, 1, 0, 0, 1),
(87, 39, 5, 0, 0, 1, 0, 0, 1),
(88, 40, 5, 0, 0, 1, 0, 0, 1),
(89, 41, 5, 0, 0, 1, 0, 0, 1),
(90, 42, 5, 0, 0, 1, 0, 0, 1),
(91, 43, 5, 0, 0, 1, 0, 0, 1),
(92, 44, 5, 0, 0, 1, 0, 0, 1),
(93, 45, 5, 0, 0, 1, 0, 0, 1),
(94, 37, 6, 0, 0, 1, 0, 0, 1),
(95, 38, 6, 0, 0, 1, 0, 0, 1),
(96, 39, 6, 0, 0, 1, 0, 0, 1),
(97, 40, 6, 0, 0, 1, 0, 0, 1),
(98, 41, 6, 0, 0, 1, 0, 0, 1),
(99, 42, 6, 0, 0, 1, 0, 0, 1),
(100, 43, 6, 0, 0, 1, 0, 0, 1),
(101, 44, 6, 0, 0, 1, 0, 0, 1),
(102, 45, 6, 0, 0, 1, 0, 0, 1),
(103, 37, 7, 0, 0, 1, 0, 0, 1),
(104, 38, 7, 0, 0, 1, 0, 0, 1),
(105, 39, 7, 0, 0, 1, 0, 0, 1),
(106, 40, 7, 0, 0, 1, 0, 0, 1),
(107, 41, 7, 0, 0, 1, 0, 0, 1),
(108, 42, 7, 0, 0, 1, 0, 0, 1),
(109, 43, 7, 0, 0, 1, 0, 0, 1),
(110, 44, 7, 0, 0, 1, 0, 0, 1),
(111, 45, 7, 0, 0, 1, 0, 0, 1),
(112, 37, 8, 1, 0, 1, 0, 0, 1),
(113, 38, 8, 1, 0, 1, 0, 0, 1),
(114, 39, 8, 1, 0, 1, 0, 0, 1),
(115, 40, 8, 1, 0, 1, 0, 0, 1),
(116, 41, 8, 1, 0, 1, 0, 0, 1),
(117, 42, 8, 1, 0, 1, 0, 0, 1),
(118, 43, 8, 1, 0, 1, 0, 0, 1),
(119, 44, 8, 1, 0, 1, 0, 0, 1),
(120, 45, 8, 1, 0, 1, 0, 0, 1),
(121, 37, 14, 0, 0, 1, 0, 0, 1),
(122, 38, 14, 0, 0, 1, 0, 0, 1),
(123, 39, 14, 0, 0, 1, 0, 0, 1),
(124, 40, 14, 0, 0, 1, 0, 0, 1),
(125, 41, 14, 0, 0, 1, 0, 0, 1),
(126, 42, 14, 0, 0, 1, 0, 0, 1),
(127, 43, 14, 0, 0, 1, 0, 0, 1),
(128, 44, 14, 0, 0, 1, 0, 0, 1),
(129, 45, 14, 0, 0, 1, 0, 0, 1),
(130, 37, 15, 0, 0, 1, 0, 0, 1),
(131, 38, 15, 0, 0, 1, 0, 0, 1),
(132, 39, 15, 0, 0, 1, 0, 0, 1),
(133, 40, 15, 0, 0, 1, 0, 0, 1),
(134, 41, 15, 0, 0, 1, 0, 0, 1),
(135, 42, 15, 0, 0, 1, 0, 0, 1),
(136, 43, 15, 0, 0, 1, 0, 0, 1),
(137, 44, 15, 0, 0, 1, 0, 0, 1),
(138, 45, 15, 0, 0, 1, 0, 0, 1),
(139, 19, 11, 0, 0, 1, 0, 0, 1),
(140, 20, 11, 0, 0, 1, 0, 0, 1),
(141, 21, 11, 0, 0, 1, 0, 0, 1),
(142, 22, 11, 0, 0, 1, 0, 0, 1),
(143, 23, 11, 0, 0, 1, 0, 0, 1),
(144, 24, 11, 0, 0, 1, 0, 0, 1),
(145, 25, 11, 0, 0, 1, 0, 0, 1),
(146, 26, 11, 0, 0, 1, 0, 0, 1),
(147, 27, 11, 0, 0, 1, 0, 0, 1),
(148, 28, 11, 0, 0, 1, 0, 0, 1),
(149, 29, 11, 0, 0, 1, 0, 0, 1),
(150, 30, 11, 0, 0, 1, 0, 0, 1),
(151, 31, 11, 0, 0, 1, 0, 0, 1),
(152, 32, 11, 0, 0, 1, 0, 0, 1),
(153, 33, 11, 0, 0, 1, 0, 0, 1),
(154, 34, 11, 0, 0, 1, 0, 0, 1),
(155, 35, 11, 0, 0, 1, 0, 0, 1),
(156, 36, 11, 0, 0, 1, 0, 0, 1),
(157, 37, 11, 0, 0, 1, 0, 0, 1),
(158, 38, 11, 0, 0, 1, 0, 0, 1),
(159, 39, 11, 0, 0, 1, 0, 0, 1),
(160, 40, 11, 0, 0, 1, 0, 0, 1),
(161, 41, 11, 0, 0, 1, 0, 0, 1),
(162, 42, 11, 0, 0, 1, 0, 0, 1),
(163, 43, 11, 0, 0, 1, 0, 0, 1),
(164, 44, 11, 0, 0, 1, 0, 0, 1),
(165, 45, 11, 0, 0, 1, 0, 0, 1),
(166, 19, 18, 1, 1, 1, 1, 0, 1),
(167, 20, 18, 1, 1, 1, 1, 0, 1),
(168, 21, 18, 1, 1, 1, 1, 0, 1),
(169, 22, 18, 1, 1, 1, 1, 0, 1),
(170, 23, 18, 1, 1, 1, 1, 0, 1),
(171, 24, 18, 1, 1, 1, 1, 0, 1),
(172, 25, 18, 1, 1, 1, 1, 0, 1),
(173, 26, 18, 1, 1, 1, 1, 0, 1),
(174, 27, 18, 1, 1, 1, 1, 0, 1),
(175, 28, 18, 1, 1, 1, 1, 0, 1),
(176, 29, 18, 1, 1, 1, 1, 0, 1),
(177, 30, 18, 1, 1, 1, 1, 0, 1),
(178, 31, 18, 1, 1, 1, 1, 0, 1),
(179, 32, 18, 1, 1, 1, 1, 0, 1),
(180, 33, 18, 1, 1, 1, 1, 0, 1),
(181, 34, 18, 1, 1, 1, 1, 0, 1),
(182, 35, 18, 1, 1, 1, 1, 0, 1),
(183, 36, 18, 1, 1, 1, 1, 0, 1),
(184, 37, 18, 1, 1, 1, 1, 0, 1),
(185, 38, 18, 1, 1, 1, 1, 0, 1),
(186, 39, 18, 1, 1, 1, 1, 0, 1),
(187, 40, 18, 1, 1, 1, 1, 0, 1),
(188, 41, 18, 1, 1, 1, 1, 0, 1),
(189, 42, 18, 1, 1, 1, 1, 0, 1),
(190, 43, 18, 1, 1, 1, 1, 0, 1),
(191, 44, 18, 1, 1, 1, 1, 0, 1),
(192, 45, 18, 1, 1, 1, 1, 0, 1),
(193, 12, 18, 1, 1, 1, 1, 0, 1),
(194, 23, 58, 0, 1, 1, 1, 0, 1),
(195, 24, 58, 0, 1, 1, 1, 0, 1),
(196, 25, 58, 0, 1, 1, 1, 0, 1),
(197, 34, 58, 0, 1, 1, 1, 0, 1),
(198, 35, 58, 0, 1, 1, 1, 0, 1),
(199, 36, 58, 0, 1, 1, 1, 0, 1),
(200, 42, 58, 0, 1, 1, 1, 0, 1),
(201, 43, 58, 0, 1, 1, 1, 0, 1),
(202, 44, 58, 0, 1, 0, 1, 0, 0),
(203, 14, 16, 0, 0, 1, 0, 0, 1),
(204, 19, 16, 0, 0, 1, 0, 0, 1),
(205, 22, 16, 0, 0, 1, 0, 0, 1),
(207, 23, 16, 0, 0, 1, 0, 0, 1),
(208, 25, 16, 0, 0, 1, 0, 0, 1),
(209, 27, 16, 0, 0, 1, 0, 0, 1),
(210, 29, 16, 0, 0, 1, 0, 0, 1),
(211, 32, 16, 0, 0, 1, 0, 0, 1),
(212, 33, 16, 0, 0, 1, 0, 0, 1),
(213, 34, 16, 0, 0, 1, 0, 0, 1),
(214, 32, 16, 0, 0, 1, 0, 0, 1),
(215, 11, 16, 0, 0, 1, 0, 0, 1),
(216, 12, 16, 0, 0, 1, 0, 0, 1),
(217, 11, 16, 0, 0, 1, 0, 0, 1),
(218, 12, 16, 0, 0, 1, 0, 0, 1),
(219, 13, 16, 0, 0, 1, 0, 0, 1),
(220, 31, 16, 0, 0, 1, 0, 0, 1),
(221, 13, 16, 0, 0, 1, 0, 0, 1),
(222, 31, 16, 0, 0, 1, 0, 0, 1),
(223, 34, 16, 0, 0, 1, 0, 0, 1),
(224, 36, 16, 0, 0, 1, 0, 0, 1);

-- --------------------------------------------------------

--
-- Table structure for table `fls1egvn_class_subject`
--

CREATE TABLE IF NOT EXISTS `fls1egvn_class_subject` (
  `nr` int(11) NOT NULL,
  `class_nr` int(11) NOT NULL,
  `subject_nr` int(11) NOT NULL,
  `vhodno1` tinyint(1) NOT NULL,
  `klasno1` tinyint(1) NOT NULL,
  `srok1` tinyint(1) NOT NULL,
  `klasno2` tinyint(1) NOT NULL,
  `izhodno` tinyint(4) NOT NULL,
  `srok2` tinyint(1) NOT NULL,
  UNIQUE KEY `nr` (`nr`)
) ENGINE=InnoDB DEFAULT CHARSET=utf8;

--
-- Dumping data for table `fls1egvn_class_subject`
--

INSERT INTO `fls1egvn_class_subject` (`nr`, `class_nr`, `subject_nr`, `vhodno1`, `klasno1`, `srok1`, `klasno2`, `izhodno`, `srok2`) VALUES
(1, 1, 1, 1, 1, 1, 1, 1, 1),
(2, 1, 2, 0, 1, 1, 1, 1, 1),
(3, 1, 6, 1, 1, 1, 1, 1, 1),
(5, 1, 18, 0, 0, 0, 0, 1, 0),
(6, 1, 19, 1, 0, 0, 0, 1, 0),
(7, 1, 20, 0, 0, 1, 0, 0, 1),
(8, 2, 1, 1, 1, 1, 1, 1, 1),
(9, 2, 2, 0, 1, 1, 1, 1, 1),
(10, 2, 6, 1, 1, 1, 1, 1, 1),
(12, 2, 18, 0, 0, 0, 0, 1, 0),
(13, 2, 19, 1, 0, 0, 0, 1, 0),
(14, 2, 20, 0, 0, 1, 0, 0, 1),
(15, 3, 1, 1, 1, 1, 1, 1, 1),
(16, 3, 2, 0, 1, 1, 1, 1, 1),
(17, 3, 6, 1, 1, 1, 1, 1, 1),
(19, 3, 18, 0, 0, 0, 0, 1, 0),
(20, 3, 19, 1, 0, 0, 0, 1, 0),
(21, 3, 20, 0, 0, 1, 0, 0, 1),
(22, 4, 1, 1, 1, 1, 1, 1, 1),
(23, 4, 2, 0, 1, 1, 1, 1, 1),
(24, 4, 6, 1, 1, 1, 1, 1, 1),
(26, 4, 18, 0, 0, 0, 0, 1, 0),
(27, 4, 19, 1, 0, 0, 0, 1, 0),
(28, 4, 20, 0, 0, 1, 0, 0, 1),
(29, 5, 1, 1, 1, 1, 1, 1, 1),
(30, 5, 2, 0, 1, 1, 1, 1, 1),
(31, 5, 6, 1, 1, 1, 1, 1, 1),
(33, 5, 18, 0, 0, 0, 0, 1, 0),
(34, 5, 19, 1, 0, 0, 0, 1, 0),
(35, 5, 20, 0, 0, 1, 0, 0, 1),
(36, 10, 1, 1, 1, 1, 1, 1, 1),
(37, 10, 2, 1, 1, 1, 1, 1, 1),
(38, 10, 5, 0, 1, 1, 1, 1, 1),
(39, 10, 6, 1, 1, 1, 1, 1, 1),
(42, 10, 9, 1, 0, 1, 0, 1, 0),
(43, 10, 10, 1, 0, 1, 0, 1, 0),
(44, 10, 11, 0, 0, 0, 0, 1, 1),
(45, 10, 14, 0, 0, 1, 0, 1, 1),
(46, 10, 15, 1, 0, 0, 0, 1, 1),
(47, 10, 17, 1, 0, 1, 0, 1, 0),
(48, 10, 18, 0, 0, 0, 0, 1, 0),
(49, 10, 19, 1, 0, 0, 0, 1, 0),
(50, 10, 20, 0, 0, 1, 0, 0, 1),
(51, 11, 1, 1, 1, 1, 1, 1, 1),
(52, 11, 2, 1, 1, 1, 1, 1, 1),
(53, 11, 5, 0, 1, 1, 1, 1, 1),
(54, 11, 6, 1, 1, 1, 1, 1, 1),
(57, 11, 9, 1, 0, 1, 0, 1, 0),
(58, 11, 10, 1, 0, 1, 0, 1, 0),
(59, 11, 11, 0, 0, 0, 0, 1, 1),
(60, 11, 14, 0, 0, 1, 0, 1, 1),
(61, 11, 15, 1, 0, 0, 0, 1, 1),
(62, 11, 17, 1, 0, 1, 0, 1, 0),
(63, 11, 18, 0, 0, 0, 0, 1, 0),
(64, 11, 19, 1, 0, 0, 0, 1, 0),
(65, 11, 20, 0, 0, 1, 0, 0, 1),
(66, 12, 1, 1, 1, 1, 1, 1, 1),
(67, 12, 2, 1, 1, 1, 1, 1, 1),
(68, 12, 5, 0, 1, 1, 1, 1, 1),
(69, 12, 6, 1, 1, 1, 1, 1, 1),
(72, 12, 9, 1, 0, 1, 0, 1, 0),
(73, 12, 10, 1, 0, 1, 0, 1, 0),
(74, 12, 11, 0, 0, 0, 0, 1, 1),
(75, 12, 14, 0, 0, 1, 0, 1, 1),
(76, 12, 15, 1, 0, 0, 0, 1, 1),
(77, 12, 17, 1, 0, 1, 0, 1, 0),
(78, 12, 18, 0, 0, 0, 0, 1, 0),
(79, 12, 19, 1, 0, 0, 0, 1, 0),
(80, 12, 20, 0, 0, 1, 0, 0, 1),
(81, 13, 1, 1, 1, 1, 1, 1, 1),
(82, 13, 2, 1, 1, 1, 1, 1, 1),
(83, 13, 5, 0, 1, 1, 1, 1, 1),
(84, 13, 6, 1, 1, 1, 1, 1, 1),
(87, 13, 9, 1, 0, 1, 0, 1, 0),
(88, 13, 10, 1, 0, 1, 0, 1, 0),
(89, 13, 11, 0, 0, 0, 0, 1, 1),
(90, 13, 14, 0, 0, 1, 0, 1, 1),
(91, 13, 15, 1, 0, 0, 0, 1, 1),
(92, 13, 17, 1, 0, 1, 0, 1, 0),
(93, 13, 18, 0, 0, 0, 0, 1, 0),
(94, 13, 19, 1, 0, 0, 0, 1, 0),
(95, 13, 20, 0, 0, 1, 0, 0, 1),
(96, 14, 1, 1, 1, 1, 1, 1, 1),
(97, 14, 2, 1, 1, 1, 1, 1, 1),
(98, 14, 5, 0, 1, 1, 1, 1, 1),
(99, 14, 6, 1, 1, 1, 1, 1, 1),
(102, 14, 9, 1, 0, 1, 0, 1, 0),
(103, 14, 10, 1, 0, 1, 0, 1, 0),
(104, 14, 11, 0, 0, 0, 0, 1, 1),
(105, 14, 14, 0, 0, 1, 0, 1, 1),
(106, 14, 15, 1, 0, 0, 0, 1, 1),
(107, 14, 17, 1, 0, 1, 0, 1, 0),
(108, 14, 18, 0, 0, 0, 0, 1, 0),
(109, 14, 19, 1, 0, 0, 0, 1, 0),
(110, 14, 20, 0, 0, 1, 0, 0, 1),
(111, 19, 1, 1, 1, 1, 1, 1, 1),
(112, 19, 2, 1, 1, 1, 1, 1, 1),
(113, 19, 5, 1, 1, 1, 1, 1, 1),
(114, 19, 6, 1, 1, 1, 1, 1, 1),
(117, 19, 9, 1, 0, 1, 0, 1, 1),
(118, 19, 10, 1, 0, 1, 0, 1, 0),
(119, 19, 12, 0, 0, 1, 0, 1, 0),
(120, 19, 14, 1, 0, 1, 0, 1, 1),
(121, 19, 15, 1, 0, 1, 0, 1, 1),
(122, 19, 17, 1, 0, 1, 0, 1, 1),
(123, 19, 20, 0, 0, 1, 0, 0, 1),
(124, 20, 1, 1, 1, 1, 1, 1, 1),
(125, 20, 2, 1, 1, 1, 1, 1, 1),
(126, 20, 5, 1, 1, 1, 1, 1, 1),
(127, 20, 6, 1, 1, 1, 1, 1, 1),
(130, 20, 9, 1, 0, 1, 0, 1, 1),
(131, 20, 10, 1, 0, 1, 0, 1, 0),
(132, 20, 12, 0, 0, 1, 0, 1, 0),
(133, 20, 14, 1, 0, 1, 0, 1, 1),
(134, 20, 15, 1, 0, 1, 0, 1, 1),
(135, 20, 17, 1, 0, 1, 0, 1, 1),
(136, 20, 20, 0, 0, 1, 0, 0, 1),
(137, 21, 1, 1, 1, 1, 1, 1, 1),
(138, 21, 2, 1, 1, 1, 1, 1, 1),
(139, 21, 5, 1, 1, 1, 1, 1, 1),
(140, 21, 6, 1, 1, 1, 1, 1, 1),
(143, 21, 9, 1, 0, 1, 0, 1, 1),
(144, 21, 10, 1, 0, 1, 0, 1, 0),
(145, 21, 12, 0, 0, 1, 0, 1, 0),
(146, 21, 14, 1, 0, 1, 0, 1, 1),
(147, 21, 15, 1, 0, 1, 0, 1, 1),
(148, 21, 17, 1, 0, 1, 0, 1, 1),
(149, 21, 20, 0, 0, 1, 0, 0, 1),
(150, 22, 1, 1, 1, 1, 1, 1, 1),
(151, 22, 2, 1, 1, 1, 1, 1, 1),
(152, 22, 5, 1, 1, 1, 1, 1, 1),
(153, 22, 6, 1, 1, 1, 1, 1, 1),
(156, 22, 9, 1, 0, 1, 0, 1, 1),
(157, 22, 10, 1, 0, 1, 0, 1, 0),
(158, 22, 12, 0, 0, 1, 0, 1, 0),
(159, 22, 14, 1, 0, 1, 0, 1, 1),
(160, 22, 15, 1, 0, 1, 0, 1, 1),
(161, 22, 17, 1, 0, 1, 0, 1, 1),
(162, 22, 20, 0, 0, 1, 0, 0, 1),
(163, 23, 1, 1, 1, 1, 1, 1, 1),
(164, 23, 2, 1, 1, 1, 1, 1, 1),
(165, 23, 5, 1, 1, 1, 1, 1, 1),
(166, 23, 6, 1, 1, 1, 1, 1, 1),
(169, 23, 9, 1, 0, 1, 0, 1, 1),
(170, 23, 10, 1, 0, 1, 0, 1, 0),
(171, 23, 12, 0, 0, 1, 0, 1, 0),
(172, 23, 14, 1, 0, 1, 0, 1, 1),
(173, 23, 15, 1, 0, 1, 0, 1, 1),
(174, 23, 17, 1, 0, 1, 0, 1, 1),
(175, 23, 20, 0, 0, 1, 0, 0, 1),
(176, 28, 1, 1, 1, 1, 1, 1, 1),
(177, 28, 2, 1, 1, 1, 1, 1, 1),
(178, 28, 5, 1, 1, 1, 1, 1, 1),
(179, 28, 6, 1, 1, 1, 1, 1, 1),
(180, 28, 9, 1, 0, 1, 0, 1, 1),
(181, 28, 10, 1, 0, 0, 0, 1, 1),
(182, 28, 13, 0, 0, 1, 0, 0, 0),
(183, 28, 14, 1, 0, 1, 0, 1, 1),
(184, 28, 15, 1, 0, 1, 0, 1, 1),
(185, 28, 17, 1, 0, 1, 0, 1, 1),
(186, 28, 20, 0, 0, 1, 0, 0, 1),
(187, 29, 1, 1, 1, 1, 1, 1, 1),
(188, 29, 2, 1, 1, 1, 1, 1, 1),
(189, 29, 5, 1, 1, 1, 1, 1, 1),
(190, 29, 6, 1, 1, 1, 1, 1, 1),
(191, 29, 9, 1, 0, 1, 0, 1, 1),
(192, 29, 10, 1, 0, 0, 0, 1, 1),
(193, 29, 13, 0, 0, 1, 0, 0, 0),
(194, 29, 14, 1, 0, 1, 0, 1, 1),
(195, 29, 15, 1, 0, 1, 0, 1, 1),
(196, 29, 17, 1, 0, 1, 0, 1, 1),
(197, 29, 20, 0, 0, 1, 0, 0, 1),
(198, 30, 1, 1, 1, 1, 1, 1, 1),
(199, 30, 2, 1, 1, 1, 1, 1, 1),
(200, 30, 5, 1, 1, 1, 1, 1, 1),
(201, 30, 6, 1, 1, 1, 1, 1, 1),
(202, 30, 9, 1, 0, 1, 0, 1, 1),
(203, 30, 10, 1, 0, 0, 0, 1, 1),
(204, 30, 13, 0, 0, 1, 0, 0, 0),
(205, 30, 14, 1, 0, 1, 0, 1, 1),
(206, 30, 15, 1, 0, 1, 0, 1, 1),
(207, 30, 17, 1, 0, 1, 0, 1, 1),
(208, 30, 20, 0, 0, 1, 0, 0, 1),
(209, 31, 1, 1, 1, 1, 1, 1, 1),
(210, 31, 2, 1, 1, 1, 1, 1, 1),
(211, 31, 5, 1, 1, 1, 1, 1, 1),
(212, 31, 6, 1, 1, 1, 1, 1, 1),
(213, 31, 9, 1, 0, 1, 0, 1, 1),
(214, 31, 10, 1, 0, 0, 0, 1, 1),
(215, 31, 13, 0, 0, 1, 0, 0, 0),
(216, 31, 14, 1, 0, 1, 0, 1, 1),
(217, 31, 15, 1, 0, 1, 0, 1, 1),
(218, 31, 17, 1, 0, 1, 0, 1, 1),
(219, 31, 20, 0, 0, 1, 0, 0, 1),
(220, 32, 1, 1, 1, 1, 1, 1, 1),
(221, 32, 2, 1, 1, 1, 1, 1, 1),
(222, 32, 5, 1, 1, 1, 1, 1, 1),
(223, 32, 6, 1, 1, 1, 1, 1, 1),
(224, 32, 9, 1, 0, 1, 0, 1, 1),
(225, 32, 10, 1, 0, 0, 0, 1, 1),
(226, 32, 13, 0, 0, 1, 0, 0, 0),
(227, 32, 14, 1, 0, 1, 0, 1, 1),
(228, 32, 15, 1, 0, 1, 0, 1, 1),
(229, 32, 17, 1, 0, 1, 0, 1, 1),
(230, 32, 20, 0, 0, 1, 0, 0, 1),
(231, 37, 1, 1, 1, 1, 1, 1, 1),
(232, 37, 2, 1, 1, 1, 1, 1, 1),
(233, 37, 5, 1, 1, 1, 1, 1, 1),
(234, 37, 6, 1, 1, 1, 1, 0, 1),
(235, 37, 9, 1, 0, 1, 0, 0, 1),
(236, 37, 10, 1, 0, 0, 0, 0, 1),
(237, 37, 13, 0, 0, 0, 0, 0, 1),
(238, 37, 15, 1, 0, 0, 0, 0, 1),
(239, 37, 16, 0, 0, 1, 0, 0, 1),
(240, 37, 20, 0, 0, 1, 0, 0, 1),
(241, 38, 1, 1, 1, 1, 1, 1, 1),
(242, 38, 2, 1, 1, 1, 1, 1, 1),
(243, 38, 5, 1, 1, 1, 1, 1, 1),
(244, 38, 6, 1, 1, 1, 1, 0, 1),
(245, 38, 9, 1, 0, 1, 0, 0, 1),
(246, 38, 10, 1, 0, 0, 0, 0, 1),
(247, 38, 13, 0, 0, 0, 0, 0, 1),
(248, 38, 15, 1, 0, 0, 0, 0, 1),
(249, 38, 16, 0, 0, 1, 0, 0, 1),
(250, 38, 20, 0, 0, 1, 0, 0, 1),
(251, 39, 1, 1, 1, 1, 1, 1, 1),
(252, 39, 2, 1, 1, 1, 1, 1, 1),
(253, 39, 5, 1, 1, 1, 1, 1, 1),
(254, 39, 6, 1, 1, 1, 1, 0, 1),
(255, 39, 9, 1, 0, 1, 0, 0, 1),
(256, 39, 10, 1, 0, 0, 0, 0, 1),
(257, 39, 13, 0, 0, 0, 0, 0, 1),
(258, 39, 15, 1, 0, 0, 0, 0, 1),
(259, 39, 16, 0, 0, 1, 0, 0, 1),
(260, 39, 20, 0, 0, 1, 0, 0, 1),
(261, 40, 1, 1, 1, 1, 1, 1, 1),
(262, 40, 2, 1, 1, 1, 1, 1, 1),
(263, 40, 5, 1, 1, 1, 1, 1, 1),
(264, 40, 6, 1, 1, 1, 1, 0, 1),
(265, 40, 9, 1, 0, 1, 0, 0, 1),
(266, 40, 10, 1, 0, 0, 0, 0, 1),
(267, 40, 13, 0, 0, 0, 0, 0, 1),
(268, 40, 15, 1, 0, 0, 0, 0, 1),
(269, 40, 16, 0, 0, 1, 0, 0, 1),
(270, 40, 20, 0, 0, 1, 0, 0, 1),
(271, 41, 1, 1, 1, 1, 1, 1, 1),
(272, 41, 2, 1, 1, 1, 1, 1, 1),
(273, 41, 5, 1, 1, 1, 1, 1, 1),
(274, 41, 6, 1, 1, 1, 1, 0, 1),
(275, 41, 9, 1, 0, 1, 0, 0, 1),
(276, 41, 10, 1, 0, 0, 0, 0, 1),
(277, 41, 13, 0, 0, 0, 0, 0, 1),
(278, 41, 15, 1, 0, 0, 0, 0, 1),
(279, 41, 16, 0, 0, 1, 0, 0, 1),
(280, 41, 20, 0, 0, 1, 0, 0, 1),
(281, 6, 1, 1, 1, 1, 1, 1, 1),
(282, 6, 3, 0, 1, 1, 1, 1, 1),
(283, 6, 6, 1, 1, 1, 1, 1, 1),
(285, 6, 18, 0, 0, 0, 0, 1, 0),
(286, 6, 19, 1, 0, 0, 0, 1, 0),
(287, 6, 20, 0, 0, 1, 0, 0, 1),
(288, 7, 1, 1, 1, 1, 1, 1, 1),
(289, 7, 3, 0, 1, 1, 1, 1, 1),
(290, 7, 6, 1, 1, 1, 1, 1, 1),
(292, 7, 18, 0, 0, 0, 0, 1, 0),
(293, 7, 19, 1, 0, 0, 0, 1, 0),
(294, 7, 20, 0, 0, 1, 0, 0, 1),
(295, 8, 1, 1, 1, 1, 1, 1, 1),
(296, 8, 3, 0, 1, 1, 1, 1, 1),
(297, 8, 6, 1, 1, 1, 1, 1, 1),
(299, 8, 18, 0, 0, 0, 0, 1, 0),
(300, 8, 19, 1, 0, 0, 0, 1, 0),
(301, 8, 20, 0, 0, 1, 0, 0, 1),
(302, 9, 1, 1, 1, 1, 1, 1, 1),
(303, 9, 3, 0, 1, 1, 1, 1, 1),
(304, 9, 6, 1, 1, 1, 1, 1, 1),
(306, 9, 18, 0, 0, 0, 0, 1, 0),
(307, 9, 19, 1, 0, 0, 0, 1, 0),
(308, 9, 20, 0, 0, 1, 0, 0, 1),
(309, 15, 1, 1, 1, 1, 1, 1, 1),
(310, 15, 3, 1, 1, 1, 1, 1, 1),
(311, 15, 4, 1, 1, 1, 1, 1, 1),
(312, 15, 6, 1, 1, 1, 1, 1, 1),
(315, 15, 9, 1, 0, 1, 0, 1, 0),
(316, 15, 10, 1, 0, 1, 0, 1, 0),
(317, 15, 11, 0, 0, 0, 0, 1, 1),
(318, 15, 14, 0, 0, 1, 0, 1, 1),
(319, 15, 15, 1, 0, 0, 0, 1, 1),
(320, 15, 17, 1, 0, 1, 0, 1, 0),
(321, 15, 18, 0, 0, 0, 0, 1, 0),
(322, 15, 19, 1, 0, 0, 0, 1, 0),
(323, 15, 20, 0, 0, 1, 0, 0, 1),
(324, 16, 1, 1, 1, 1, 1, 1, 1),
(325, 16, 3, 1, 1, 1, 1, 1, 1),
(326, 16, 4, 1, 1, 1, 1, 1, 1),
(327, 16, 6, 1, 1, 1, 1, 1, 1),
(330, 16, 9, 1, 0, 1, 0, 1, 0),
(331, 16, 10, 1, 0, 1, 0, 1, 0),
(332, 16, 11, 0, 0, 0, 0, 1, 1),
(333, 16, 14, 0, 0, 1, 0, 1, 1),
(334, 16, 15, 1, 0, 0, 0, 1, 1),
(335, 16, 17, 1, 0, 1, 0, 1, 0),
(336, 16, 18, 0, 0, 0, 0, 1, 0),
(337, 16, 19, 1, 0, 0, 0, 1, 0),
(338, 16, 20, 0, 0, 1, 0, 0, 1),
(339, 17, 1, 1, 1, 1, 1, 1, 1),
(340, 17, 3, 1, 1, 1, 1, 1, 1),
(341, 17, 4, 1, 1, 1, 1, 1, 1),
(342, 17, 6, 1, 1, 1, 1, 1, 1),
(345, 17, 9, 1, 0, 1, 0, 1, 0),
(346, 17, 10, 1, 0, 1, 0, 1, 0),
(347, 17, 11, 0, 0, 0, 0, 1, 1),
(348, 17, 14, 0, 0, 1, 0, 1, 1),
(349, 17, 15, 1, 0, 0, 0, 1, 1),
(350, 17, 17, 1, 0, 1, 0, 1, 0),
(351, 17, 18, 0, 0, 0, 0, 1, 0),
(352, 17, 19, 1, 0, 0, 0, 1, 0),
(353, 17, 20, 0, 0, 1, 0, 0, 1),
(354, 18, 1, 1, 1, 1, 1, 1, 1),
(355, 18, 3, 1, 1, 1, 1, 1, 1),
(356, 18, 4, 1, 1, 1, 1, 1, 1),
(357, 18, 6, 1, 1, 1, 1, 1, 1),
(360, 18, 9, 1, 0, 1, 0, 1, 0),
(361, 18, 10, 1, 0, 1, 0, 1, 0),
(362, 18, 11, 0, 0, 0, 0, 1, 1),
(363, 18, 14, 0, 0, 1, 0, 1, 1),
(364, 18, 15, 1, 0, 0, 0, 1, 1),
(365, 18, 17, 1, 0, 1, 0, 1, 0),
(366, 18, 18, 0, 0, 0, 0, 1, 0),
(367, 18, 19, 1, 0, 0, 0, 1, 0),
(368, 18, 20, 0, 0, 1, 0, 0, 1),
(369, 24, 1, 1, 1, 1, 1, 1, 1),
(370, 24, 3, 1, 1, 1, 1, 1, 1),
(371, 24, 4, 1, 1, 1, 1, 1, 1),
(372, 24, 6, 1, 1, 1, 1, 1, 1),
(375, 24, 9, 1, 0, 1, 0, 1, 1),
(376, 24, 10, 1, 0, 1, 0, 1, 0),
(377, 24, 12, 0, 0, 1, 0, 1, 0),
(378, 24, 14, 1, 0, 1, 0, 1, 1),
(379, 24, 15, 1, 0, 1, 0, 1, 1),
(380, 24, 17, 1, 0, 1, 0, 1, 1),
(381, 24, 20, 0, 0, 1, 0, 0, 1),
(382, 25, 1, 1, 1, 1, 1, 1, 1),
(383, 25, 3, 1, 1, 1, 1, 1, 1),
(384, 25, 4, 1, 1, 1, 1, 1, 1),
(385, 25, 6, 1, 1, 1, 1, 1, 1),
(388, 25, 9, 1, 0, 1, 0, 1, 1),
(389, 25, 10, 1, 0, 1, 0, 1, 0),
(390, 25, 12, 0, 0, 1, 0, 1, 0),
(391, 25, 14, 1, 0, 1, 0, 1, 1),
(392, 25, 15, 1, 0, 1, 0, 1, 1),
(393, 25, 17, 1, 0, 1, 0, 1, 1),
(394, 25, 20, 0, 0, 1, 0, 0, 1),
(395, 26, 1, 1, 1, 1, 1, 1, 1),
(396, 26, 3, 1, 1, 1, 1, 1, 1),
(397, 26, 4, 1, 1, 1, 1, 1, 1),
(398, 26, 6, 1, 1, 1, 1, 1, 1),
(401, 26, 9, 1, 0, 1, 0, 1, 1),
(402, 26, 10, 1, 0, 1, 0, 1, 0),
(403, 26, 12, 0, 0, 1, 0, 1, 0),
(404, 26, 14, 1, 0, 1, 0, 1, 1),
(405, 26, 15, 1, 0, 1, 0, 1, 1),
(406, 26, 17, 1, 0, 1, 0, 1, 1),
(407, 26, 20, 0, 0, 1, 0, 0, 1),
(408, 27, 1, 1, 1, 1, 1, 1, 1),
(409, 27, 3, 1, 1, 1, 1, 1, 1),
(410, 27, 4, 1, 1, 1, 1, 1, 1),
(411, 27, 6, 1, 1, 1, 1, 1, 1),
(414, 27, 9, 1, 0, 1, 0, 1, 1),
(415, 27, 10, 1, 0, 1, 0, 1, 0),
(416, 27, 12, 0, 0, 1, 0, 1, 0),
(417, 27, 14, 1, 0, 1, 0, 1, 1),
(418, 27, 15, 1, 0, 1, 0, 1, 1),
(419, 27, 17, 1, 0, 1, 0, 1, 1),
(420, 27, 20, 0, 0, 1, 0, 0, 1),
(421, 33, 1, 1, 1, 1, 1, 1, 1),
(422, 33, 3, 1, 1, 1, 1, 1, 1),
(423, 33, 4, 1, 1, 1, 1, 1, 1),
(424, 33, 6, 1, 1, 1, 1, 1, 1),
(425, 33, 9, 1, 0, 1, 0, 1, 1),
(426, 33, 10, 1, 0, 0, 0, 1, 1),
(427, 33, 13, 0, 0, 1, 0, 0, 0),
(428, 33, 14, 1, 0, 1, 0, 1, 1),
(429, 33, 15, 1, 0, 1, 0, 1, 1),
(430, 33, 17, 1, 0, 1, 0, 1, 1),
(431, 33, 20, 0, 0, 1, 0, 0, 1),
(432, 34, 1, 1, 1, 1, 1, 1, 1),
(433, 34, 3, 1, 1, 1, 1, 1, 1),
(434, 34, 4, 1, 1, 1, 1, 1, 1),
(435, 34, 6, 1, 1, 1, 1, 1, 1),
(436, 34, 9, 1, 0, 1, 0, 1, 1),
(437, 34, 10, 1, 0, 0, 0, 1, 1),
(438, 34, 13, 0, 0, 1, 0, 0, 0),
(439, 34, 14, 1, 0, 1, 0, 1, 1),
(440, 34, 15, 1, 0, 1, 0, 1, 1),
(441, 34, 17, 1, 0, 1, 0, 1, 1),
(442, 34, 20, 0, 0, 1, 0, 0, 1),
(443, 35, 1, 1, 1, 1, 1, 1, 1),
(444, 35, 3, 1, 1, 1, 1, 1, 1),
(445, 35, 4, 1, 1, 1, 1, 1, 1),
(446, 35, 6, 1, 1, 1, 1, 1, 1),
(447, 35, 9, 1, 0, 1, 0, 1, 1),
(448, 35, 10, 1, 0, 0, 0, 1, 1),
(449, 35, 13, 0, 0, 1, 0, 0, 0),
(450, 35, 14, 1, 0, 1, 0, 1, 1),
(451, 35, 15, 1, 0, 1, 0, 1, 1),
(452, 35, 17, 1, 0, 1, 0, 1, 1),
(453, 35, 20, 0, 0, 1, 0, 0, 1),
(454, 36, 1, 1, 1, 1, 1, 1, 1),
(455, 36, 3, 1, 1, 1, 1, 1, 1),
(456, 36, 4, 1, 1, 1, 1, 1, 1),
(457, 36, 6, 1, 1, 1, 1, 1, 1),
(458, 36, 9, 1, 0, 1, 0, 1, 1),
(459, 36, 10, 1, 0, 0, 0, 1, 1),
(460, 36, 13, 0, 0, 1, 0, 0, 0),
(461, 36, 14, 1, 0, 1, 0, 1, 1),
(462, 36, 15, 1, 0, 1, 0, 1, 1),
(463, 36, 17, 1, 0, 1, 0, 1, 1),
(464, 36, 20, 0, 0, 1, 0, 0, 1),
(465, 42, 1, 1, 1, 1, 1, 1, 1),
(466, 42, 3, 1, 1, 1, 1, 1, 1),
(467, 42, 4, 1, 1, 1, 1, 1, 1),
(468, 42, 6, 1, 1, 1, 1, 0, 1),
(469, 42, 9, 1, 0, 1, 0, 0, 1),
(470, 42, 10, 1, 0, 0, 0, 0, 1),
(471, 42, 13, 0, 0, 0, 0, 0, 1),
(472, 42, 15, 1, 0, 0, 0, 0, 1),
(473, 42, 16, 0, 0, 1, 0, 0, 1),
(474, 42, 20, 0, 0, 1, 0, 0, 1),
(475, 43, 1, 1, 1, 1, 1, 1, 1),
(476, 43, 3, 1, 1, 1, 1, 1, 1),
(477, 43, 4, 1, 1, 1, 1, 1, 1),
(478, 43, 6, 1, 1, 1, 1, 0, 1),
(479, 43, 9, 1, 0, 1, 0, 0, 1),
(480, 43, 10, 1, 0, 0, 0, 0, 1),
(481, 43, 13, 0, 0, 0, 0, 0, 1),
(482, 43, 15, 1, 0, 0, 0, 0, 1),
(483, 43, 16, 0, 0, 1, 0, 0, 1),
(484, 43, 20, 0, 0, 1, 0, 0, 1),
(485, 44, 1, 1, 1, 1, 1, 1, 1),
(486, 44, 3, 1, 1, 1, 1, 1, 1),
(487, 44, 4, 1, 1, 1, 1, 1, 1),
(488, 44, 6, 1, 1, 1, 1, 0, 1),
(489, 44, 9, 1, 0, 1, 0, 0, 1),
(490, 44, 10, 1, 0, 0, 0, 0, 1),
(491, 44, 13, 0, 0, 0, 0, 0, 1),
(492, 44, 15, 1, 0, 0, 0, 0, 1),
(493, 44, 16, 0, 0, 1, 0, 0, 1),
(494, 44, 20, 0, 0, 1, 0, 0, 1),
(495, 45, 1, 1, 1, 1, 1, 1, 1),
(496, 45, 3, 1, 1, 1, 1, 1, 1),
(497, 45, 4, 1, 1, 1, 1, 1, 1),
(498, 45, 6, 1, 1, 1, 1, 0, 1),
(499, 45, 9, 1, 0, 1, 0, 0, 1),
(500, 45, 10, 1, 0, 0, 0, 0, 1),
(501, 45, 13, 0, 0, 0, 0, 0, 1),
(502, 45, 15, 1, 0, 0, 0, 0, 1),
(503, 45, 16, 0, 0, 1, 0, 0, 1),
(504, 45, 20, 0, 0, 1, 0, 0, 1);

-- --------------------------------------------------------

--
-- Table structure for table `fls1egvn_grades`
--

CREATE TABLE IF NOT EXISTS `fls1egvn_grades` (
  `nr` int(11) NOT NULL AUTO_INCREMENT,
  `class_nr` smallint(6) NOT NULL,
  `t_nr` int(4) NOT NULL,
  `subject_nr` smallint(6) NOT NULL,
  `act_nr` smallint(6) NOT NULL,
  `sixes` smallint(6) NOT NULL,
  `fives` smallint(6) NOT NULL,
  `fours` smallint(6) NOT NULL,
  `threes` smallint(6) NOT NULL,
  `twos` smallint(6) NOT NULL,
  `not_ex` smallint(6) NOT NULL,
  `free` smallint(6) NOT NULL DEFAULT '0',
  PRIMARY KEY (`nr`)
) ENGINE=InnoDB  DEFAULT CHARSET=utf8 AUTO_INCREMENT=1171 ;

--
-- Dumping data for table `fls1egvn_grades`
--

INSERT INTO `fls1egvn_grades` (`nr`, `class_nr`, `t_nr`, `subject_nr`, `act_nr`, `sixes`, `fives`, `fours`, `threes`, `twos`, `not_ex`, `free`) VALUES
(1, 22, 66, 15, 1, 4, 2, 10, 5, 4, 1, 0),
(2, 23, 66, 15, 1, 2, 6, 8, 6, 5, 0, 0),
(3, 24, 66, 15, 1, 9, 6, 8, 3, 0, 1, 0),
(4, 25, 66, 15, 1, 7, 7, 9, 2, 1, 1, 0),
(5, 37, 66, 15, 1, 4, 10, 6, 3, 0, 2, 0),
(6, 38, 66, 15, 1, 3, 8, 1, 4, 4, 4, 0),
(7, 39, 66, 15, 1, 6, 8, 5, 0, 0, 5, 0),
(8, 40, 66, 15, 1, 3, 7, 6, 2, 3, 4, 0),
(9, 41, 66, 15, 1, 0, 7, 12, 5, 0, 1, 0),
(10, 17, 87, 4, 1, 9, 15, 3, 0, 1, 0, 0),
(11, 18, 87, 4, 1, 14, 9, 2, 0, 0, 0, 0),
(12, 34, 87, 4, 1, 10, 13, 2, 1, 0, 0, 0),
(13, 35, 87, 4, 1, 4, 18, 3, 0, 0, 0, 0),
(14, 36, 87, 4, 1, 3, 18, 5, 0, 0, 0, 0),
(15, 13, 23, 2, 1, 0, 13, 11, 3, 1, 0, 0),
(16, 14, 23, 2, 1, 7, 11, 4, 1, 2, 3, 0),
(17, 15, 23, 4, 1, 16, 7, 1, 0, 0, 4, 0),
(18, 16, 23, 4, 1, 9, 7, 6, 0, 0, 2, 0),
(19, 22, 64, 14, 1, 7, 9, 4, 3, 2, 1, 0),
(20, 24, 64, 14, 1, 8, 8, 4, 5, 2, 0, 0),
(21, 29, 64, 14, 1, 3, 5, 6, 6, 6, 0, 0),
(22, 34, 64, 14, 1, 11, 11, 1, 0, 3, 0, 0),
(23, 30, 64, 14, 1, 5, 9, 1, 5, 4, 0, 0),
(24, 19, 44, 6, 1, 1, 4, 12, 5, 2, 3, 0),
(25, 20, 44, 6, 1, 3, 6, 10, 8, 0, 0, 0),
(26, 24, 44, 6, 1, 6, 9, 10, 1, 0, 1, 0),
(27, 25, 44, 6, 1, 2, 7, 5, 7, 3, 3, 0),
(28, 28, 44, 6, 1, 0, 4, 11, 7, 0, 4, 0),
(29, 29, 44, 6, 1, 1, 6, 11, 2, 4, 2, 0),
(30, 30, 44, 6, 1, 1, 9, 4, 2, 6, 2, 0),
(31, 24, 68, 17, 1, 4, 8, 5, 2, 8, 0, 0),
(32, 26, 68, 17, 1, 9, 7, 6, 2, 3, 0, 0),
(33, 27, 68, 17, 1, 3, 6, 8, 6, 4, 0, 0),
(34, 34, 68, 17, 1, 1, 7, 12, 3, 3, 0, 0),
(35, 35, 68, 17, 1, 6, 6, 6, 7, 0, 0, 0),
(36, 36, 68, 17, 1, 2, 2, 8, 12, 2, 0, 0),
(37, 10, 66, 15, 1, 3, 17, 6, 0, 0, 1, 0),
(38, 11, 66, 15, 1, 4, 13, 11, 0, 0, 0, 0),
(39, 12, 66, 15, 1, 2, 13, 10, 2, 0, 1, 0),
(40, 17, 66, 15, 1, 5, 15, 6, 0, 0, 2, 0),
(41, 18, 66, 15, 1, 5, 17, 2, 0, 0, 1, 0),
(42, 1, 49, 33, 1, 6, 7, 0, 0, 0, 0, 0),
(43, 6, 49, 33, 1, 8, 5, 0, 0, 0, 0, 0),
(44, 7, 49, 33, 1, 8, 2, 1, 1, 0, 1, 0),
(45, 8, 49, 33, 1, 9, 2, 0, 1, 0, 1, 0),
(46, 19, 49, 33, 1, 8, 5, 0, 0, 0, 0, 0),
(47, 20, 49, 33, 1, 13, 1, 0, 0, 0, 0, 0),
(48, 23, 49, 33, 1, 8, 3, 2, 0, 0, 0, 0),
(49, 24, 49, 33, 1, 12, 1, 0, 0, 0, 0, 0),
(50, 25, 49, 33, 1, 11, 2, 0, 0, 0, 0, 0),
(51, 26, 49, 33, 1, 13, 0, 0, 0, 0, 0, 0),
(52, 27, 49, 33, 1, 12, 1, 0, 0, 0, 0, 0),
(53, 42, 49, 22, 1, 1, 0, 0, 0, 0, 0, 0),
(54, 43, 49, 22, 1, 5, 1, 0, 0, 0, 0, 0),
(55, 44, 49, 22, 1, 6, 0, 0, 0, 0, 0, 0),
(56, 20, 26, 2, 1, 0, 12, 13, 1, 1, 0, 0),
(57, 21, 26, 2, 1, 0, 10, 13, 1, 2, 1, 0),
(58, 24, 26, 4, 1, 20, 7, 0, 0, 0, 0, 0),
(59, 25, 26, 4, 1, 22, 4, 0, 0, 0, 0, 0),
(60, 37, 52, 22, 1, 9, 0, 0, 0, 0, 0, 0),
(61, 42, 52, 22, 1, 1, 0, 0, 0, 0, 0, 0),
(62, 44, 52, 22, 1, 1, 0, 0, 0, 0, 0, 0),
(63, 39, 52, 28, 1, 2, 0, 1, 0, 0, 0, 0),
(64, 42, 52, 28, 1, 6, 0, 1, 1, 0, 0, 0),
(65, 10, 52, 33, 1, 0, 4, 9, 11, 2, 1, 0),
(66, 15, 52, 33, 1, 1, 2, 4, 5, 2, 0, 0),
(67, 16, 52, 33, 1, 0, 0, 7, 3, 1, 1, 0),
(68, 17, 52, 33, 1, 0, 4, 8, 2, 0, 0, 0),
(69, 25, 63, 14, 1, 16, 7, 1, 1, 0, 1, 0),
(70, 26, 63, 14, 1, 21, 2, 2, 0, 0, 2, 0),
(71, 27, 63, 14, 1, 18, 8, 0, 1, 0, 0, 0),
(72, 33, 63, 14, 1, 9, 7, 7, 1, 2, 0, 0),
(73, 35, 63, 14, 1, 11, 8, 2, 1, 1, 2, 0),
(74, 36, 63, 14, 1, 9, 4, 6, 3, 1, 3, 0),
(75, 17, 68, 17, 1, 3, 3, 11, 10, 1, 0, 0),
(76, 18, 68, 17, 1, 3, 3, 12, 7, 0, 0, 0),
(77, 25, 68, 17, 1, 7, 4, 5, 6, 4, 0, 0),
(78, 33, 68, 17, 1, 5, 7, 9, 3, 2, 0, 0),
(79, 31, 91, 5, 1, 2, 11, 9, 1, 0, 1, 0),
(80, 38, 91, 5, 1, 1, 6, 6, 3, 3, 5, 0),
(81, 37, 21, 2, 1, 13, 9, 1, 0, 2, 0, 0),
(82, 38, 21, 2, 1, 15, 9, 0, 0, 0, 0, 0),
(83, 39, 21, 2, 1, 17, 3, 1, 0, 3, 0, 0),
(84, 45, 21, 4, 1, 3, 10, 7, 1, 3, 0, 0),
(85, 38, 51, 22, 1, 10, 0, 0, 0, 0, 0, 0),
(86, 44, 51, 22, 1, 4, 0, 0, 0, 0, 0, 0),
(87, 42, 51, 28, 1, 1, 0, 0, 0, 0, 0, 0),
(88, 43, 51, 28, 1, 10, 0, 0, 0, 0, 0, 0),
(89, 44, 51, 28, 1, 3, 0, 0, 0, 0, 0, 0),
(90, 11, 51, 33, 1, 28, 0, 0, 0, 0, 0, 0),
(91, 12, 51, 33, 1, 28, 0, 0, 0, 0, 0, 0),
(92, 13, 51, 33, 1, 28, 0, 0, 0, 0, 0, 0),
(93, 19, 62, 14, 1, 4, 4, 5, 7, 7, 0, 0),
(94, 20, 62, 14, 1, 2, 2, 6, 8, 9, 0, 0),
(95, 21, 62, 14, 1, 2, 3, 6, 9, 6, 1, 0),
(96, 23, 62, 14, 1, 2, 1, 4, 11, 9, 0, 0),
(97, 28, 62, 14, 1, 2, 4, 14, 4, 2, 0, 0),
(98, 31, 62, 14, 1, 3, 7, 2, 7, 5, 0, 0),
(99, 32, 62, 14, 1, 4, 3, 9, 4, 2, 1, 0),
(100, 1, 70, 19, 1, 2, 14, 8, 0, 0, 2, 0),
(101, 2, 70, 19, 1, 7, 12, 7, 0, 0, 1, 0),
(102, 3, 70, 19, 1, 5, 12, 11, 0, 0, 0, 0),
(103, 4, 70, 19, 1, 6, 12, 9, 0, 0, 0, 0),
(104, 5, 70, 19, 1, 5, 16, 3, 0, 0, 2, 0),
(105, 6, 70, 19, 1, 8, 11, 7, 0, 0, 1, 0),
(106, 7, 70, 19, 1, 3, 21, 2, 0, 0, 0, 0),
(107, 8, 70, 19, 1, 7, 17, 3, 0, 0, 0, 0),
(108, 9, 70, 19, 1, 4, 18, 3, 0, 0, 2, 0),
(109, 10, 70, 19, 1, 6, 17, 4, 0, 0, 0, 0),
(110, 11, 70, 19, 1, 9, 14, 4, 0, 0, 1, 0),
(111, 12, 70, 19, 1, 3, 17, 6, 0, 0, 2, 0),
(112, 13, 70, 19, 1, 7, 15, 6, 0, 0, 0, 0),
(113, 14, 70, 19, 1, 2, 16, 7, 0, 0, 3, 0),
(114, 15, 70, 19, 1, 7, 9, 11, 0, 0, 1, 0),
(115, 16, 70, 19, 1, 6, 10, 7, 0, 0, 1, 0),
(116, 17, 70, 19, 1, 8, 14, 4, 0, 0, 2, 0),
(117, 18, 70, 19, 1, 11, 13, 0, 0, 0, 1, 0),
(118, 16, 30, 3, 6, 0, 5, 6, 3, 10, 0, 0),
(119, 17, 30, 3, 6, 2, 2, 11, 2, 10, 1, 0),
(120, 18, 52, 33, 1, 0, 3, 5, 4, 0, 1, 0),
(121, 21, 52, 33, 1, 8, 3, 1, 0, 0, 0, 0),
(122, 22, 52, 33, 1, 5, 3, 2, 3, 0, 0, 0),
(123, 23, 52, 33, 1, 6, 3, 3, 1, 0, 1, 0),
(124, 21, 52, 32, 1, 5, 5, 2, 0, 0, 0, 0),
(125, 22, 52, 32, 1, 5, 3, 2, 3, 0, 0, 0),
(126, 23, 52, 32, 1, 4, 4, 0, 4, 2, 0, 0),
(127, 26, 67, 15, 1, 16, 4, 3, 3, 0, 1, 0),
(128, 27, 67, 15, 1, 19, 3, 4, 1, 0, 0, 0),
(129, 28, 67, 15, 1, 3, 1, 6, 5, 7, 4, 0),
(130, 29, 67, 15, 1, 3, 3, 6, 9, 3, 2, 0),
(131, 30, 67, 15, 1, 5, 3, 3, 7, 3, 3, 0),
(132, 31, 67, 15, 1, 0, 4, 6, 5, 5, 4, 0),
(133, 32, 67, 15, 1, 2, 1, 5, 12, 2, 1, 0),
(134, 33, 67, 15, 1, 7, 5, 7, 4, 1, 2, 0),
(135, 34, 67, 15, 1, 6, 6, 6, 4, 1, 3, 0),
(136, 13, 65, 15, 1, 4, 5, 10, 5, 2, 2, 0),
(137, 15, 65, 15, 1, 5, 16, 3, 1, 0, 3, 0),
(138, 16, 65, 15, 1, 3, 16, 3, 1, 0, 1, 0),
(139, 19, 65, 15, 1, 6, 8, 7, 1, 2, 3, 0),
(140, 20, 65, 15, 1, 4, 13, 9, 1, 0, 0, 0),
(141, 21, 65, 15, 1, 5, 10, 4, 5, 2, 1, 0),
(142, 35, 65, 15, 1, 5, 15, 3, 0, 0, 2, 0),
(143, 36, 65, 15, 1, 0, 6, 15, 2, 1, 2, 0),
(144, 42, 65, 15, 1, 8, 8, 5, 0, 0, 2, 0),
(145, 43, 65, 15, 1, 14, 10, 1, 0, 0, 1, 0),
(146, 44, 65, 15, 1, 1, 19, 4, 0, 0, 2, 0),
(147, 45, 65, 15, 1, 14, 5, 1, 2, 1, 1, 0),
(148, 14, 65, 15, 1, 2, 8, 8, 5, 0, 5, 0),
(149, 25, 57, 9, 1, 13, 7, 5, 1, 0, 0, 0),
(150, 26, 57, 9, 1, 15, 7, 5, 0, 0, 0, 0),
(151, 27, 57, 9, 1, 15, 8, 4, 0, 0, 0, 0),
(152, 29, 57, 9, 1, 6, 10, 7, 3, 0, 0, 0),
(153, 31, 57, 9, 1, 14, 3, 4, 3, 0, 0, 0),
(154, 30, 57, 9, 1, 8, 8, 5, 3, 0, 0, 0),
(155, 32, 57, 9, 1, 6, 5, 5, 6, 1, 0, 0),
(156, 15, 57, 9, 1, 13, 6, 4, 2, 3, 0, 0),
(157, 17, 57, 9, 1, 15, 7, 5, 1, 0, 0, 0),
(158, 18, 57, 9, 1, 18, 4, 1, 2, 0, 0, 0),
(159, 16, 57, 9, 1, 9, 7, 6, 2, 0, 0, 0),
(160, 5, 42, 6, 1, 1, 4, 11, 10, 0, 0, 0),
(161, 6, 42, 6, 1, 4, 10, 8, 5, 0, 0, 0),
(162, 8, 42, 6, 1, 3, 6, 11, 6, 1, 0, 0),
(163, 31, 42, 6, 1, 1, 2, 15, 4, 2, 0, 0),
(164, 34, 42, 6, 1, 11, 8, 6, 0, 1, 0, 0),
(165, 35, 42, 6, 1, 5, 12, 5, 1, 2, 0, 0),
(166, 36, 42, 6, 1, 4, 5, 9, 6, 2, 0, 0),
(167, 19, 69, 17, 1, 0, 3, 6, 7, 11, 0, 0),
(168, 20, 69, 17, 1, 1, 5, 5, 6, 7, 3, 0),
(169, 21, 69, 17, 1, 0, 2, 4, 12, 8, 1, 0),
(170, 22, 69, 17, 1, 0, 1, 2, 7, 13, 3, 0),
(171, 23, 69, 17, 1, 0, 2, 9, 9, 4, 3, 0),
(172, 28, 69, 17, 1, 4, 5, 8, 5, 4, 0, 0),
(173, 29, 69, 17, 1, 2, 11, 7, 2, 2, 2, 0),
(174, 30, 69, 17, 1, 5, 2, 5, 3, 4, 5, 0),
(175, 31, 69, 17, 1, 1, 2, 4, 7, 8, 2, 0),
(176, 32, 69, 17, 1, 3, 6, 1, 2, 8, 3, 0),
(177, 39, 47, 22, 1, 7, 1, 0, 0, 0, 0, 0),
(178, 42, 47, 22, 1, 2, 2, 0, 0, 0, 0, 0),
(179, 37, 47, 28, 1, 7, 0, 0, 0, 0, 0, 0),
(180, 38, 47, 28, 1, 0, 1, 0, 0, 0, 0, 0),
(181, 41, 47, 28, 1, 5, 1, 0, 0, 0, 0, 0),
(182, 1, 47, 33, 1, 13, 0, 0, 0, 0, 0, 0),
(183, 2, 47, 33, 1, 6, 7, 0, 0, 0, 0, 0),
(184, 3, 47, 33, 1, 13, 1, 0, 0, 0, 0, 0),
(185, 4, 47, 33, 1, 10, 3, 0, 0, 0, 0, 0),
(186, 5, 47, 33, 1, 12, 1, 0, 0, 0, 0, 0),
(187, 9, 47, 33, 1, 13, 0, 0, 0, 0, 0, 0),
(188, 38, 50, 22, 1, 2, 0, 0, 0, 0, 0, 0),
(189, 40, 50, 22, 1, 5, 0, 0, 0, 0, 0, 0),
(190, 41, 50, 22, 1, 4, 0, 0, 0, 0, 0, 0),
(191, 44, 50, 22, 1, 2, 0, 0, 0, 0, 0, 0),
(192, 38, 50, 28, 1, 3, 0, 0, 0, 0, 0, 0),
(193, 40, 50, 28, 1, 2, 0, 0, 0, 0, 0, 0),
(194, 45, 50, 28, 1, 6, 1, 0, 0, 0, 0, 0),
(195, 19, 50, 33, 1, 2, 8, 4, 0, 0, 0, 0),
(196, 20, 50, 33, 1, 3, 5, 5, 0, 0, 0, 0),
(197, 21, 50, 33, 1, 11, 2, 1, 0, 0, 0, 0),
(198, 22, 50, 33, 1, 5, 8, 0, 0, 0, 0, 0),
(199, 24, 50, 33, 1, 11, 2, 0, 0, 0, 1, 0),
(200, 26, 50, 33, 1, 12, 0, 1, 0, 0, 1, 0),
(201, 27, 50, 33, 1, 13, 1, 0, 0, 0, 0, 0),
(202, 25, 50, 33, 1, 7, 6, 0, 0, 0, 0, 0),
(203, 19, 50, 32, 1, 4, 3, 4, 3, 0, 0, 0),
(204, 20, 50, 32, 1, 5, 4, 3, 0, 0, 1, 0),
(205, 21, 50, 32, 1, 5, 7, 2, 0, 0, 0, 0),
(206, 22, 50, 32, 1, 3, 7, 1, 1, 1, 0, 0),
(207, 24, 50, 32, 1, 11, 0, 0, 3, 0, 0, 0),
(208, 25, 50, 32, 1, 9, 4, 0, 0, 0, 0, 0),
(209, 26, 50, 32, 1, 9, 3, 0, 2, 0, 0, 0),
(210, 27, 50, 32, 1, 11, 2, 0, 0, 0, 1, 0),
(211, 24, 58, 10, 1, 8, 8, 6, 3, 1, 1, 0),
(212, 26, 58, 10, 1, 14, 3, 8, 1, 0, 1, 0),
(213, 27, 58, 10, 1, 7, 11, 7, 1, 1, 0, 0),
(214, 36, 58, 10, 1, 7, 12, 5, 0, 0, 2, 0),
(215, 37, 58, 10, 1, 16, 5, 0, 0, 0, 4, 0),
(216, 38, 58, 10, 1, 10, 8, 0, 0, 0, 6, 0),
(217, 40, 58, 10, 1, 18, 4, 0, 0, 0, 3, 0),
(218, 41, 58, 10, 1, 22, 2, 0, 0, 0, 1, 0),
(219, 42, 58, 10, 1, 8, 8, 2, 1, 0, 4, 0),
(220, 43, 58, 10, 1, 5, 16, 2, 0, 0, 3, 0),
(221, 44, 58, 10, 1, 6, 10, 7, 3, 0, 0, 0),
(222, 45, 58, 10, 1, 5, 7, 9, 1, 0, 2, 0),
(223, 25, 58, 10, 1, 7, 11, 4, 3, 0, 1, 0),
(224, 39, 58, 10, 1, 15, 0, 0, 0, 0, 9, 0),
(225, 20, 34, 5, 1, 6, 11, 8, 0, 0, 2, 0),
(226, 23, 34, 5, 1, 4, 14, 7, 1, 1, 0, 0),
(227, 10, 53, 9, 1, 6, 6, 10, 4, 1, 0, 0),
(228, 11, 53, 9, 1, 10, 7, 7, 3, 1, 0, 0),
(229, 12, 53, 9, 1, 4, 5, 10, 5, 3, 1, 0),
(230, 13, 53, 9, 1, 4, 7, 6, 7, 2, 2, 0),
(231, 14, 53, 9, 1, 7, 3, 3, 8, 5, 2, 0),
(232, 19, 53, 9, 1, 4, 7, 5, 8, 2, 1, 0),
(233, 21, 53, 9, 1, 8, 6, 8, 2, 2, 1, 0),
(234, 22, 53, 9, 1, 3, 2, 6, 11, 3, 1, 0),
(235, 23, 53, 9, 1, 3, 4, 6, 10, 3, 1, 0),
(236, 24, 53, 9, 1, 9, 7, 5, 4, 0, 2, 0),
(237, 20, 53, 9, 1, 13, 4, 5, 5, 0, 0, 0),
(238, 28, 3, 5, 1, 13, 12, 1, 0, 0, 0, 0),
(239, 30, 3, 5, 1, 12, 10, 2, 0, 0, 0, 0),
(240, 2, 48, 33, 1, 4, 7, 0, 0, 0, 3, 0),
(241, 3, 48, 33, 1, 3, 7, 0, 0, 0, 4, 0),
(242, 4, 48, 33, 1, 6, 3, 0, 0, 0, 5, 0),
(243, 5, 48, 33, 1, 2, 7, 1, 0, 0, 3, 0),
(244, 6, 48, 33, 1, 3, 7, 1, 0, 0, 2, 0),
(245, 7, 48, 33, 1, 6, 6, 0, 0, 0, 1, 0),
(246, 8, 48, 33, 1, 3, 5, 1, 0, 0, 5, 0),
(247, 9, 48, 33, 1, 7, 4, 1, 0, 0, 2, 0),
(248, 38, 48, 22, 1, 3, 0, 0, 0, 0, 0, 0),
(249, 39, 48, 22, 1, 2, 0, 0, 0, 0, 0, 0),
(250, 41, 48, 22, 1, 1, 0, 0, 0, 0, 0, 0),
(251, 43, 48, 22, 1, 5, 0, 0, 0, 0, 0, 0),
(252, 45, 48, 22, 1, 3, 0, 0, 0, 0, 0, 0),
(253, 33, 56, 9, 1, 26, 0, 0, 0, 0, 0, 0),
(254, 34, 56, 9, 1, 26, 0, 0, 0, 0, 0, 0),
(255, 35, 56, 9, 1, 25, 0, 0, 0, 0, 0, 0),
(256, 36, 56, 9, 1, 24, 1, 0, 0, 0, 1, 0),
(257, 19, 56, 10, 1, 24, 3, 0, 0, 0, 0, 0),
(258, 20, 56, 10, 1, 26, 1, 0, 0, 0, 0, 0),
(259, 21, 56, 10, 1, 22, 3, 0, 0, 0, 2, 0),
(260, 22, 56, 10, 1, 20, 5, 0, 0, 0, 1, 0),
(261, 23, 56, 10, 1, 22, 5, 0, 0, 0, 0, 0),
(262, 33, 56, 10, 1, 8, 11, 4, 2, 0, 1, 0),
(263, 34, 56, 10, 1, 14, 9, 2, 0, 0, 1, 0),
(264, 35, 56, 10, 1, 11, 8, 2, 0, 0, 4, 0),
(265, 7, 13, 1, 1, 4, 8, 12, 2, 0, 0, 0),
(266, 8, 13, 1, 1, 6, 12, 6, 3, 0, 0, 0),
(267, 9, 13, 1, 1, 7, 8, 12, 0, 0, 0, 0),
(268, 31, 13, 1, 1, 3, 8, 10, 3, 0, 0, 0),
(269, 32, 13, 1, 1, 4, 7, 5, 8, 0, 0, 0),
(270, 20, 10, 1, 1, 1, 17, 9, 0, 0, 0, 0),
(271, 27, 10, 1, 1, 2, 21, 4, 0, 0, 0, 0),
(272, 40, 10, 1, 1, 8, 15, 1, 1, 0, 0, 0),
(273, 41, 10, 1, 1, 14, 10, 1, 0, 0, 0, 0),
(274, 44, 10, 1, 1, 12, 13, 1, 0, 0, 0, 0),
(275, 29, 15, 2, 1, 3, 18, 5, 0, 0, 0, 0),
(276, 31, 15, 2, 1, 2, 7, 7, 2, 4, 2, 0),
(277, 33, 15, 4, 1, 16, 6, 1, 1, 1, 1, 0),
(278, 28, 14, 2, 1, 0, 12, 9, 3, 1, 1, 0),
(279, 30, 14, 2, 1, 0, 8, 9, 6, 2, 0, 0),
(280, 32, 14, 2, 1, 0, 8, 8, 6, 2, 0, 0),
(281, 40, 20, 2, 1, 4, 11, 8, 1, 0, 1, 0),
(282, 41, 20, 2, 1, 2, 13, 8, 2, 0, 0, 0),
(283, 43, 20, 4, 1, 7, 12, 3, 3, 0, 1, 0),
(284, 44, 20, 4, 1, 4, 18, 2, 2, 0, 0, 0),
(285, 23, 2, 2, 1, 6, 12, 5, 0, 2, 1, 0),
(286, 20, 49, 32, 1, 1, 6, 3, 4, 0, 0, 0),
(287, 25, 49, 32, 1, 4, 4, 1, 3, 0, 1, 0),
(288, 24, 49, 32, 1, 7, 4, 2, 0, 0, 0, 0),
(289, 37, 35, 5, 1, 15, 10, 0, 0, 0, 0, 0),
(290, 40, 35, 5, 1, 15, 7, 1, 1, 0, 1, 0),
(291, 11, 9, 1, 1, 5, 13, 8, 2, 0, 0, 0),
(292, 12, 9, 1, 1, 2, 11, 10, 3, 2, 0, 0),
(293, 15, 9, 1, 1, 2, 10, 13, 3, 0, 0, 0),
(294, 16, 9, 1, 1, 1, 8, 14, 1, 0, 0, 0),
(295, 21, 9, 1, 1, 8, 12, 5, 1, 0, 0, 0),
(296, 33, 35, 38, 1, 4, 2, 0, 0, 0, 0, 0),
(297, 34, 35, 38, 1, 1, 2, 0, 0, 0, 0, 0),
(298, 35, 35, 38, 1, 2, 2, 0, 0, 0, 0, 0),
(299, 36, 35, 38, 1, 7, 5, 0, 0, 0, 0, 0),
(300, 43, 35, 38, 1, 7, 3, 0, 0, 0, 0, 0),
(301, 44, 35, 38, 1, 2, 0, 0, 0, 0, 0, 0),
(302, 45, 35, 38, 1, 13, 2, 0, 0, 0, 0, 0),
(303, 10, 9, 1, 1, 5, 7, 14, 1, 0, 0, 0),
(304, 29, 5, 1, 1, 4, 18, 4, 0, 0, 0, 0),
(305, 30, 5, 1, 1, 18, 6, 1, 0, 0, 0, 0),
(306, 33, 5, 1, 1, 14, 10, 1, 1, 0, 0, 0),
(307, 34, 5, 1, 1, 20, 5, 0, 1, 0, 0, 0),
(308, 16, 30, 3, 1, 0, 5, 6, 3, 10, 0, 0),
(309, 17, 30, 3, 1, 2, 2, 11, 2, 10, 1, 0),
(310, 32, 30, 5, 1, 2, 15, 5, 0, 0, 2, 0),
(311, 10, 88, 10, 1, 0, 19, 7, 0, 0, 1, 0),
(312, 11, 88, 10, 1, 0, 17, 11, 0, 0, 0, 0),
(313, 12, 88, 10, 1, 0, 16, 11, 0, 0, 1, 0),
(314, 13, 88, 10, 1, 0, 18, 10, 0, 0, 0, 0),
(315, 14, 88, 10, 1, 4, 13, 8, 0, 0, 3, 0),
(316, 15, 88, 10, 1, 1, 21, 4, 0, 0, 2, 0),
(317, 16, 88, 10, 1, 5, 18, 0, 0, 0, 1, 0),
(318, 17, 88, 10, 1, 2, 23, 1, 0, 0, 2, 0),
(319, 18, 88, 10, 1, 1, 20, 3, 0, 0, 1, 0),
(320, 28, 88, 10, 1, 7, 18, 0, 0, 0, 1, 0),
(321, 29, 88, 10, 1, 16, 10, 0, 0, 0, 0, 0),
(322, 30, 88, 10, 1, 4, 17, 0, 0, 0, 4, 0),
(323, 31, 88, 10, 1, 14, 9, 0, 0, 0, 1, 0),
(324, 32, 88, 10, 1, 7, 14, 0, 0, 0, 3, 0),
(325, 11, 64, 17, 1, 5, 5, 9, 8, 1, 0, 0),
(326, 12, 64, 17, 1, 1, 8, 4, 9, 6, 0, 0),
(327, 13, 64, 17, 1, 1, 4, 11, 12, 0, 0, 0),
(328, 14, 64, 17, 1, 2, 7, 5, 10, 3, 1, 0),
(329, 15, 64, 17, 1, 12, 8, 4, 3, 1, 0, 0),
(330, 16, 64, 17, 1, 0, 7, 5, 11, 1, 0, 0),
(331, 10, 64, 17, 1, 2, 5, 5, 13, 2, 0, 0),
(332, 32, 46, 6, 1, 1, 4, 3, 8, 7, 1, 0),
(333, 33, 46, 6, 1, 9, 6, 7, 1, 1, 2, 0),
(334, 40, 46, 6, 1, 3, 4, 3, 5, 7, 3, 0),
(335, 42, 46, 6, 1, 6, 9, 3, 3, 2, 0, 0),
(336, 43, 46, 6, 1, 3, 2, 10, 5, 4, 2, 0),
(337, 44, 46, 6, 1, 4, 1, 4, 7, 4, 6, 0),
(338, 41, 46, 6, 1, 2, 5, 8, 3, 3, 4, 0),
(339, 3, 8, 1, 1, 3, 20, 3, 2, 0, 0, 0),
(340, 19, 8, 1, 1, 3, 17, 5, 1, 1, 0, 0),
(341, 22, 8, 1, 1, 3, 20, 2, 1, 0, 0, 0),
(342, 23, 8, 1, 1, 1, 18, 7, 0, 0, 0, 0),
(343, 24, 8, 1, 1, 11, 13, 3, 0, 0, 0, 0),
(344, 25, 8, 1, 1, 5, 17, 4, 0, 0, 0, 0),
(345, 33, 29, 38, 1, 2, 2, 0, 0, 0, 0, 0),
(346, 34, 29, 38, 1, 6, 4, 1, 0, 0, 0, 0),
(347, 35, 29, 38, 1, 1, 3, 0, 0, 0, 0, 0),
(348, 36, 29, 38, 1, 2, 2, 1, 0, 0, 0, 0),
(349, 10, 41, 6, 1, 4, 13, 7, 2, 1, 0, 0),
(350, 11, 41, 6, 1, 12, 12, 4, 0, 0, 0, 0),
(351, 15, 41, 6, 1, 16, 9, 2, 1, 0, 0, 0),
(352, 16, 41, 6, 1, 3, 7, 10, 3, 1, 0, 0),
(353, 17, 41, 6, 1, 13, 10, 5, 0, 0, 0, 0),
(354, 26, 41, 6, 1, 12, 13, 2, 0, 0, 0, 0),
(355, 27, 41, 6, 1, 10, 11, 3, 2, 1, 0, 0),
(356, 12, 45, 6, 1, 5, 14, 5, 1, 3, 0, 0),
(357, 13, 45, 6, 1, 5, 14, 2, 3, 4, 0, 0),
(358, 14, 45, 6, 1, 2, 12, 6, 3, 4, 1, 0),
(359, 18, 45, 6, 1, 15, 8, 1, 1, 0, 0, 0),
(360, 21, 45, 6, 1, 2, 12, 8, 4, 0, 0, 0),
(361, 22, 45, 6, 1, 6, 6, 5, 5, 4, 0, 0),
(362, 23, 45, 6, 1, 7, 9, 8, 1, 1, 0, 0),
(363, 10, 19, 2, 1, 3, 11, 13, 0, 0, 0, 0),
(364, 11, 19, 2, 1, 6, 12, 8, 1, 1, 0, 0),
(365, 12, 19, 2, 1, 4, 14, 7, 1, 2, 0, 0),
(366, 26, 7, 1, 1, 10, 17, 0, 0, 0, 0, 0),
(367, 28, 7, 1, 1, 4, 15, 7, 0, 0, 0, 0),
(368, 35, 7, 1, 1, 11, 10, 2, 0, 0, 2, 0),
(369, 36, 7, 1, 1, 11, 14, 0, 0, 0, 1, 0),
(370, 1, 71, 18, 6, 26, 0, 0, 0, 0, 0, 0),
(371, 2, 71, 18, 6, 26, 1, 0, 0, 0, 0, 0),
(372, 3, 71, 18, 6, 28, 0, 0, 0, 0, 0, 0),
(373, 4, 71, 18, 6, 27, 0, 0, 0, 0, 0, 0),
(374, 5, 71, 18, 6, 26, 0, 0, 0, 0, 0, 0),
(375, 6, 71, 18, 6, 27, 0, 0, 0, 0, 0, 0),
(376, 7, 71, 18, 6, 26, 0, 0, 0, 0, 0, 0),
(377, 8, 71, 18, 6, 27, 0, 0, 0, 0, 0, 0),
(378, 9, 71, 18, 6, 27, 0, 0, 0, 0, 0, 0),
(379, 10, 71, 18, 6, 27, 0, 0, 0, 0, 0, 0),
(380, 11, 71, 18, 6, 28, 0, 0, 0, 0, 0, 0),
(381, 12, 71, 18, 6, 26, 2, 0, 0, 0, 0, 0),
(382, 13, 71, 18, 6, 26, 1, 1, 0, 0, 0, 0),
(383, 14, 71, 18, 6, 28, 0, 0, 0, 0, 0, 0),
(384, 15, 71, 18, 6, 28, 0, 0, 0, 0, 0, 0),
(385, 16, 71, 18, 6, 24, 0, 0, 0, 0, 0, 0),
(386, 17, 71, 18, 6, 28, 0, 0, 0, 0, 0, 0),
(387, 18, 71, 18, 6, 23, 2, 0, 0, 0, 0, 0),
(388, 24, 34, 38, 1, 1, 1, 1, 0, 0, 1, 0),
(389, 26, 34, 38, 1, 2, 14, 0, 1, 0, 0, 0),
(390, 27, 34, 38, 1, 1, 3, 2, 1, 0, 0, 0),
(391, 43, 34, 38, 1, 6, 5, 2, 0, 0, 0, 0),
(392, 1, 86, 1, 1, 16, 8, 0, 0, 0, 2, 0),
(393, 2, 86, 1, 1, 9, 18, 0, 0, 0, 0, 0),
(394, 4, 86, 1, 1, 14, 12, 1, 0, 0, 0, 0),
(395, 5, 86, 1, 1, 16, 7, 0, 0, 0, 3, 0),
(396, 6, 86, 1, 1, 22, 5, 0, 0, 0, 0, 0),
(397, 33, 31, 38, 1, 0, 4, 1, 0, 0, 0, 0),
(398, 34, 31, 38, 1, 3, 5, 0, 0, 0, 0, 0),
(399, 35, 31, 38, 1, 2, 4, 1, 0, 0, 0, 0),
(400, 36, 31, 38, 1, 2, 1, 1, 0, 0, 0, 0),
(401, 38, 12, 1, 1, 10, 7, 5, 2, 0, 0, 0),
(402, 39, 12, 1, 1, 22, 1, 1, 0, 0, 0, 0),
(403, 42, 12, 1, 1, 12, 8, 3, 0, 0, 0, 0),
(404, 43, 12, 1, 1, 11, 12, 2, 1, 0, 0, 0),
(405, 24, 91, 38, 1, 2, 9, 5, 3, 1, 0, 0),
(406, 25, 91, 38, 1, 0, 0, 3, 1, 0, 2, 0),
(407, 33, 91, 38, 1, 1, 7, 0, 0, 1, 0, 0),
(408, 34, 91, 38, 1, 2, 2, 0, 0, 0, 0, 0),
(409, 35, 91, 38, 1, 2, 7, 1, 0, 0, 0, 0),
(410, 36, 91, 38, 1, 0, 5, 0, 0, 0, 0, 0),
(411, 15, 36, 3, 1, 1, 13, 9, 4, 1, 0, 0),
(412, 18, 36, 3, 1, 2, 9, 10, 0, 3, 1, 0),
(413, 29, 36, 5, 1, 5, 15, 6, 0, 0, 0, 0),
(414, 19, 22, 2, 1, 4, 13, 8, 1, 1, 0, 0),
(415, 22, 22, 2, 1, 1, 13, 10, 0, 0, 2, 0),
(416, 26, 22, 4, 1, 18, 8, 1, 0, 0, 0, 0),
(417, 27, 22, 4, 1, 22, 3, 0, 0, 0, 2, 0),
(418, 42, 20, 4, 1, 5, 11, 3, 1, 0, 3, 0),
(419, 13, 11, 1, 1, 8, 9, 7, 2, 1, 1, 0),
(420, 14, 11, 1, 1, 16, 5, 2, 4, 0, 1, 0),
(421, 17, 11, 1, 1, 12, 10, 6, 0, 0, 0, 0),
(422, 18, 11, 1, 1, 10, 13, 2, 0, 0, 0, 0),
(423, 37, 11, 1, 1, 17, 4, 0, 1, 3, 0, 0),
(424, 45, 11, 1, 1, 13, 4, 3, 4, 0, 0, 0),
(425, 24, 37, 38, 1, 2, 1, 0, 0, 0, 0, 0),
(426, 25, 37, 38, 1, 3, 7, 7, 0, 0, 0, 0),
(427, 27, 37, 38, 1, 1, 3, 2, 1, 0, 0, 0),
(428, 14, 47, 33, 1, 2, 17, 8, 0, 0, 1, 0),
(429, 23, 49, 32, 1, 2, 4, 3, 3, 0, 0, 0),
(430, 42, 31, 38, 1, 3, 10, 3, 0, 0, 0, 0),
(431, 45, 31, 38, 1, 1, 3, 1, 0, 0, 1, 0),
(432, 15, 47, 33, 1, 3, 7, 4, 0, 0, 0, 0),
(433, 16, 47, 33, 1, 0, 9, 3, 0, 0, 0, 0),
(434, 17, 47, 33, 1, 4, 9, 1, 0, 0, 0, 0),
(435, 18, 47, 33, 1, 1, 6, 4, 1, 0, 0, 0),
(436, 19, 49, 32, 1, 0, 4, 4, 4, 0, 1, 0),
(437, 26, 49, 32, 1, 7, 5, 1, 0, 0, 0, 0),
(438, 39, 33, 5, 1, 6, 6, 6, 3, 3, 0, 0),
(439, 41, 33, 5, 1, 5, 9, 3, 4, 4, 0, 0),
(440, 27, 49, 32, 1, 4, 2, 3, 1, 0, 3, 0),
(441, 25, 33, 38, 1, 0, 0, 3, 0, 0, 0, 0),
(442, 26, 33, 38, 1, 0, 1, 7, 1, 1, 0, 0),
(443, 27, 33, 38, 1, 2, 6, 4, 1, 0, 0, 0),
(444, 42, 33, 38, 1, 0, 2, 2, 3, 1, 0, 0),
(445, 43, 33, 38, 1, 0, 0, 1, 2, 0, 0, 0),
(446, 44, 33, 38, 1, 1, 4, 4, 3, 3, 0, 0),
(447, 45, 33, 38, 1, 0, 2, 1, 0, 0, 0, 0),
(448, 21, 90, 5, 1, 14, 10, 2, 0, 0, 0, 0),
(449, 22, 90, 5, 1, 9, 9, 7, 1, 0, 0, 0),
(450, 1, 43, 6, 1, 11, 9, 3, 1, 1, 1, 0),
(451, 2, 43, 6, 1, 2, 12, 11, 0, 1, 1, 0),
(452, 3, 43, 6, 1, 4, 12, 11, 0, 1, 0, 0),
(453, 4, 43, 6, 1, 9, 10, 7, 0, 0, 1, 0),
(454, 7, 43, 6, 1, 5, 13, 7, 1, 0, 0, 0),
(455, 9, 43, 6, 1, 12, 9, 5, 0, 0, 1, 0),
(456, 37, 54, 9, 1, 19, 4, 0, 0, 2, 0, 0),
(457, 38, 54, 9, 1, 22, 2, 0, 0, 0, 0, 0),
(458, 39, 54, 9, 1, 22, 0, 0, 0, 2, 0, 0),
(459, 40, 54, 9, 1, 22, 2, 0, 0, 0, 1, 0),
(460, 42, 54, 9, 1, 22, 1, 0, 0, 0, 0, 0),
(461, 43, 54, 9, 1, 21, 5, 0, 0, 0, 0, 0),
(462, 44, 54, 9, 1, 24, 2, 0, 0, 0, 0, 0),
(463, 45, 54, 9, 1, 20, 3, 1, 0, 0, 0, 0),
(464, 41, 54, 9, 1, 21, 3, 1, 0, 0, 0, 0),
(465, 19, 29, 5, 1, 9, 6, 8, 4, 0, 0, 0),
(466, 44, 34, 38, 1, 0, 5, 4, 0, 0, 0, 0),
(467, 38, 4, 6, 1, 5, 5, 7, 2, 3, 2, 0),
(468, 39, 4, 6, 1, 7, 8, 5, 0, 1, 3, 0),
(469, 29, 15, 2, 2, 4, 19, 3, 0, 0, 0, 0),
(470, 31, 15, 2, 2, 3, 14, 5, 0, 1, 0, 0),
(471, 37, 21, 2, 2, 0, 11, 9, 0, 5, 0, 0),
(472, 38, 21, 2, 2, 2, 12, 5, 1, 1, 3, 0),
(473, 39, 21, 2, 2, 4, 11, 5, 1, 2, 1, 0),
(474, 19, 44, 6, 2, 1, 2, 12, 10, 2, 0, 0),
(475, 20, 44, 6, 2, 1, 4, 9, 7, 6, 0, 0),
(476, 24, 44, 6, 2, 7, 9, 4, 6, 1, 0, 0),
(477, 25, 44, 6, 2, 6, 4, 10, 4, 1, 1, 0),
(478, 28, 44, 6, 2, 2, 5, 11, 8, 0, 0, 0),
(479, 29, 44, 6, 2, 2, 7, 11, 3, 3, 0, 0),
(480, 30, 44, 6, 2, 1, 5, 8, 7, 4, 0, 0),
(481, 11, 29, 5, 2, 12, 10, 3, 1, 0, 2, 0),
(482, 12, 29, 5, 2, 7, 6, 10, 3, 2, 0, 0),
(483, 19, 29, 5, 2, 6, 12, 9, 0, 0, 0, 0),
(484, 33, 29, 38, 2, 3, 1, 0, 0, 0, 0, 0),
(485, 34, 29, 38, 2, 6, 5, 0, 0, 0, 0, 0),
(486, 35, 29, 38, 2, 1, 3, 0, 0, 0, 0, 0),
(487, 36, 29, 38, 2, 2, 3, 0, 0, 0, 0, 0),
(488, 20, 26, 2, 2, 1, 15, 10, 0, 1, 0, 0),
(489, 21, 26, 2, 2, 1, 13, 7, 2, 3, 0, 0),
(490, 24, 26, 4, 2, 20, 5, 2, 0, 0, 0, 0),
(491, 25, 26, 4, 2, 22, 3, 0, 0, 0, 1, 0),
(492, 23, 34, 5, 2, 5, 12, 7, 1, 1, 0, 0),
(493, 20, 34, 5, 2, 6, 13, 7, 0, 1, 0, 0),
(494, 43, 34, 38, 2, 4, 6, 2, 0, 0, 1, 0),
(495, 44, 34, 38, 2, 0, 4, 4, 0, 0, 1, 0),
(496, 3, 8, 1, 2, 5, 17, 4, 1, 1, 0, 0),
(497, 19, 8, 1, 2, 1, 16, 8, 2, 0, 0, 0),
(498, 22, 8, 1, 2, 1, 9, 13, 3, 0, 0, 0),
(499, 23, 8, 1, 2, 4, 15, 7, 0, 0, 0, 0),
(500, 24, 8, 1, 2, 6, 13, 7, 1, 0, 0, 0),
(501, 25, 8, 1, 2, 4, 12, 9, 0, 0, 1, 0),
(502, 8, 32, 3, 2, 2, 12, 9, 2, 2, 0, 0),
(503, 37, 54, 9, 3, 17, 4, 2, 2, 0, 0, 0),
(504, 38, 54, 9, 3, 20, 2, 2, 0, 0, 0, 0),
(505, 39, 54, 9, 3, 22, 0, 2, 0, 0, 0, 0),
(506, 40, 54, 9, 3, 22, 1, 0, 1, 0, 1, 0),
(507, 41, 54, 9, 3, 17, 3, 3, 2, 0, 0, 0),
(508, 42, 54, 9, 3, 17, 5, 1, 0, 0, 0, 0),
(509, 44, 54, 9, 3, 16, 5, 3, 2, 0, 0, 0),
(510, 45, 54, 9, 3, 18, 5, 1, 0, 0, 0, 0),
(511, 43, 54, 9, 3, 22, 2, 1, 1, 0, 0, 0),
(512, 4, 18, 2, 2, 3, 21, 2, 0, 0, 1, 0),
(513, 23, 2, 2, 2, 10, 7, 3, 3, 2, 1, 0),
(514, 37, 59, 16, 3, 19, 4, 1, 1, 0, 0, 0),
(515, 39, 59, 16, 3, 22, 2, 0, 0, 0, 0, 0),
(516, 41, 59, 16, 3, 20, 4, 1, 0, 0, 0, 0),
(517, 42, 59, 16, 3, 19, 3, 1, 0, 0, 0, 0),
(518, 43, 59, 16, 3, 20, 4, 1, 1, 0, 0, 0),
(519, 44, 59, 16, 3, 18, 6, 2, 0, 0, 0, 0),
(520, 45, 59, 16, 3, 19, 3, 2, 0, 0, 0, 0),
(521, 37, 59, 26, 3, 4, 0, 1, 0, 0, 0, 0),
(522, 44, 59, 26, 3, 9, 0, 0, 0, 0, 0, 0),
(523, 37, 35, 5, 2, 23, 2, 0, 0, 0, 0, 0),
(524, 40, 35, 5, 2, 21, 3, 1, 0, 0, 0, 0),
(525, 40, 20, 2, 2, 23, 1, 1, 0, 0, 0, 0),
(526, 41, 20, 2, 2, 23, 2, 0, 0, 0, 0, 0),
(527, 28, 59, 13, 3, 20, 6, 0, 0, 0, 0, 0),
(528, 29, 59, 13, 3, 16, 9, 1, 0, 0, 0, 0),
(529, 31, 59, 13, 3, 20, 2, 1, 0, 0, 0, 0),
(530, 35, 59, 13, 3, 22, 3, 0, 0, 0, 0, 0),
(531, 36, 59, 13, 3, 22, 4, 0, 0, 0, 0, 0),
(532, 39, 59, 26, 3, 11, 1, 0, 0, 0, 0, 0),
(533, 37, 21, 2, 3, 8, 11, 5, 1, 0, 0, 0),
(534, 38, 21, 2, 3, 7, 15, 2, 0, 0, 0, 0),
(535, 39, 21, 2, 3, 17, 2, 5, 0, 0, 0, 0),
(536, 45, 21, 4, 2, 15, 7, 2, 0, 0, 0, 0),
(537, 45, 21, 4, 3, 10, 12, 2, 0, 0, 0, 0),
(538, 41, 59, 26, 3, 4, 0, 1, 0, 0, 0, 0),
(539, 11, 19, 2, 2, 1, 10, 12, 4, 1, 0, 0),
(540, 12, 19, 2, 2, 0, 11, 12, 1, 4, 0, 0),
(541, 10, 19, 2, 2, 0, 13, 10, 3, 1, 0, 0),
(542, 40, 20, 2, 3, 23, 1, 1, 0, 0, 0, 0),
(543, 41, 20, 2, 3, 23, 2, 0, 0, 0, 0, 0),
(544, 42, 20, 4, 2, 21, 1, 1, 0, 0, 0, 0),
(545, 43, 20, 4, 2, 21, 2, 3, 0, 0, 0, 0),
(546, 42, 20, 4, 3, 19, 4, 0, 0, 0, 0, 0),
(547, 43, 20, 4, 3, 21, 5, 0, 0, 0, 0, 0),
(548, 24, 26, 4, 3, 25, 3, 0, 0, 0, 0, 0),
(549, 25, 26, 4, 3, 24, 1, 0, 0, 0, 1, 0),
(550, 21, 26, 2, 3, 7, 14, 4, 1, 0, 0, 0),
(551, 20, 10, 1, 2, 5, 13, 9, 0, 0, 0, 0),
(552, 27, 10, 1, 2, 5, 15, 6, 1, 0, 0, 0),
(553, 40, 10, 1, 2, 5, 11, 5, 4, 0, 0, 0),
(554, 41, 10, 1, 2, 5, 13, 7, 0, 0, 0, 0),
(555, 44, 10, 1, 2, 5, 13, 6, 2, 0, 0, 0),
(556, 27, 10, 1, 3, 8, 16, 3, 0, 0, 0, 0),
(557, 40, 10, 1, 3, 6, 13, 2, 4, 0, 0, 0),
(558, 41, 10, 1, 3, 16, 6, 3, 0, 0, 0, 0),
(559, 44, 10, 1, 3, 12, 11, 3, 0, 0, 0, 0),
(560, 17, 68, 17, 3, 7, 12, 5, 4, 0, 0, 0),
(561, 18, 68, 17, 3, 7, 10, 7, 1, 0, 0, 0),
(562, 24, 68, 17, 3, 7, 9, 5, 5, 1, 1, 0),
(563, 37, 68, 25, 3, 1, 0, 0, 0, 0, 0, 0),
(564, 39, 68, 25, 3, 3, 2, 0, 0, 0, 0, 0),
(565, 40, 68, 25, 3, 2, 2, 0, 0, 0, 0, 0),
(566, 42, 68, 25, 3, 2, 1, 0, 0, 0, 0, 0),
(567, 43, 68, 25, 3, 0, 2, 0, 0, 0, 0, 0),
(568, 44, 68, 25, 3, 2, 4, 0, 0, 0, 0, 0),
(569, 12, 64, 17, 3, 1, 5, 8, 8, 6, 0, 0),
(570, 3, 17, 2, 2, 3, 18, 6, 1, 0, 0, 0),
(571, 3, 17, 2, 3, 9, 16, 3, 0, 0, 0, 0),
(572, 10, 64, 17, 3, 1, 13, 12, 1, 0, 0, 0),
(573, 5, 42, 6, 2, 2, 6, 15, 3, 0, 0, 0),
(574, 6, 42, 6, 2, 8, 5, 10, 3, 1, 0, 0),
(575, 8, 42, 6, 2, 3, 6, 9, 7, 2, 0, 0),
(576, 31, 42, 6, 2, 1, 5, 5, 10, 2, 0, 0),
(577, 34, 42, 6, 2, 12, 8, 2, 2, 2, 0, 0),
(578, 35, 42, 6, 2, 9, 9, 6, 0, 1, 0, 0),
(579, 36, 42, 6, 2, 1, 6, 9, 9, 1, 0, 0),
(580, 5, 42, 6, 3, 4, 9, 13, 0, 0, 0, 0),
(581, 6, 42, 6, 3, 10, 10, 5, 2, 0, 0, 0),
(582, 8, 42, 6, 3, 2, 14, 6, 5, 0, 0, 0),
(583, 31, 42, 6, 3, 1, 5, 9, 8, 0, 0, 0),
(584, 34, 42, 6, 3, 13, 8, 2, 3, 0, 0, 0),
(585, 35, 42, 6, 3, 8, 10, 6, 1, 0, 0, 0),
(586, 36, 42, 6, 3, 3, 5, 11, 7, 0, 0, 0),
(587, 37, 69, 25, 3, 3, 3, 0, 0, 0, 0, 0),
(588, 38, 69, 25, 3, 1, 2, 0, 0, 0, 0, 0),
(589, 41, 69, 25, 3, 3, 1, 0, 0, 0, 0, 0),
(590, 19, 69, 17, 3, 2, 6, 15, 4, 0, 0, 0),
(591, 20, 69, 17, 3, 3, 7, 6, 11, 0, 0, 0),
(592, 21, 69, 17, 3, 1, 7, 13, 5, 0, 0, 0),
(593, 22, 69, 17, 3, 3, 2, 12, 9, 0, 0, 0),
(594, 23, 69, 17, 3, 3, 9, 9, 5, 0, 0, 0),
(595, 28, 69, 17, 3, 3, 10, 10, 3, 0, 0, 0),
(596, 29, 69, 17, 3, 8, 6, 11, 1, 0, 0, 0),
(597, 30, 69, 17, 3, 8, 8, 5, 4, 0, 0, 0),
(598, 31, 69, 17, 3, 2, 12, 6, 3, 0, 0, 0),
(599, 32, 69, 17, 3, 7, 5, 7, 6, 0, 0, 0),
(600, 26, 58, 10, 3, 15, 4, 7, 1, 0, 0, 0),
(601, 27, 58, 10, 3, 10, 13, 3, 1, 0, 0, 0),
(602, 19, 44, 6, 3, 4, 12, 9, 2, 0, 0, 0),
(603, 20, 44, 6, 3, 6, 11, 6, 4, 0, 0, 0),
(604, 24, 44, 6, 3, 15, 7, 4, 2, 0, 0, 0),
(605, 25, 44, 6, 3, 8, 9, 5, 2, 1, 1, 0),
(606, 20, 26, 2, 3, 6, 17, 3, 1, 0, 0, 0),
(607, 13, 23, 2, 2, 2, 8, 9, 4, 5, 0, 0),
(608, 14, 23, 2, 2, 2, 13, 8, 3, 2, 0, 0),
(609, 13, 23, 2, 3, 5, 13, 9, 1, 0, 0, 0),
(610, 14, 23, 2, 3, 13, 7, 6, 2, 0, 0, 0),
(611, 15, 23, 4, 2, 16, 12, 0, 0, 0, 0, 0),
(612, 16, 23, 4, 2, 11, 12, 2, 0, 0, 0, 0),
(613, 15, 23, 4, 3, 23, 5, 0, 0, 0, 0, 0),
(614, 16, 23, 4, 3, 14, 10, 1, 0, 0, 0, 0),
(615, 1, 24, 2, 2, 1, 18, 3, 4, 0, 0, 0),
(616, 1, 24, 2, 3, 8, 11, 3, 4, 0, 0, 0),
(617, 1, 89, 20, 3, 17, 6, 2, 0, 0, 0, 1),
(618, 2, 89, 20, 3, 10, 8, 8, 0, 0, 0, 1),
(619, 3, 89, 20, 3, 11, 14, 1, 0, 0, 0, 2),
(620, 4, 89, 20, 3, 11, 15, 0, 0, 0, 0, 1),
(621, 5, 89, 20, 3, 16, 9, 0, 0, 0, 0, 1),
(622, 10, 89, 20, 3, 19, 4, 4, 0, 0, 0, 0),
(623, 11, 89, 20, 3, 18, 9, 0, 0, 0, 0, 1),
(624, 20, 89, 20, 3, 24, 2, 1, 0, 0, 0, 0),
(625, 26, 7, 1, 2, 13, 9, 4, 0, 0, 1, 0),
(626, 28, 7, 1, 2, 2, 14, 7, 3, 0, 0, 0),
(627, 35, 7, 1, 2, 7, 17, 0, 0, 0, 1, 0),
(628, 36, 7, 1, 2, 5, 16, 4, 0, 1, 0, 0),
(629, 26, 7, 1, 3, 15, 10, 2, 0, 0, 0, 0),
(630, 28, 7, 1, 3, 8, 12, 6, 0, 0, 0, 0),
(631, 35, 7, 1, 3, 22, 3, 0, 0, 0, 0, 0),
(632, 36, 7, 1, 3, 13, 9, 3, 1, 0, 0, 0),
(633, 28, 75, 20, 3, 18, 7, 0, 0, 0, 0, 1),
(634, 29, 75, 20, 3, 14, 7, 4, 0, 0, 0, 1),
(635, 30, 75, 20, 3, 15, 7, 0, 2, 0, 0, 1),
(636, 31, 75, 20, 3, 17, 6, 0, 0, 0, 0, 0),
(637, 32, 75, 20, 3, 18, 5, 0, 0, 0, 0, 2),
(638, 37, 75, 20, 3, 17, 4, 2, 0, 0, 0, 2),
(639, 38, 75, 20, 3, 19, 2, 1, 0, 0, 0, 2),
(640, 39, 75, 20, 3, 15, 2, 0, 1, 0, 0, 6),
(641, 40, 75, 20, 3, 19, 2, 2, 0, 0, 0, 2),
(642, 41, 75, 20, 3, 19, 0, 2, 3, 0, 0, 1),
(643, 17, 87, 4, 2, 15, 13, 0, 0, 0, 0, 0),
(644, 18, 87, 4, 2, 15, 9, 1, 0, 0, 0, 0),
(645, 34, 87, 4, 2, 18, 7, 1, 0, 0, 0, 0),
(646, 35, 87, 4, 2, 14, 10, 0, 0, 0, 1, 0),
(647, 36, 87, 4, 2, 13, 11, 1, 0, 0, 1, 0),
(648, 17, 87, 4, 3, 12, 12, 4, 0, 0, 0, 0),
(649, 18, 87, 4, 3, 12, 11, 2, 0, 0, 0, 0),
(650, 34, 87, 4, 3, 17, 8, 1, 0, 0, 0, 0),
(651, 35, 87, 4, 3, 18, 7, 0, 0, 0, 0, 0),
(652, 36, 87, 4, 3, 17, 8, 1, 0, 0, 0, 0),
(653, 16, 30, 3, 2, 9, 6, 6, 4, 0, 0, 0),
(654, 17, 30, 3, 2, 12, 11, 4, 0, 1, 0, 0),
(655, 29, 36, 5, 5, 15, 5, 6, 0, 0, 0, 0),
(656, 16, 30, 3, 3, 2, 8, 14, 1, 0, 0, 0),
(657, 17, 30, 3, 3, 3, 10, 13, 2, 0, 0, 0),
(658, 32, 30, 5, 2, 10, 11, 3, 0, 0, 0, 0),
(659, 29, 36, 5, 4, 18, 3, 3, 0, 2, 0, 0),
(660, 32, 30, 5, 3, 10, 12, 3, 0, 0, 0, 0),
(661, 15, 36, 3, 4, 0, 7, 16, 2, 3, 0, 0),
(662, 18, 36, 3, 4, 1, 7, 9, 6, 2, 0, 0),
(663, 38, 4, 6, 2, 5, 6, 8, 2, 3, 0, 0),
(664, 39, 4, 6, 2, 6, 7, 3, 5, 3, 0, 0),
(665, 38, 4, 6, 3, 5, 11, 4, 3, 1, 0, 0),
(666, 39, 4, 6, 3, 8, 7, 5, 2, 2, 0, 0),
(667, 24, 37, 31, 3, 2, 1, 0, 0, 0, 0, 0),
(668, 25, 37, 31, 3, 7, 9, 1, 0, 0, 0, 0),
(669, 27, 37, 31, 3, 2, 3, 2, 0, 0, 0, 0),
(670, 24, 37, 38, 3, 2, 2, 0, 0, 0, 0, 0),
(671, 25, 37, 38, 3, 5, 9, 3, 0, 0, 0, 0),
(672, 27, 37, 38, 3, 0, 4, 3, 0, 0, 0, 0),
(673, 24, 37, 38, 2, 1, 2, 0, 0, 0, 0, 0),
(674, 25, 37, 38, 2, 2, 12, 3, 0, 0, 0, 0),
(675, 27, 37, 38, 2, 0, 4, 3, 0, 0, 0, 0),
(676, 15, 63, 14, 3, 18, 6, 4, 0, 0, 0, 0),
(677, 16, 63, 14, 3, 9, 8, 6, 2, 0, 0, 0),
(678, 17, 63, 14, 3, 15, 6, 4, 2, 0, 1, 0),
(679, 18, 63, 14, 3, 20, 1, 3, 1, 0, 0, 0),
(680, 25, 63, 14, 3, 12, 8, 4, 1, 0, 1, 0),
(681, 26, 63, 14, 3, 20, 3, 3, 1, 0, 0, 0),
(682, 27, 63, 14, 3, 16, 10, 1, 0, 0, 0, 0),
(683, 33, 63, 14, 3, 15, 9, 1, 1, 0, 0, 0),
(684, 35, 63, 14, 3, 15, 9, 1, 0, 0, 0, 0),
(685, 36, 63, 14, 3, 10, 9, 6, 1, 0, 0, 0),
(686, 37, 63, 27, 3, 1, 0, 0, 0, 0, 0, 0),
(687, 40, 63, 27, 3, 3, 0, 1, 0, 0, 0, 0),
(688, 42, 63, 27, 3, 2, 0, 1, 0, 0, 0, 0),
(689, 43, 63, 27, 3, 0, 1, 1, 0, 0, 0, 0),
(690, 44, 63, 27, 3, 0, 3, 3, 0, 0, 0, 0),
(691, 8, 32, 3, 3, 5, 8, 8, 6, 0, 0, 0),
(692, 11, 70, 36, 3, 1, 0, 0, 0, 0, 0, 0),
(693, 12, 70, 36, 3, 1, 0, 0, 0, 0, 0, 0),
(694, 13, 70, 36, 3, 1, 0, 0, 0, 0, 0, 0),
(695, 14, 70, 36, 3, 1, 0, 0, 0, 0, 0, 0),
(696, 22, 70, 36, 3, 1, 0, 0, 0, 0, 0, 0),
(697, 23, 70, 36, 3, 2, 0, 0, 0, 0, 0, 0),
(698, 31, 70, 36, 3, 1, 1, 0, 0, 0, 0, 0),
(699, 32, 70, 36, 3, 1, 1, 0, 0, 0, 0, 0),
(700, 34, 70, 36, 3, 2, 0, 0, 0, 0, 0, 0),
(701, 36, 70, 36, 3, 2, 0, 0, 0, 0, 0, 0),
(702, 28, 14, 2, 2, 2, 14, 9, 1, 0, 0, 0),
(703, 30, 14, 2, 2, 4, 11, 9, 1, 0, 0, 0),
(704, 32, 14, 2, 2, 6, 9, 8, 1, 0, 0, 0),
(705, 6, 73, 20, 3, 13, 9, 5, 0, 0, 0, 0),
(706, 7, 73, 20, 3, 9, 9, 8, 0, 0, 0, 0),
(707, 8, 73, 20, 3, 15, 8, 1, 0, 0, 0, 3),
(708, 9, 73, 20, 3, 14, 10, 3, 0, 0, 0, 0),
(709, 19, 73, 20, 3, 13, 8, 4, 0, 0, 0, 2),
(710, 33, 73, 20, 3, 17, 5, 2, 0, 0, 0, 2),
(711, 34, 73, 20, 3, 23, 3, 0, 0, 0, 0, 0),
(712, 35, 73, 20, 3, 19, 3, 0, 0, 0, 0, 3),
(713, 36, 73, 20, 3, 19, 7, 0, 0, 0, 0, 0),
(714, 1, 43, 6, 2, 1, 15, 7, 3, 0, 0, 0),
(715, 2, 43, 6, 2, 0, 4, 9, 7, 6, 1, 0),
(716, 3, 43, 6, 2, 0, 6, 10, 7, 4, 1, 0),
(717, 4, 43, 6, 2, 2, 5, 14, 4, 1, 1, 0),
(718, 7, 43, 6, 2, 0, 9, 12, 4, 1, 0, 0),
(719, 9, 43, 6, 2, 5, 11, 9, 1, 1, 0, 0),
(720, 37, 43, 6, 2, 15, 3, 2, 0, 2, 3, 0),
(721, 45, 43, 6, 2, 8, 5, 5, 1, 4, 1, 0),
(722, 37, 43, 6, 3, 9, 11, 3, 1, 0, 1, 0),
(723, 45, 43, 6, 3, 5, 10, 5, 4, 0, 0, 0),
(724, 8, 13, 1, 3, 7, 14, 4, 1, 1, 0, 0),
(725, 9, 13, 1, 3, 12, 11, 2, 2, 0, 0, 0),
(726, 31, 13, 1, 3, 9, 9, 5, 0, 0, 0, 0),
(727, 32, 13, 1, 3, 6, 13, 5, 1, 0, 0, 0),
(728, 7, 13, 1, 3, 3, 13, 10, 0, 0, 0, 0),
(729, 29, 5, 1, 2, 19, 6, 1, 0, 0, 0, 0),
(730, 30, 5, 1, 2, 15, 9, 0, 1, 0, 0, 0),
(731, 33, 5, 1, 2, 19, 7, 0, 0, 0, 0, 0),
(732, 34, 5, 1, 2, 23, 3, 0, 0, 0, 0, 0),
(733, 38, 12, 1, 2, 12, 7, 5, 0, 0, 0, 0),
(734, 39, 12, 1, 2, 18, 2, 0, 0, 0, 4, 0),
(735, 42, 12, 1, 2, 17, 1, 2, 0, 0, 3, 0),
(736, 43, 12, 1, 2, 17, 7, 1, 0, 0, 1, 0),
(737, 38, 12, 1, 3, 15, 7, 2, 0, 0, 0, 0),
(738, 39, 12, 1, 3, 20, 4, 0, 0, 0, 0, 0),
(739, 42, 12, 1, 3, 18, 4, 1, 0, 0, 0, 0),
(740, 43, 12, 1, 3, 23, 2, 1, 0, 0, 0, 0),
(741, 30, 5, 1, 3, 17, 6, 2, 0, 0, 0, 0),
(742, 33, 5, 1, 3, 20, 5, 1, 0, 0, 0, 0),
(743, 34, 5, 1, 3, 23, 3, 0, 0, 0, 0, 0),
(744, 10, 19, 2, 3, 1, 19, 7, 0, 0, 0, 0),
(745, 7, 40, 3, 2, 3, 6, 10, 5, 2, 0, 0),
(746, 6, 39, 3, 2, 5, 16, 2, 2, 2, 0, 0),
(747, 6, 39, 3, 3, 2, 17, 6, 2, 0, 0, 0),
(748, 11, 64, 17, 3, 4, 10, 9, 5, 0, 0, 0),
(749, 13, 64, 17, 3, 1, 8, 7, 10, 2, 0, 0),
(750, 14, 64, 17, 3, 2, 5, 9, 10, 2, 0, 0),
(751, 15, 64, 17, 3, 10, 8, 7, 3, 0, 0, 0),
(752, 16, 64, 17, 3, 0, 9, 7, 7, 2, 0, 0),
(753, 25, 68, 17, 3, 7, 8, 5, 4, 1, 1, 0),
(754, 26, 68, 17, 3, 10, 9, 5, 3, 0, 0, 0),
(755, 27, 68, 17, 3, 4, 8, 11, 4, 0, 0, 0),
(756, 33, 68, 17, 3, 10, 10, 3, 2, 1, 0, 0),
(757, 34, 68, 17, 3, 10, 6, 8, 1, 1, 0, 0),
(758, 35, 68, 17, 3, 10, 6, 9, 0, 0, 0, 0),
(759, 36, 68, 17, 3, 2, 9, 5, 9, 1, 0, 0),
(760, 20, 34, 5, 5, 6, 10, 10, 1, 0, 0, 0),
(761, 26, 34, 31, 3, 10, 5, 2, 0, 0, 0, 0),
(762, 26, 34, 38, 3, 5, 10, 2, 0, 0, 0, 0),
(763, 43, 34, 38, 3, 13, 0, 0, 0, 0, 0, 0),
(764, 44, 34, 38, 3, 9, 0, 0, 0, 0, 0, 0),
(765, 22, 64, 14, 3, 6, 6, 9, 5, 0, 0, 0),
(766, 24, 64, 14, 3, 6, 13, 4, 4, 0, 1, 0),
(767, 29, 64, 14, 3, 4, 10, 5, 5, 2, 0, 0),
(768, 30, 64, 14, 3, 6, 6, 4, 5, 4, 0, 0),
(769, 34, 64, 14, 3, 11, 10, 2, 1, 2, 0, 0),
(770, 38, 64, 27, 3, 1, 2, 0, 0, 0, 0, 0),
(771, 41, 64, 27, 3, 1, 3, 0, 0, 0, 0, 0),
(772, 10, 62, 14, 3, 2, 13, 8, 4, 0, 0, 0),
(773, 11, 62, 14, 3, 6, 10, 7, 4, 1, 0, 0),
(774, 12, 62, 14, 3, 2, 4, 13, 5, 4, 0, 0),
(775, 19, 62, 14, 3, 4, 4, 10, 9, 0, 0, 0),
(776, 20, 62, 14, 3, 2, 8, 12, 5, 0, 0, 0),
(777, 21, 62, 14, 3, 3, 3, 14, 5, 1, 0, 0),
(778, 13, 62, 14, 3, 4, 8, 7, 6, 3, 0, 0),
(779, 19, 22, 2, 3, 9, 9, 6, 2, 1, 0, 0),
(780, 22, 22, 2, 3, 6, 12, 6, 2, 0, 0, 0),
(781, 19, 22, 2, 2, 10, 4, 4, 3, 6, 0, 0),
(782, 22, 22, 2, 2, 5, 7, 3, 10, 1, 0, 0),
(783, 26, 22, 4, 2, 20, 6, 0, 0, 0, 1, 0),
(784, 27, 22, 4, 2, 20, 7, 0, 0, 0, 0, 0),
(785, 26, 22, 4, 3, 19, 8, 0, 0, 0, 0, 0),
(786, 27, 22, 4, 3, 23, 3, 1, 0, 0, 0, 0),
(787, 26, 33, 38, 2, 1, 3, 3, 3, 0, 0, 0),
(788, 42, 33, 38, 2, 0, 4, 1, 3, 0, 0, 0),
(789, 45, 33, 38, 2, 0, 3, 0, 0, 0, 0, 0),
(790, 39, 47, 22, 3, 4, 2, 2, 0, 0, 0, 0),
(791, 42, 47, 22, 3, 3, 1, 0, 0, 0, 0, 0),
(792, 10, 9, 1, 2, 6, 20, 1, 0, 0, 0, 0),
(793, 11, 9, 1, 2, 5, 20, 2, 1, 0, 0, 0),
(794, 12, 9, 1, 2, 3, 20, 2, 3, 0, 0, 0),
(795, 15, 9, 1, 2, 4, 21, 3, 0, 0, 0, 0),
(796, 16, 9, 1, 2, 4, 19, 2, 0, 0, 0, 0),
(797, 21, 9, 1, 2, 10, 15, 1, 0, 0, 0, 0),
(798, 37, 47, 28, 3, 7, 0, 0, 0, 0, 0, 0),
(799, 38, 47, 28, 3, 0, 1, 0, 0, 0, 0, 0),
(800, 41, 47, 28, 3, 5, 0, 1, 0, 0, 0, 0),
(801, 28, 14, 2, 3, 3, 16, 7, 0, 0, 0, 0),
(802, 30, 14, 2, 3, 4, 12, 8, 1, 0, 0, 0),
(803, 32, 14, 2, 3, 5, 12, 8, 0, 0, 0, 0),
(804, 10, 9, 1, 3, 8, 19, 0, 0, 0, 0, 0),
(805, 11, 9, 1, 3, 11, 11, 5, 1, 0, 0, 0),
(806, 12, 9, 1, 3, 3, 17, 5, 3, 0, 0, 0),
(807, 15, 9, 1, 3, 7, 15, 6, 0, 0, 0, 0),
(808, 16, 9, 1, 3, 4, 17, 4, 0, 0, 0, 0),
(809, 21, 9, 1, 3, 15, 11, 0, 0, 0, 0, 0),
(810, 7, 40, 3, 3, 3, 8, 9, 5, 1, 0, 0),
(811, 23, 2, 2, 3, 11, 8, 4, 3, 0, 0, 0),
(812, 24, 58, 10, 3, 14, 8, 3, 2, 0, 1, 0),
(813, 25, 58, 10, 3, 13, 6, 4, 2, 0, 1, 0),
(814, 2, 16, 2, 3, 3, 12, 10, 1, 1, 0, 0),
(815, 9, 28, 3, 2, 12, 3, 5, 6, 1, 0, 0),
(816, 12, 72, 20, 3, 9, 12, 7, 0, 0, 0, 0),
(817, 13, 72, 20, 3, 5, 19, 3, 0, 0, 0, 1),
(818, 14, 72, 20, 3, 6, 18, 3, 0, 0, 1, 0),
(819, 15, 72, 20, 3, 7, 15, 4, 0, 0, 0, 2),
(820, 16, 72, 20, 3, 7, 12, 4, 0, 0, 0, 2),
(821, 17, 72, 20, 3, 5, 21, 2, 0, 0, 0, 0),
(822, 18, 72, 20, 3, 3, 13, 7, 0, 0, 0, 2),
(823, 42, 72, 20, 3, 9, 13, 1, 0, 0, 0, 0),
(824, 43, 72, 20, 3, 6, 17, 0, 0, 0, 0, 3),
(825, 9, 28, 3, 3, 10, 8, 5, 4, 0, 0, 0),
(826, 22, 66, 15, 3, 3, 4, 10, 9, 0, 0, 0),
(827, 23, 66, 15, 3, 1, 5, 8, 10, 2, 0, 0),
(828, 24, 66, 15, 3, 4, 14, 5, 4, 0, 1, 0),
(829, 25, 66, 15, 3, 6, 3, 11, 3, 2, 1, 0),
(830, 33, 46, 6, 2, 14, 11, 1, 0, 0, 0, 0),
(831, 40, 46, 6, 2, 4, 5, 6, 4, 3, 3, 0),
(832, 41, 46, 6, 2, 2, 12, 5, 1, 2, 3, 0),
(833, 42, 46, 6, 2, 3, 6, 2, 5, 1, 6, 0),
(834, 43, 46, 6, 2, 7, 7, 4, 1, 6, 1, 0),
(835, 44, 46, 6, 2, 2, 9, 4, 7, 1, 3, 0),
(836, 32, 46, 6, 2, 16, 4, 1, 2, 1, 0, 0),
(837, 37, 35, 5, 3, 23, 2, 0, 0, 0, 0, 0),
(838, 40, 35, 5, 3, 18, 6, 0, 0, 0, 1, 0),
(839, 32, 46, 6, 3, 7, 8, 8, 1, 1, 0, 0),
(840, 33, 46, 6, 3, 15, 9, 2, 0, 0, 0, 0),
(841, 40, 46, 6, 3, 2, 4, 11, 5, 3, 0, 0),
(842, 41, 46, 6, 3, 9, 6, 6, 3, 1, 0, 0),
(843, 42, 46, 6, 3, 4, 10, 5, 3, 1, 0, 0),
(844, 43, 46, 6, 3, 8, 9, 6, 2, 1, 0, 0),
(845, 44, 46, 6, 3, 2, 6, 11, 7, 0, 0, 0),
(846, 33, 35, 38, 3, 8, 0, 0, 0, 0, 0, 0),
(847, 34, 35, 38, 3, 1, 2, 0, 0, 0, 0, 0),
(848, 35, 35, 38, 3, 4, 0, 0, 0, 0, 0, 0),
(849, 36, 35, 38, 3, 11, 1, 0, 0, 0, 0, 0),
(850, 45, 35, 38, 3, 12, 3, 0, 0, 0, 0, 0),
(851, 21, 74, 20, 3, 18, 5, 1, 0, 0, 0, 2),
(852, 22, 74, 20, 3, 17, 7, 0, 0, 0, 0, 2),
(853, 23, 74, 20, 3, 19, 7, 0, 0, 0, 0, 0),
(854, 24, 74, 20, 3, 20, 8, 0, 0, 0, 0, 0),
(855, 25, 74, 20, 3, 24, 0, 0, 0, 0, 1, 1),
(856, 26, 74, 20, 3, 24, 1, 0, 0, 0, 0, 2),
(857, 27, 74, 20, 3, 23, 4, 0, 0, 0, 0, 0),
(858, 44, 74, 20, 3, 26, 0, 0, 0, 0, 0, 0),
(859, 45, 74, 20, 3, 23, 0, 0, 0, 0, 0, 1),
(860, 37, 46, 35, 3, 1, 2, 0, 0, 0, 0, 0),
(861, 38, 46, 35, 3, 2, 3, 1, 0, 0, 0, 0),
(862, 40, 46, 35, 3, 0, 0, 1, 1, 0, 0, 0),
(863, 41, 46, 35, 3, 2, 0, 0, 0, 0, 0, 0),
(864, 42, 46, 35, 3, 1, 0, 0, 0, 0, 0, 0),
(865, 44, 46, 35, 3, 2, 0, 0, 0, 0, 0, 0),
(866, 45, 69, 25, 3, 5, 3, 0, 0, 0, 0, 0),
(867, 11, 29, 5, 3, 17, 9, 2, 0, 0, 0, 0),
(868, 12, 29, 5, 3, 12, 7, 5, 3, 1, 0, 0),
(869, 19, 29, 5, 3, 5, 12, 9, 1, 0, 0, 0),
(870, 12, 45, 6, 2, 7, 10, 5, 6, 0, 0, 0),
(871, 14, 45, 6, 2, 4, 8, 10, 6, 0, 0, 0),
(872, 18, 45, 6, 2, 14, 7, 4, 0, 0, 0, 0),
(873, 21, 45, 6, 2, 3, 9, 9, 4, 1, 0, 0),
(874, 22, 45, 6, 2, 3, 8, 12, 3, 0, 0, 0),
(875, 23, 45, 6, 2, 3, 8, 8, 5, 2, 0, 0),
(876, 12, 45, 6, 3, 6, 10, 7, 5, 0, 0, 0),
(877, 14, 45, 6, 3, 4, 11, 9, 4, 0, 0, 0),
(878, 18, 45, 6, 3, 15, 9, 0, 1, 0, 0, 0),
(879, 21, 45, 6, 3, 3, 9, 10, 4, 0, 0, 0),
(880, 22, 45, 6, 3, 3, 8, 12, 3, 0, 0, 0),
(881, 23, 45, 6, 3, 3, 8, 9, 6, 0, 0, 0),
(882, 10, 41, 6, 2, 5, 8, 13, 1, 0, 0, 0),
(883, 11, 41, 6, 2, 10, 7, 7, 1, 3, 0, 0),
(884, 15, 41, 6, 2, 9, 15, 3, 1, 0, 0, 0),
(885, 16, 41, 6, 2, 4, 6, 8, 5, 2, 0, 0),
(886, 17, 41, 6, 2, 14, 6, 4, 3, 1, 0, 0),
(887, 26, 41, 6, 2, 10, 6, 7, 3, 1, 0, 0),
(888, 27, 41, 6, 2, 8, 8, 5, 5, 1, 0, 0),
(889, 10, 41, 6, 3, 7, 18, 2, 0, 0, 0, 0),
(890, 11, 41, 6, 3, 12, 10, 6, 0, 0, 0, 0),
(891, 15, 41, 6, 3, 13, 14, 1, 0, 0, 0, 0),
(892, 16, 41, 6, 3, 4, 12, 8, 1, 0, 0, 0),
(893, 17, 41, 6, 3, 17, 8, 3, 0, 0, 0, 0),
(894, 26, 41, 6, 3, 13, 11, 3, 0, 0, 0, 0),
(895, 27, 41, 6, 3, 11, 9, 6, 1, 0, 0, 0),
(896, 2, 16, 2, 2, 1, 11, 7, 5, 3, 0, 0),
(897, 30, 61, 13, 3, 15, 7, 3, 0, 0, 0, 0),
(898, 33, 61, 13, 3, 22, 4, 0, 0, 0, 0, 0),
(899, 34, 61, 13, 3, 23, 2, 1, 0, 0, 0, 0),
(900, 28, 3, 5, 2, 17, 7, 2, 0, 0, 0, 0),
(901, 30, 3, 5, 2, 6, 9, 9, 0, 1, 0, 0),
(902, 28, 3, 5, 3, 7, 16, 3, 0, 0, 0, 0),
(903, 30, 3, 5, 3, 8, 11, 5, 1, 0, 0, 0),
(904, 42, 61, 26, 3, 8, 0, 0, 0, 0, 0, 0),
(905, 43, 61, 26, 3, 10, 2, 1, 0, 0, 0, 0),
(906, 45, 61, 26, 3, 7, 0, 0, 0, 0, 0, 0),
(907, 10, 90, 5, 2, 27, 0, 0, 0, 0, 0, 0),
(908, 13, 90, 5, 2, 24, 3, 1, 0, 0, 0, 0),
(909, 21, 90, 5, 2, 19, 7, 0, 0, 0, 0, 0),
(910, 22, 90, 5, 2, 8, 11, 5, 2, 0, 0, 0),
(911, 3, 8, 1, 3, 10, 13, 5, 0, 0, 0, 0),
(912, 22, 8, 1, 3, 4, 11, 10, 1, 0, 0, 0),
(913, 24, 8, 1, 3, 7, 17, 3, 0, 0, 1, 0),
(914, 25, 8, 1, 3, 6, 14, 5, 0, 0, 1, 0),
(915, 37, 58, 24, 3, 3, 0, 0, 0, 0, 0, 0),
(916, 38, 58, 24, 3, 1, 0, 0, 0, 0, 0, 0),
(917, 39, 58, 24, 3, 2, 0, 0, 0, 0, 0, 0),
(918, 40, 58, 24, 3, 3, 0, 1, 0, 0, 0, 0),
(919, 41, 58, 24, 3, 2, 0, 1, 0, 0, 0, 0),
(920, 42, 58, 24, 3, 0, 0, 1, 0, 0, 0, 0),
(921, 44, 58, 24, 3, 2, 0, 0, 0, 0, 0, 0),
(922, 45, 58, 24, 3, 4, 1, 0, 0, 0, 0, 0),
(923, 19, 8, 1, 3, 6, 14, 5, 2, 0, 0, 0),
(924, 23, 8, 1, 3, 3, 18, 3, 2, 0, 0, 0),
(925, 37, 58, 34, 3, 1, 1, 1, 0, 0, 0, 0),
(926, 38, 58, 34, 3, 2, 0, 0, 0, 0, 0, 0),
(927, 39, 58, 34, 3, 0, 0, 0, 1, 0, 0, 0),
(928, 40, 58, 34, 3, 2, 0, 0, 0, 0, 0, 0),
(929, 41, 58, 34, 3, 0, 0, 0, 2, 0, 0, 0),
(930, 42, 58, 34, 3, 1, 1, 0, 0, 0, 0, 0),
(931, 43, 58, 34, 3, 0, 0, 1, 0, 0, 0, 0),
(932, 44, 58, 34, 3, 1, 5, 0, 0, 0, 0, 0),
(933, 45, 58, 34, 3, 1, 1, 0, 0, 0, 0, 0),
(934, 37, 52, 22, 3, 8, 0, 0, 0, 1, 0, 0),
(935, 44, 52, 22, 3, 1, 0, 0, 0, 0, 0, 0),
(936, 39, 52, 28, 3, 2, 0, 1, 0, 0, 0, 0),
(937, 42, 52, 28, 3, 6, 1, 0, 1, 0, 0, 0),
(938, 14, 62, 14, 3, 3, 7, 8, 8, 2, 0, 0),
(939, 23, 62, 14, 3, 0, 6, 6, 12, 2, 0, 0),
(940, 31, 62, 14, 3, 3, 8, 8, 4, 0, 0, 0),
(941, 32, 62, 14, 3, 4, 8, 3, 7, 2, 1, 0),
(942, 28, 62, 14, 3, 5, 9, 8, 4, 0, 0, 0),
(943, 43, 35, 38, 3, 9, 1, 0, 0, 0, 0, 0),
(944, 44, 35, 38, 3, 2, 0, 0, 0, 0, 0, 0),
(945, 33, 35, 38, 2, 4, 4, 0, 0, 0, 0, 0),
(946, 34, 35, 38, 2, 0, 2, 1, 0, 0, 0, 0),
(947, 35, 35, 38, 2, 1, 3, 0, 0, 0, 0, 0),
(948, 36, 35, 38, 2, 7, 5, 0, 0, 0, 0, 0),
(949, 43, 35, 38, 2, 5, 5, 0, 0, 0, 0, 0),
(950, 44, 35, 38, 2, 2, 0, 0, 0, 0, 0, 0),
(951, 45, 35, 38, 2, 10, 5, 0, 0, 0, 0, 0),
(952, 39, 63, 27, 3, 3, 1, 0, 1, 0, 0, 0),
(953, 13, 45, 6, 2, 5, 7, 12, 3, 1, 0, 0),
(954, 33, 56, 9, 3, 26, 0, 0, 0, 0, 0, 0),
(955, 34, 56, 9, 3, 26, 0, 0, 0, 0, 0, 0),
(956, 35, 56, 9, 3, 24, 1, 0, 0, 0, 0, 0),
(957, 36, 56, 9, 3, 24, 2, 0, 0, 0, 0, 0),
(958, 19, 56, 10, 3, 27, 0, 0, 0, 0, 0, 0),
(959, 20, 56, 10, 3, 27, 0, 0, 0, 0, 0, 0),
(960, 21, 56, 10, 3, 26, 0, 0, 0, 0, 0, 0),
(961, 22, 56, 10, 3, 22, 4, 0, 0, 0, 0, 0),
(962, 23, 56, 10, 3, 24, 2, 0, 0, 0, 0, 0),
(963, 1, 86, 1, 2, 2, 15, 7, 0, 1, 1, 0),
(964, 2, 86, 1, 2, 16, 7, 0, 1, 1, 2, 0),
(965, 4, 86, 1, 2, 13, 11, 2, 0, 0, 1, 0),
(966, 5, 86, 1, 2, 13, 12, 0, 0, 0, 1, 0),
(967, 6, 86, 1, 2, 27, 0, 0, 0, 0, 0, 0),
(968, 1, 86, 1, 3, 17, 6, 3, 0, 0, 0, 0),
(969, 2, 86, 1, 3, 15, 8, 4, 0, 0, 0, 0),
(970, 4, 86, 1, 3, 23, 4, 0, 0, 0, 0, 0),
(971, 5, 86, 1, 3, 21, 5, 0, 0, 0, 0, 0),
(972, 6, 86, 1, 3, 27, 0, 0, 0, 0, 0, 0),
(973, 19, 65, 15, 3, 9, 13, 5, 0, 0, 0, 0),
(974, 20, 65, 15, 3, 6, 19, 2, 0, 0, 0, 0),
(975, 21, 65, 15, 3, 11, 11, 4, 0, 0, 0, 0),
(976, 35, 65, 15, 3, 18, 7, 0, 0, 0, 0, 0),
(977, 36, 65, 15, 3, 14, 6, 6, 0, 0, 0, 0),
(978, 37, 64, 27, 3, 1, 4, 1, 0, 0, 0, 0),
(979, 45, 64, 27, 3, 2, 5, 1, 0, 0, 0, 0),
(980, 10, 88, 10, 3, 21, 6, 0, 0, 0, 0, 0),
(981, 11, 88, 10, 3, 22, 5, 1, 0, 0, 0, 0),
(982, 12, 88, 10, 3, 10, 10, 7, 1, 0, 0, 0),
(983, 13, 88, 10, 3, 8, 18, 2, 0, 0, 0, 0),
(984, 14, 88, 10, 3, 13, 15, 0, 0, 0, 0, 0),
(985, 15, 88, 10, 3, 18, 8, 2, 0, 0, 0, 0),
(986, 16, 88, 10, 3, 12, 10, 3, 0, 0, 0, 0),
(987, 17, 88, 10, 3, 20, 8, 0, 0, 0, 0, 0),
(988, 18, 88, 10, 3, 22, 3, 0, 0, 0, 0, 0),
(989, 38, 48, 22, 3, 3, 0, 0, 0, 0, 0, 0),
(990, 39, 48, 22, 3, 2, 0, 0, 0, 0, 0, 0),
(991, 41, 48, 22, 3, 0, 1, 0, 0, 0, 0, 0),
(992, 43, 48, 22, 3, 3, 2, 0, 0, 0, 0, 0),
(993, 45, 48, 22, 3, 2, 1, 0, 0, 0, 0, 0),
(994, 42, 95, 22, 3, 1, 0, 0, 0, 0, 0, 0),
(995, 43, 95, 22, 3, 6, 0, 0, 0, 0, 0, 0),
(996, 44, 95, 22, 3, 6, 0, 0, 0, 0, 0, 0),
(997, 32, 61, 13, 3, 16, 7, 1, 1, 0, 0, 0),
(998, 4, 18, 2, 3, 8, 17, 2, 0, 0, 0, 0),
(999, 23, 34, 5, 5, 5, 13, 6, 2, 0, 0, 0),
(1000, 24, 34, 31, 3, 2, 1, 1, 0, 0, 0, 0),
(1001, 27, 34, 31, 3, 4, 1, 2, 0, 0, 0, 0),
(1002, 43, 34, 31, 3, 13, 0, 0, 0, 0, 0, 0),
(1003, 44, 34, 31, 3, 6, 2, 0, 0, 0, 0, 0),
(1004, 24, 34, 38, 3, 2, 1, 1, 0, 0, 0, 0),
(1005, 27, 34, 38, 3, 3, 2, 2, 0, 0, 0, 0),
(1006, 20, 34, 5, 3, 6, 10, 10, 1, 0, 0, 0),
(1007, 23, 34, 5, 3, 5, 13, 6, 2, 0, 0, 0),
(1008, 24, 34, 38, 2, 0, 3, 1, 0, 0, 0, 0),
(1009, 26, 34, 38, 2, 2, 12, 2, 1, 0, 0, 0),
(1010, 27, 34, 38, 2, 2, 3, 2, 0, 0, 0, 0),
(1011, 26, 67, 15, 3, 10, 10, 6, 1, 0, 0, 0),
(1012, 27, 67, 15, 3, 16, 6, 5, 0, 0, 0, 0),
(1013, 28, 67, 15, 3, 12, 8, 5, 1, 0, 0, 0),
(1014, 29, 67, 15, 3, 7, 15, 2, 2, 0, 0, 0),
(1015, 30, 67, 15, 3, 11, 9, 5, 0, 0, 0, 0),
(1016, 31, 67, 15, 3, 2, 14, 4, 1, 2, 0, 0),
(1017, 32, 67, 15, 3, 4, 9, 10, 1, 0, 1, 0),
(1018, 33, 67, 15, 3, 16, 8, 2, 0, 0, 0, 0),
(1019, 34, 67, 15, 3, 17, 8, 0, 1, 0, 0, 0),
(1020, 31, 91, 5, 2, 9, 9, 4, 1, 0, 0, 0),
(1021, 38, 91, 5, 2, 11, 10, 1, 2, 0, 0, 0),
(1022, 31, 91, 5, 3, 9, 5, 8, 1, 0, 0, 0),
(1023, 38, 91, 5, 3, 11, 5, 6, 2, 0, 0, 0),
(1024, 5, 27, 2, 2, 2, 18, 6, 0, 0, 0, 0),
(1025, 5, 27, 2, 3, 4, 20, 2, 0, 0, 0, 0),
(1026, 24, 91, 38, 2, 2, 13, 5, 0, 0, 0, 0),
(1027, 25, 91, 38, 2, 0, 2, 4, 0, 0, 0, 0),
(1028, 33, 91, 38, 2, 2, 4, 2, 0, 1, 0, 0),
(1029, 34, 91, 38, 2, 2, 0, 2, 0, 0, 0, 0),
(1030, 35, 91, 38, 2, 1, 7, 2, 0, 0, 0, 0),
(1031, 36, 91, 38, 2, 0, 5, 0, 0, 0, 0, 0),
(1032, 13, 11, 1, 2, 9, 12, 4, 2, 1, 0, 0),
(1033, 14, 11, 1, 2, 10, 10, 4, 3, 1, 0, 0),
(1034, 17, 11, 1, 2, 12, 12, 3, 0, 1, 0, 0),
(1035, 18, 11, 1, 2, 11, 9, 4, 1, 0, 0, 0),
(1036, 37, 11, 1, 2, 14, 7, 1, 2, 1, 0, 0),
(1037, 45, 11, 1, 2, 15, 5, 3, 1, 0, 0, 0),
(1038, 24, 91, 38, 3, 9, 7, 4, 0, 0, 0, 0),
(1039, 25, 91, 38, 3, 0, 3, 3, 0, 0, 0, 0),
(1040, 33, 91, 38, 3, 4, 4, 1, 0, 0, 0, 0),
(1041, 34, 91, 38, 3, 2, 2, 0, 0, 0, 0, 0),
(1042, 35, 91, 38, 3, 6, 4, 0, 0, 0, 0, 0),
(1043, 36, 91, 38, 3, 3, 2, 0, 0, 0, 0, 0),
(1044, 13, 11, 1, 3, 14, 10, 3, 0, 1, 0, 0),
(1045, 14, 11, 1, 3, 20, 3, 4, 1, 0, 0, 0),
(1046, 17, 11, 1, 3, 17, 10, 1, 0, 0, 0, 0),
(1047, 18, 11, 1, 3, 21, 4, 0, 0, 0, 0, 0),
(1048, 37, 11, 1, 3, 12, 10, 1, 1, 1, 0, 0),
(1049, 45, 11, 1, 3, 18, 4, 1, 1, 0, 0, 0),
(1050, 15, 36, 3, 3, 9, 13, 6, 0, 0, 0, 0),
(1051, 18, 36, 3, 3, 11, 11, 3, 0, 0, 0, 0),
(1052, 10, 53, 9, 3, 5, 16, 5, 1, 0, 0, 0),
(1053, 11, 53, 9, 3, 12, 8, 5, 3, 0, 0, 0),
(1054, 12, 53, 9, 3, 8, 8, 9, 3, 0, 0, 0),
(1055, 13, 53, 9, 3, 8, 5, 8, 7, 0, 0, 0),
(1056, 14, 53, 9, 3, 6, 9, 6, 6, 1, 0, 0),
(1057, 19, 53, 9, 3, 6, 13, 5, 3, 0, 0, 0),
(1058, 20, 53, 9, 3, 10, 14, 3, 0, 0, 0, 0),
(1059, 21, 53, 9, 3, 14, 5, 3, 4, 0, 0, 0),
(1060, 22, 53, 9, 3, 5, 9, 6, 6, 0, 0, 0),
(1061, 23, 53, 9, 3, 4, 11, 4, 6, 1, 0, 0),
(1062, 42, 52, 22, 3, 1, 0, 0, 0, 0, 0, 0),
(1063, 24, 53, 9, 3, 13, 9, 3, 2, 0, 1, 0),
(1064, 29, 5, 1, 3, 19, 6, 1, 0, 0, 0, 0),
(1065, 10, 90, 5, 3, 25, 2, 0, 0, 0, 0, 0),
(1066, 13, 90, 5, 3, 24, 3, 1, 0, 0, 0, 0),
(1067, 21, 90, 5, 3, 24, 1, 1, 0, 0, 0, 0),
(1068, 22, 90, 5, 3, 17, 7, 2, 0, 0, 0, 0),
(1069, 20, 10, 1, 3, 10, 12, 5, 0, 0, 0, 0),
(1070, 44, 20, 4, 2, 22, 3, 1, 0, 0, 0, 0),
(1071, 44, 20, 4, 3, 24, 2, 0, 0, 0, 0, 0),
(1072, 11, 19, 2, 3, 5, 16, 6, 0, 1, 0, 0),
(1073, 12, 19, 2, 3, 1, 15, 7, 4, 1, 0, 0),
(1074, 39, 33, 5, 2, 12, 3, 5, 2, 2, 0, 0),
(1075, 41, 33, 5, 2, 6, 8, 5, 2, 4, 0, 0),
(1076, 39, 33, 5, 3, 12, 3, 5, 2, 2, 0, 0),
(1077, 41, 33, 5, 3, 6, 8, 5, 2, 4, 0, 0),
(1078, 25, 33, 38, 3, 0, 1, 1, 0, 0, 1, 0),
(1079, 26, 33, 38, 3, 1, 3, 3, 3, 0, 0, 0),
(1080, 27, 33, 38, 3, 4, 7, 2, 0, 0, 0, 0),
(1081, 42, 33, 38, 3, 0, 4, 1, 3, 0, 0, 0),
(1082, 43, 33, 38, 3, 0, 2, 1, 0, 0, 0, 0),
(1083, 44, 33, 38, 3, 0, 7, 4, 4, 0, 0, 0),
(1084, 45, 33, 38, 3, 0, 3, 0, 0, 0, 0, 0),
(1085, 25, 33, 38, 2, 0, 1, 1, 0, 0, 1, 0),
(1086, 27, 33, 38, 2, 4, 7, 2, 0, 0, 0, 0),
(1087, 43, 33, 38, 2, 0, 2, 0, 1, 0, 0, 0),
(1088, 44, 33, 38, 2, 0, 7, 4, 4, 0, 0, 0),
(1089, 19, 60, 12, 3, 8, 16, 3, 0, 0, 0, 0),
(1090, 20, 60, 12, 3, 16, 11, 0, 0, 0, 0, 0),
(1091, 21, 60, 12, 3, 14, 12, 0, 0, 0, 0, 0),
(1092, 22, 60, 12, 3, 13, 10, 2, 1, 0, 0, 0),
(1093, 23, 60, 12, 3, 9, 14, 3, 0, 0, 0, 0),
(1094, 24, 60, 12, 3, 15, 12, 1, 0, 0, 0, 0),
(1095, 25, 60, 12, 3, 17, 6, 2, 0, 0, 1, 0),
(1096, 26, 60, 12, 3, 17, 10, 0, 0, 0, 0, 0),
(1097, 27, 60, 12, 3, 20, 7, 0, 0, 0, 0, 0),
(1098, 38, 60, 16, 3, 19, 2, 3, 0, 0, 0, 0),
(1099, 40, 60, 16, 3, 16, 5, 4, 0, 0, 0, 0),
(1100, 38, 60, 26, 3, 8, 1, 0, 0, 0, 0, 0),
(1101, 40, 60, 26, 3, 12, 2, 0, 0, 0, 0, 0),
(1102, 41, 60, 26, 3, 5, 1, 0, 0, 0, 0, 0),
(1103, 15, 57, 9, 3, 11, 12, 3, 2, 0, 0, 0),
(1104, 16, 57, 9, 3, 12, 5, 7, 1, 0, 0, 0),
(1105, 17, 57, 9, 3, 9, 13, 5, 1, 0, 0, 0),
(1106, 18, 57, 9, 3, 21, 2, 2, 0, 0, 0, 0),
(1107, 26, 57, 9, 3, 16, 8, 2, 1, 0, 0, 0),
(1108, 27, 57, 9, 3, 15, 11, 1, 0, 0, 0, 0),
(1109, 29, 57, 9, 3, 13, 13, 0, 0, 0, 0, 0),
(1110, 30, 57, 9, 3, 11, 6, 6, 2, 0, 0, 0),
(1111, 31, 57, 9, 3, 12, 7, 3, 1, 0, 0, 0),
(1112, 32, 57, 9, 3, 12, 7, 5, 1, 0, 0, 0),
(1113, 25, 57, 9, 3, 13, 8, 3, 1, 0, 1, 0),
(1114, 14, 31, 5, 2, 2, 6, 5, 3, 8, 4, 0),
(1115, 14, 31, 5, 3, 4, 15, 7, 2, 0, 0, 0),
(1116, 33, 31, 38, 2, 2, 3, 0, 0, 0, 0, 0),
(1117, 34, 31, 38, 2, 4, 4, 0, 0, 0, 0, 0),
(1118, 35, 31, 38, 2, 3, 4, 0, 0, 0, 0, 0),
(1119, 36, 31, 38, 2, 0, 4, 0, 0, 0, 0, 0),
(1120, 42, 31, 38, 2, 7, 7, 1, 0, 0, 0, 0),
(1121, 45, 31, 38, 2, 2, 3, 1, 0, 0, 0, 0),
(1122, 33, 31, 38, 3, 1, 4, 0, 0, 0, 0, 0),
(1123, 34, 31, 38, 3, 4, 4, 0, 0, 0, 0, 0),
(1124, 35, 31, 38, 3, 2, 5, 0, 0, 0, 0, 0),
(1125, 36, 31, 38, 3, 0, 4, 0, 0, 0, 0, 0),
(1126, 42, 31, 38, 3, 15, 0, 0, 0, 0, 0, 0),
(1127, 45, 31, 38, 3, 6, 0, 0, 0, 0, 0, 0),
(1128, 33, 31, 31, 3, 2, 2, 0, 0, 0, 0, 0),
(1129, 34, 31, 31, 3, 4, 4, 0, 0, 0, 0, 0),
(1130, 35, 31, 31, 3, 3, 3, 1, 0, 0, 0, 0),
(1131, 36, 31, 31, 3, 4, 0, 0, 0, 0, 0, 0),
(1132, 42, 31, 31, 3, 13, 2, 0, 0, 0, 0, 0),
(1133, 45, 31, 31, 3, 3, 3, 0, 0, 0, 0, 0),
(1134, 38, 51, 22, 3, 10, 0, 0, 0, 0, 0, 0),
(1135, 44, 51, 22, 3, 4, 0, 0, 0, 0, 0, 0),
(1136, 42, 51, 28, 3, 1, 0, 0, 0, 0, 0, 0),
(1137, 43, 51, 28, 3, 10, 0, 0, 0, 0, 0, 0),
(1138, 44, 51, 28, 3, 3, 0, 0, 0, 0, 0, 0),
(1139, 13, 45, 6, 3, 4, 8, 12, 3, 1, 0, 0),
(1140, 1, 43, 6, 3, 7, 9, 10, 0, 0, 0, 0),
(1141, 2, 43, 6, 3, 0, 7, 13, 6, 1, 0, 0),
(1142, 3, 43, 6, 3, 4, 9, 13, 2, 0, 0, 0),
(1143, 4, 43, 6, 3, 5, 15, 6, 1, 0, 0, 0),
(1144, 7, 43, 6, 3, 2, 13, 10, 1, 0, 0, 0),
(1145, 9, 43, 6, 3, 7, 15, 5, 0, 0, 0, 0),
(1146, 33, 29, 38, 3, 3, 1, 0, 0, 0, 0, 0),
(1147, 34, 29, 38, 3, 6, 5, 0, 0, 0, 0, 0),
(1148, 35, 29, 38, 3, 1, 3, 0, 0, 0, 0, 0),
(1149, 36, 29, 38, 3, 2, 3, 0, 0, 0, 0, 0),
(1150, 33, 29, 31, 3, 3, 1, 0, 0, 0, 0, 0),
(1151, 34, 29, 31, 3, 6, 5, 0, 0, 0, 0, 0),
(1152, 35, 29, 31, 3, 2, 2, 0, 0, 0, 0, 0),
(1153, 36, 29, 31, 3, 2, 3, 0, 0, 0, 0, 0),
(1154, 33, 15, 4, 2, 16, 5, 4, 1, 0, 0, 0),
(1155, 29, 15, 2, 3, 8, 18, 0, 0, 0, 0, 0),
(1156, 31, 15, 2, 3, 6, 12, 4, 1, 0, 0, 0),
(1157, 33, 15, 4, 3, 21, 4, 0, 1, 0, 0, 0),
(1158, 38, 50, 22, 3, 2, 0, 0, 0, 0, 0, 0),
(1159, 40, 50, 22, 3, 4, 0, 0, 1, 0, 0, 0),
(1160, 41, 50, 22, 3, 4, 0, 0, 0, 0, 0, 0),
(1161, 44, 50, 22, 3, 2, 0, 0, 0, 0, 0, 0),
(1162, 38, 50, 28, 3, 3, 0, 0, 0, 0, 0, 0),
(1163, 40, 50, 28, 3, 2, 0, 0, 0, 0, 0, 0),
(1164, 45, 50, 28, 3, 6, 1, 0, 0, 0, 0, 0),
(1165, 29, 36, 5, 3, 15, 5, 6, 0, 0, 0, 0),
(1166, 39, 46, 35, 3, 2, 1, 0, 0, 0, 0, 0),
(1167, 28, 44, 6, 3, 6, 10, 9, 1, 0, 0, 0),
(1168, 29, 44, 6, 3, 9, 5, 6, 6, 0, 0, 0),
(1169, 30, 44, 6, 3, 4, 8, 11, 2, 0, 0, 0),
(1170, 28, 1, 9, 3, 12, 12, 2, 0, 0, 0, 0);

-- --------------------------------------------------------

--
-- Table structure for table `fls1egvn_missings`
--

CREATE TABLE IF NOT EXISTS `fls1egvn_missings` (
  `nr` int(11) NOT NULL AUTO_INCREMENT,
  `student_nr` int(11) NOT NULL,
  `current_w` int(11) NOT NULL DEFAULT '0',
  `current_h` smallint(6) DEFAULT '0',
  `current_p` tinyint(1) DEFAULT '0',
  `sep_w` int(11) NOT NULL DEFAULT '0',
  `sep_h` smallint(6) DEFAULT '0',
  `sep_p` tinyint(4) DEFAULT '0',
  `oct_w` int(11) NOT NULL DEFAULT '0',
  `oct_h` smallint(6) DEFAULT '0',
  `oct_p` tinyint(4) DEFAULT '0',
  `nov_w` smallint(6) NOT NULL DEFAULT '0',
  `nov_h` smallint(6) DEFAULT '0',
  `nov_p` tinyint(4) DEFAULT '0',
  `dec_w` smallint(6) NOT NULL DEFAULT '0',
  `dec_h` smallint(6) DEFAULT '0',
  `dec_p` tinyint(4) DEFAULT '0',
  `jan_w` smallint(6) NOT NULL DEFAULT '0',
  `jan_h` smallint(6) DEFAULT '0',
  `jan_p` tinyint(4) DEFAULT '0',
  `feb_w` smallint(6) NOT NULL DEFAULT '0',
  `feb_h` smallint(6) DEFAULT '0',
  `feb_p` tinyint(4) DEFAULT '0',
  `mar_w` int(11) NOT NULL DEFAULT '0',
  `mar_h` smallint(6) DEFAULT '0',
  `mar_p` tinyint(4) DEFAULT '0',
  `apr_w` smallint(6) NOT NULL DEFAULT '0',
  `apr_h` smallint(6) DEFAULT '0',
  `apr_p` tinyint(4) DEFAULT '0',
  `may_w` int(11) NOT NULL DEFAULT '0',
  `may_h` smallint(6) DEFAULT '0',
  `may_p` tinyint(4) DEFAULT '0',
  `jun_w` smallint(6) NOT NULL DEFAULT '0',
  `jun_h` smallint(6) DEFAULT '0',
  `jun_p` tinyint(4) DEFAULT '0',
  PRIMARY KEY (`nr`)
) ENGINE=InnoDB  DEFAULT CHARSET=utf8 AUTO_INCREMENT=1181 ;

--
-- Dumping data for table `fls1egvn_missings`
--

INSERT INTO `fls1egvn_missings` (`nr`, `student_nr`, `current_w`, `current_h`, `current_p`, `sep_w`, `sep_h`, `sep_p`, `oct_w`, `oct_h`, `oct_p`, `nov_w`, `nov_h`, `nov_p`, `dec_w`, `dec_h`, `dec_p`, `jan_w`, `jan_h`, `jan_p`, `feb_w`, `feb_h`, `feb_p`, `mar_w`, `mar_h`, `mar_p`, `apr_w`, `apr_h`, `apr_p`, `may_w`, `may_h`, `may_p`, `jun_w`, `jun_h`, `jun_p`) VALUES
(1, 1, 62, 6, 1, 0, 0, 0, 0, 0, 0, 0, 0, 0, 22, 0, 0, 0, 0, 1, 2, 1, 0, 18, 0, 0, 0, 0, 0, 0, 0, 0, 0, 0, 0),
(2, 2, 234, 2, 2, 0, 0, 0, 0, 0, 0, 0, 0, 0, 49, 0, 0, 28, 0, 2, 21, 0, 2, 38, 0, 1, 0, 0, 0, 0, 0, 0, 0, 0, 0),
(3, 4, 23, 0, 1, 0, 0, 0, 0, 0, 0, 0, 0, 0, 0, 0, 0, 0, 0, 0, 0, 0, 0, 0, 0, 1, 0, 0, 0, 0, 0, 0, 0, 0, 0),
(4, 5, 217, 3, 0, 0, 0, 0, 0, 0, 0, 0, 0, 0, 56, 0, 0, 2, 1, 0, 24, 0, 0, 64, 1, 0, 0, 0, 0, 0, 0, 0, 0, 0, 0),
(5, 6, 24, 0, 0, 0, 0, 0, 0, 0, 0, 0, 0, 0, 0, 0, 0, 18, 0, 0, 0, 0, 0, 0, 0, 0, 0, 0, 0, 0, 0, 0, 0, 0, 0),
(6, 7, 171, 6, 0, 0, 0, 0, 0, 0, 0, 0, 0, 0, 1, 0, 1, 20, 2, 2, 36, 0, 1, 38, 1, 1, 0, 0, 0, 0, 0, 0, 0, 0, 0),
(7, 8, 58, 0, 2, 0, 0, 0, 0, 0, 0, 0, 0, 0, 0, 0, 0, 5, 0, 1, 0, 0, 0, 0, 0, 1, 0, 0, 0, 0, 0, 0, 0, 0, 0),
(8, 9, 34, 0, 0, 0, 0, 0, 0, 0, 0, 0, 0, 0, 0, 0, 0, 7, 0, 0, 0, 0, 0, 7, 0, 0, 0, 0, 0, 0, 0, 0, 0, 0, 0),
(9, 10, 117, 3, 0, 0, 0, 0, 0, 0, 0, 0, 0, 0, 0, 0, 0, 27, 1, 2, 51, 0, 1, 0, 0, 2, 0, 0, 0, 0, 0, 0, 0, 0, 0),
(10, 11, 7, 0, 1, 0, 0, 0, 0, 0, 0, 0, 0, 0, 0, 0, 0, 7, 0, 0, 0, 0, 1, 0, 0, 0, 0, 0, 0, 0, 0, 0, 0, 0, 0),
(11, 12, 130, 8, 1, 0, 0, 0, 0, 0, 0, 0, 0, 0, 0, 1, 0, 12, 1, 0, 40, 1, 1, 4, 1, 2, 0, 0, 0, 0, 0, 0, 0, 0, 0),
(12, 13, 107, 0, 0, 0, 0, 0, 0, 0, 0, 0, 0, 0, 0, 0, 0, 6, 0, 0, 29, 0, 0, 14, 0, 0, 0, 0, 0, 0, 0, 0, 0, 0, 0),
(13, 14, 58, 0, 0, 0, 0, 0, 0, 0, 0, 0, 0, 0, 0, 0, 0, 0, 0, 0, 14, 0, 0, 24, 0, 0, 0, 0, 0, 0, 0, 0, 0, 0, 0),
(14, 15, 79, 3, 1, 0, 0, 0, 0, 0, 0, 0, 0, 0, 5, 0, 0, 13, 1, 0, 31, 0, 0, 6, 1, 1, 0, 0, 0, 0, 0, 0, 0, 0, 0),
(15, 16, 32, 4, 1, 0, 0, 0, 0, 0, 0, 0, 0, 0, 0, 1, 0, 13, 1, 2, 0, 0, 1, 0, 0, 2, 0, 0, 0, 0, 0, 0, 0, 0, 0),
(16, 17, 147, 1, 2, 0, 0, 0, 0, 0, 0, 0, 0, 0, 5, 0, 1, 29, 1, 0, 0, 0, 0, 42, 0, 1, 0, 0, 0, 0, 0, 0, 0, 0, 0),
(17, 18, 0, 0, 0, 0, 0, 0, 0, 0, 0, 0, 0, 0, 0, 0, 0, 0, 0, 0, 0, 0, 0, 0, 0, 0, 0, 0, 0, 0, 0, 0, 0, 0, 0),
(18, 19, 85, 2, 1, 0, 0, 0, 0, 0, 0, 0, 0, 0, 7, 0, 1, 13, 1, 1, 26, 0, 1, 0, 0, 1, 0, 0, 0, 0, 0, 0, 0, 0, 0),
(19, 20, 121, 0, 1, 0, 0, 0, 0, 0, 0, 0, 0, 0, 0, 0, 0, 22, 0, 0, 29, 0, 1, 3, 0, 0, 0, 0, 0, 0, 0, 0, 0, 0, 0),
(20, 21, 103, 0, 0, 0, 0, 0, 0, 0, 0, 0, 0, 0, 0, 0, 0, 50, 0, 0, 23, 0, 0, 3, 0, 0, 0, 0, 0, 0, 0, 0, 0, 0, 0),
(21, 22, 106, 1, 1, 0, 0, 0, 0, 0, 0, 0, 0, 0, 26, 0, 0, 21, 1, 0, 11, 0, 0, 23, 0, 0, 0, 0, 0, 0, 0, 0, 0, 0, 0),
(22, 23, 162, 0, 1, 0, 0, 0, 0, 0, 0, 0, 0, 0, 0, 0, 0, 29, 0, 0, 33, 0, 0, 27, 0, 1, 0, 0, 0, 0, 0, 0, 0, 0, 0),
(23, 24, 168, 4, 1, 0, 0, 0, 0, 0, 0, 0, 0, 0, 28, 0, 1, 31, 1, 1, 30, 0, 2, 31, 1, 0, 0, 0, 0, 0, 0, 0, 0, 0, 0),
(24, 25, 37, 2, 1, 0, 0, 0, 0, 0, 0, 0, 0, 0, 7, 0, 0, 10, 1, 2, 7, 0, 0, 0, 0, 0, 0, 0, 0, 0, 0, 0, 0, 0, 0),
(25, 26, 84, 0, 1, 0, 0, 0, 0, 0, 0, 0, 0, 0, 0, 0, 0, 7, 0, 0, 23, 0, 0, 14, 0, 1, 0, 0, 0, 0, 0, 0, 0, 0, 0),
(26, 27, 44, 1, 2, 0, 0, 0, 0, 0, 0, 0, 0, 0, 0, 0, 1, 13, 0, 2, 5, 0, 2, 14, 0, 0, 0, 0, 0, 0, 0, 0, 0, 0, 0),
(27, 28, 76, 1, 1, 0, 0, 0, 0, 0, 0, 0, 0, 0, 9, 0, 0, 28, 0, 2, 0, 0, 0, 19, 0, 1, 0, 0, 0, 0, 0, 0, 0, 0, 0),
(28, 29, 29, 3, 0, 0, 0, 0, 0, 0, 0, 0, 0, 0, 0, 1, 0, 0, 0, 0, 0, 0, 0, 0, 1, 2, 0, 0, 0, 0, 0, 0, 0, 0, 0),
(29, 30, 38, 1, 1, 0, 0, 0, 0, 0, 0, 0, 0, 0, 12, 0, 0, 4, 0, 0, 0, 0, 0, 11, 1, 0, 0, 0, 0, 0, 0, 0, 0, 0, 0),
(30, 31, 134, 2, 1, 0, 0, 0, 0, 0, 0, 0, 0, 0, 4, 0, 0, 4, 0, 1, 25, 0, 0, 32, 1, 2, 0, 0, 0, 0, 0, 0, 0, 0, 0),
(31, 32, 136, 2, 1, 0, 0, 0, 0, 0, 0, 0, 0, 0, 37, 0, 0, 6, 1, 1, 29, 0, 1, 17, 0, 1, 0, 0, 0, 0, 0, 0, 0, 0, 0),
(32, 33, 67, 3, 1, 0, 0, 0, 0, 0, 0, 0, 0, 0, 14, 0, 0, 21, 0, 0, 1, 2, 1, 0, 0, 0, 0, 0, 0, 0, 0, 0, 0, 0, 0),
(33, 34, 81, 2, 0, 0, 0, 0, 0, 0, 0, 0, 0, 0, 2, 0, 0, 14, 0, 1, 10, 0, 0, 35, 0, 0, 0, 0, 0, 0, 0, 0, 0, 0, 0),
(34, 35, 89, 5, 0, 0, 0, 0, 0, 0, 0, 0, 0, 0, 0, 2, 0, 11, 0, 2, 0, 0, 0, 36, 2, 0, 0, 0, 0, 0, 0, 0, 0, 0, 0),
(35, 36, 23, 6, 1, 0, 0, 0, 0, 0, 0, 0, 0, 0, 21, 0, 1, 0, 1, 0, 0, 2, 0, 0, 0, 2, 0, 0, 0, 0, 0, 0, 0, 0, 0),
(36, 37, 33, 0, 0, 0, 0, 0, 0, 0, 0, 0, 0, 0, 0, 0, 0, 1, 0, 0, 20, 0, 0, 0, 0, 0, 0, 0, 0, 0, 0, 0, 0, 0, 0),
(37, 38, 20, 1, 0, 0, 0, 0, 0, 0, 0, 0, 0, 0, 0, 0, 0, 15, 0, 0, 5, 0, 0, 0, 1, 0, 0, 0, 0, 0, 0, 0, 0, 0, 0),
(38, 39, 61, 0, 1, 0, 0, 0, 0, 0, 0, 0, 0, 0, 3, 0, 0, 3, 0, 0, 0, 0, 0, 33, 0, 0, 0, 0, 0, 0, 0, 0, 0, 0, 0),
(39, 40, 69, 5, 0, 0, 0, 0, 0, 0, 0, 0, 0, 0, 10, 1, 0, 1, 1, 1, 29, 0, 0, 18, 2, 0, 0, 0, 0, 0, 0, 0, 0, 0, 0),
(40, 41, 94, 2, 1, 0, 0, 0, 0, 0, 0, 0, 0, 0, 8, 0, 0, 20, 0, 0, 12, 2, 1, 26, 0, 0, 0, 0, 0, 0, 0, 0, 0, 0, 0),
(41, 42, 3, 1, 0, 0, 0, 0, 0, 0, 0, 0, 0, 0, 0, 0, 0, 0, 0, 0, 0, 1, 0, 3, 0, 0, 0, 0, 0, 0, 0, 0, 0, 0, 0),
(42, 43, 115, 4, 2, 0, 0, 0, 0, 0, 0, 0, 0, 0, 19, 1, 0, 7, 0, 0, 8, 1, 1, 39, 0, 2, 0, 0, 0, 0, 0, 0, 0, 0, 0),
(43, 44, 68, 1, 0, 0, 0, 0, 0, 0, 0, 0, 0, 0, 7, 0, 0, 10, 0, 0, 0, 1, 0, 19, 0, 0, 0, 0, 0, 0, 0, 0, 0, 0, 0),
(44, 45, 52, 0, 2, 0, 0, 0, 0, 0, 0, 0, 0, 0, 0, 0, 0, 3, 0, 2, 0, 0, 0, 11, 0, 0, 0, 0, 0, 0, 0, 0, 0, 0, 0),
(45, 46, 54, 1, 0, 0, 0, 0, 0, 0, 0, 0, 0, 0, 21, 0, 0, 0, 0, 0, 5, 0, 0, 23, 1, 0, 0, 0, 0, 0, 0, 0, 0, 0, 0),
(46, 47, 36, 7, 1, 0, 0, 0, 0, 0, 0, 0, 0, 0, 11, 1, 1, 1, 0, 2, 0, 0, 2, 18, 1, 1, 0, 0, 0, 0, 0, 0, 0, 0, 0),
(47, 48, 72, 7, 0, 0, 0, 0, 0, 0, 0, 0, 0, 0, 12, 0, 1, 3, 1, 1, 4, 0, 1, 26, 1, 2, 0, 0, 0, 0, 0, 0, 0, 0, 0),
(48, 49, 0, 0, 0, 0, 0, 0, 0, 0, 0, 0, 0, 0, 0, 0, 0, 0, 0, 0, 0, 0, 0, 0, 0, 0, 0, 0, 0, 0, 0, 0, 0, 0, 0),
(49, 50, 19, 0, 0, 0, 0, 0, 0, 0, 0, 0, 0, 0, 0, 0, 0, 19, 0, 0, 0, 0, 0, 0, 0, 0, 0, 0, 0, 0, 0, 0, 0, 0, 0),
(50, 51, 69, 1, 2, 0, 0, 0, 0, 0, 0, 0, 0, 0, 4, 0, 0, 19, 0, 2, 21, 0, 0, 25, 1, 0, 0, 0, 0, 0, 0, 0, 0, 0, 0),
(51, 52, 90, 6, 0, 0, 0, 0, 0, 0, 0, 0, 0, 0, 16, 0, 0, 34, 4, 0, 12, 1, 1, 28, 0, 2, 0, 0, 0, 0, 0, 0, 0, 0, 0),
(52, 53, 6, 0, 1, 0, 0, 0, 0, 0, 0, 0, 0, 0, 6, 0, 1, 0, 0, 0, 0, 0, 0, 0, 0, 0, 0, 0, 0, 0, 0, 0, 0, 0, 0),
(53, 55, 130, 0, 1, 0, 0, 0, 0, 0, 0, 0, 0, 0, 32, 0, 0, 12, 0, 0, 38, 0, 0, 12, 0, 0, 0, 0, 0, 0, 0, 0, 0, 0, 0),
(54, 56, 154, 1, 2, 0, 0, 0, 0, 0, 0, 0, 0, 0, 0, 0, 0, 31, 0, 0, 24, 0, 0, 21, 1, 1, 0, 0, 0, 0, 0, 0, 0, 0, 0),
(55, 57, 59, 0, 0, 0, 0, 0, 0, 0, 0, 0, 0, 0, 0, 0, 0, 4, 0, 0, 21, 0, 0, 4, 0, 0, 0, 0, 0, 0, 0, 0, 0, 0, 0),
(56, 58, 115, 0, 0, 0, 0, 0, 0, 0, 0, 0, 0, 0, 0, 0, 0, 29, 0, 0, 21, 0, 0, 11, 0, 0, 0, 0, 0, 0, 0, 0, 0, 0, 0),
(57, 59, 82, 1, 2, 0, 0, 0, 0, 0, 0, 0, 0, 0, 4, 0, 0, 12, 0, 1, 14, 0, 0, 9, 0, 0, 0, 0, 0, 0, 0, 0, 0, 0, 0),
(58, 60, 68, 0, 0, 0, 0, 0, 0, 0, 0, 0, 0, 0, 0, 0, 0, 8, 0, 0, 9, 0, 0, 12, 0, 0, 0, 0, 0, 0, 0, 0, 0, 0, 0),
(59, 61, 68, 2, 0, 0, 0, 0, 0, 0, 0, 0, 0, 0, 8, 0, 0, 8, 0, 1, 22, 0, 0, 6, 0, 0, 0, 0, 0, 0, 0, 0, 0, 0, 0),
(60, 62, 137, 2, 0, 0, 0, 0, 0, 0, 0, 0, 0, 0, 26, 0, 0, 17, 0, 1, 36, 0, 0, 17, 0, 0, 0, 0, 0, 0, 0, 0, 0, 0, 0),
(61, 63, 65, 0, 0, 0, 0, 0, 0, 0, 0, 0, 0, 0, 0, 0, 0, 15, 0, 0, 19, 0, 0, 2, 0, 0, 0, 0, 0, 0, 0, 0, 0, 0, 0),
(62, 64, 0, 0, 0, 0, 0, 0, 0, 0, 0, 0, 0, 0, 0, 0, 0, 0, 0, 0, 0, 0, 0, 0, 0, 0, 0, 0, 0, 0, 0, 0, 0, 0, 0),
(63, 65, 37, 0, 0, 0, 0, 0, 0, 0, 0, 0, 0, 0, 0, 0, 0, 20, 0, 0, 6, 0, 0, 3, 0, 0, 0, 0, 0, 0, 0, 0, 0, 0, 0),
(64, 66, 67, 1, 1, 0, 0, 0, 0, 0, 0, 0, 0, 0, 2, 1, 0, 3, 0, 0, 11, 0, 0, 2, 0, 0, 0, 0, 0, 0, 0, 0, 0, 0, 0),
(65, 67, 81, 0, 2, 0, 0, 0, 0, 0, 0, 0, 0, 0, 0, 0, 0, 19, 0, 1, 14, 0, 0, 27, 0, 1, 0, 0, 0, 0, 0, 0, 0, 0, 0),
(66, 68, 7, 0, 2, 0, 0, 0, 0, 0, 0, 0, 0, 0, 0, 0, 0, 0, 0, 0, 1, 0, 0, 0, 0, 1, 0, 0, 0, 0, 0, 0, 0, 0, 0),
(67, 69, 160, 0, 0, 0, 0, 0, 0, 0, 0, 0, 0, 0, 0, 0, 0, 33, 0, 0, 38, 0, 0, 33, 0, 0, 0, 0, 0, 0, 0, 0, 0, 0, 0),
(68, 71, 76, 1, 0, 0, 0, 0, 0, 0, 0, 0, 0, 0, 2, 0, 0, 19, 0, 0, 21, 0, 0, 6, 0, 2, 0, 0, 0, 0, 0, 0, 0, 0, 0),
(69, 72, 74, 0, 1, 0, 0, 0, 0, 0, 0, 0, 0, 0, 0, 0, 0, 29, 0, 0, 6, 0, 0, 4, 0, 1, 0, 0, 0, 0, 0, 0, 0, 0, 0),
(70, 73, 13, 0, 0, 0, 0, 0, 0, 0, 0, 0, 0, 0, 0, 0, 0, 7, 0, 0, 0, 0, 0, 6, 0, 0, 0, 0, 0, 0, 0, 0, 0, 0, 0),
(71, 74, 93, 0, 1, 0, 0, 0, 0, 0, 0, 0, 0, 0, 0, 0, 0, 22, 0, 0, 40, 0, 0, 14, 0, 1, 0, 0, 0, 0, 0, 0, 0, 0, 0),
(72, 75, 48, 1, 1, 0, 0, 0, 0, 0, 0, 0, 0, 0, 15, 1, 0, 18, 0, 1, 8, 0, 0, 7, 0, 0, 0, 0, 0, 0, 0, 0, 0, 0, 0),
(73, 76, 104, 0, 1, 0, 0, 0, 0, 0, 0, 0, 0, 0, 0, 0, 0, 22, 0, 0, 53, 0, 0, 12, 0, 1, 0, 0, 0, 0, 0, 0, 0, 0, 0),
(74, 77, 21, 2, 1, 0, 0, 0, 0, 0, 0, 0, 0, 0, 0, 0, 0, 6, 0, 1, 3, 0, 0, 6, 0, 0, 0, 0, 0, 0, 0, 0, 0, 0, 0),
(75, 78, 31, 0, 0, 0, 0, 0, 0, 0, 0, 0, 0, 0, 0, 0, 0, 5, 0, 0, 13, 0, 0, 2, 0, 0, 0, 0, 0, 0, 0, 0, 0, 0, 0),
(76, 79, 70, 0, 0, 0, 0, 0, 0, 0, 0, 0, 0, 0, 0, 0, 0, 28, 0, 0, 7, 0, 0, 7, 0, 0, 0, 0, 0, 0, 0, 0, 0, 0, 0),
(77, 80, 86, 1, 1, 0, 0, 0, 0, 0, 0, 0, 0, 0, 38, 0, 0, 6, 0, 1, 15, 0, 0, 8, 0, 0, 0, 0, 0, 0, 0, 0, 0, 0, 0),
(78, 81, 6, 1, 1, 0, 0, 0, 0, 0, 0, 0, 0, 0, 6, 0, 0, 0, 1, 0, 0, 0, 0, 0, 0, 0, 0, 0, 0, 0, 0, 0, 0, 0, 0),
(79, 82, 5, 5, 0, 0, 0, 0, 0, 0, 0, 0, 0, 0, 0, 0, 0, 0, 1, 0, 0, 2, 2, 0, 0, 0, 0, 0, 0, 0, 0, 0, 0, 0, 0),
(80, 83, 25, 0, 1, 0, 0, 0, 0, 0, 0, 0, 0, 0, 0, 0, 0, 12, 0, 0, 10, 0, 0, 0, 0, 0, 0, 0, 0, 0, 0, 0, 0, 0, 0),
(81, 84, 0, 0, 0, 0, 0, 0, 0, 0, 0, 0, 0, 0, 0, 0, 0, 0, 0, 0, 0, 0, 0, 0, 0, 0, 0, 0, 0, 0, 0, 0, 0, 0, 0),
(82, 86, 8, 1, 1, 0, 0, 0, 0, 0, 0, 0, 0, 0, 0, 0, 0, 0, 0, 1, 2, 0, 2, 0, 0, 0, 0, 0, 0, 0, 0, 0, 0, 0, 0),
(83, 87, 46, 1, 0, 0, 0, 0, 0, 0, 0, 0, 0, 0, 0, 0, 0, 0, 0, 0, 7, 0, 1, 0, 0, 0, 0, 0, 0, 0, 0, 0, 0, 0, 0),
(84, 88, 38, 0, 1, 0, 0, 0, 0, 0, 0, 0, 0, 0, 10, 0, 0, 28, 0, 1, 0, 0, 0, 0, 0, 0, 0, 0, 0, 0, 0, 0, 0, 0, 0),
(85, 89, 0, 1, 0, 0, 0, 0, 0, 0, 0, 0, 0, 0, 0, 0, 1, 0, 0, 0, 0, 0, 2, 0, 0, 0, 0, 0, 0, 0, 0, 0, 0, 0, 0),
(86, 90, 235, 0, 1, 0, 0, 0, 0, 0, 0, 0, 0, 0, 84, 0, 0, 25, 0, 1, 38, 0, 0, 0, 0, 0, 0, 0, 0, 0, 0, 0, 0, 0, 0),
(87, 92, 28, 0, 1, 0, 0, 0, 0, 0, 0, 0, 0, 0, 23, 0, 0, 5, 0, 0, 0, 0, 0, 0, 0, 0, 0, 0, 0, 0, 0, 0, 0, 0, 0),
(88, 94, 5, 2, 0, 0, 0, 0, 0, 0, 0, 0, 0, 0, 0, 0, 0, 0, 1, 0, 0, 0, 0, 0, 0, 0, 0, 0, 0, 0, 0, 0, 0, 0, 0),
(89, 95, 19, 1, 1, 0, 0, 0, 0, 0, 0, 0, 0, 0, 19, 1, 0, 0, 0, 0, 0, 0, 1, 0, 0, 0, 0, 0, 0, 0, 0, 0, 0, 0, 0),
(90, 96, 88, 2, 2, 0, 0, 0, 0, 0, 0, 0, 0, 0, 11, 0, 0, 7, 0, 1, 15, 2, 0, 0, 0, 0, 0, 0, 0, 0, 0, 0, 0, 0, 0),
(91, 98, 55, 2, 1, 0, 0, 0, 0, 0, 0, 0, 0, 0, 0, 0, 0, 11, 0, 0, 19, 2, 0, 0, 0, 0, 0, 0, 0, 0, 0, 0, 0, 0, 0),
(92, 99, 0, 0, 1, 0, 0, 0, 0, 0, 0, 0, 0, 0, 0, 0, 0, 0, 0, 1, 0, 0, 0, 0, 0, 0, 0, 0, 0, 0, 0, 0, 0, 0, 0),
(93, 100, 38, 0, 2, 0, 0, 0, 0, 0, 0, 0, 0, 0, 7, 0, 0, 6, 0, 0, 7, 0, 1, 0, 0, 0, 0, 0, 0, 0, 0, 0, 0, 0, 0),
(94, 101, 39, 1, 0, 0, 0, 0, 0, 0, 0, 0, 0, 0, 15, 0, 0, 5, 0, 1, 19, 0, 1, 0, 0, 0, 0, 0, 0, 0, 0, 0, 0, 0, 0),
(95, 102, 52, 4, 2, 0, 0, 0, 0, 0, 0, 0, 0, 0, 5, 1, 0, 13, 0, 2, 15, 0, 1, 0, 0, 0, 0, 0, 0, 0, 0, 0, 0, 0, 0),
(96, 103, 0, 0, 0, 0, 0, 0, 0, 0, 0, 0, 0, 0, 0, 0, 0, 0, 0, 0, 0, 0, 0, 0, 0, 0, 0, 0, 0, 0, 0, 0, 0, 0, 0),
(97, 104, 10, 0, 0, 0, 0, 0, 0, 0, 0, 0, 0, 0, 0, 0, 0, 0, 0, 0, 10, 0, 0, 0, 0, 0, 0, 0, 0, 0, 0, 0, 0, 0, 0),
(98, 105, 75, 3, 0, 0, 0, 0, 0, 0, 0, 0, 0, 0, 21, 0, 1, 2, 1, 1, 7, 0, 0, 0, 0, 0, 0, 0, 0, 0, 0, 0, 0, 0, 0),
(99, 106, 159, 0, 0, 0, 0, 0, 0, 0, 0, 0, 0, 0, 26, 0, 0, 18, 0, 0, 18, 0, 0, 0, 0, 0, 0, 0, 0, 0, 0, 0, 0, 0, 0),
(100, 107, 11, 0, 1, 0, 0, 0, 0, 0, 0, 0, 0, 0, 5, 0, 0, 6, 0, 0, 0, 0, 0, 0, 0, 0, 0, 0, 0, 0, 0, 0, 0, 0, 0),
(101, 108, 85, 2, 0, 0, 0, 0, 0, 0, 0, 0, 0, 0, 0, 0, 0, 25, 1, 2, 20, 0, 1, 0, 0, 0, 0, 0, 0, 0, 0, 0, 0, 0, 0),
(102, 109, 23, 7, 0, 0, 0, 0, 0, 0, 0, 0, 0, 0, 18, 2, 0, 2, 1, 0, 0, 0, 2, 0, 0, 0, 0, 0, 0, 0, 0, 0, 0, 0, 0),
(103, 110, 79, 5, 2, 0, 0, 0, 0, 0, 0, 0, 0, 0, 28, 0, 2, 15, 1, 2, 18, 1, 1, 0, 0, 0, 0, 0, 0, 0, 0, 0, 0, 0, 0),
(104, 111, 59, 0, 0, 0, 0, 0, 0, 0, 0, 0, 0, 0, 0, 0, 0, 12, 0, 0, 18, 0, 0, 0, 0, 0, 0, 0, 0, 0, 0, 0, 0, 0, 0),
(105, 112, 71, 5, 0, 0, 0, 0, 0, 0, 0, 0, 0, 0, 3, 0, 0, 34, 1, 0, 23, 1, 0, 0, 0, 0, 0, 0, 0, 0, 0, 0, 0, 0, 0),
(106, 113, 34, 5, 2, 0, 0, 0, 0, 0, 0, 0, 0, 0, 1, 1, 0, 14, 1, 0, 7, 2, 1, 0, 0, 0, 0, 0, 0, 0, 0, 0, 0, 0, 0),
(107, 114, 0, 0, 1, 0, 0, 0, 0, 0, 0, 0, 0, 0, 0, 0, 1, 0, 0, 0, 0, 0, 0, 0, 0, 0, 0, 0, 0, 0, 0, 0, 0, 0, 0),
(108, 115, 13, 5, 2, 0, 0, 0, 0, 0, 0, 0, 0, 0, 3, 1, 1, 0, 0, 1, 7, 3, 2, 0, 0, 0, 0, 0, 0, 0, 0, 0, 0, 0, 0),
(109, 116, 137, 7, 2, 0, 0, 0, 0, 0, 0, 0, 0, 0, 28, 1, 0, 3, 2, 0, 33, 1, 1, 0, 0, 0, 0, 0, 0, 0, 0, 0, 0, 0, 0),
(110, 117, 60, 6, 0, 0, 0, 0, 0, 0, 0, 0, 0, 0, 7, 1, 0, 17, 1, 2, 12, 1, 0, 0, 0, 0, 0, 0, 0, 0, 0, 0, 0, 0, 0),
(111, 118, 18, 2, 1, 0, 0, 0, 0, 0, 0, 0, 0, 0, 9, 0, 1, 5, 1, 1, 0, 0, 2, 0, 0, 0, 0, 0, 0, 0, 0, 0, 0, 0, 0),
(112, 119, 73, 2, 0, 0, 0, 0, 0, 0, 0, 0, 0, 0, 0, 0, 0, 43, 0, 0, 7, 1, 0, 0, 0, 0, 0, 0, 0, 0, 0, 0, 0, 0, 0),
(113, 120, 53, 0, 1, 0, 0, 0, 0, 0, 0, 0, 0, 0, 0, 0, 0, 16, 0, 0, 0, 0, 0, 0, 0, 0, 0, 0, 0, 0, 0, 0, 0, 0, 0),
(114, 121, 26, 2, 0, 0, 0, 0, 0, 0, 0, 0, 0, 0, 0, 0, 0, 3, 1, 2, 11, 0, 0, 0, 0, 0, 0, 0, 0, 0, 0, 0, 0, 0, 0),
(115, 122, 62, 1, 0, 0, 0, 0, 0, 0, 0, 0, 0, 0, 0, 0, 0, 9, 1, 0, 22, 0, 0, 0, 0, 0, 0, 0, 0, 0, 0, 0, 0, 0, 0),
(116, 123, 38, 3, 0, 0, 0, 0, 0, 0, 0, 0, 0, 0, 1, 0, 0, 11, 2, 1, 4, 0, 1, 0, 0, 0, 0, 0, 0, 0, 0, 0, 0, 0, 0),
(117, 124, 35, 1, 1, 0, 0, 0, 0, 0, 0, 0, 0, 0, 0, 1, 0, 6, 0, 1, 29, 0, 0, 0, 0, 0, 0, 0, 0, 0, 0, 0, 0, 0, 0),
(118, 126, 89, 8, 0, 0, 0, 0, 0, 0, 0, 0, 0, 0, 2, 0, 0, 27, 1, 0, 17, 1, 1, 0, 0, 0, 0, 0, 0, 0, 0, 0, 0, 0, 0),
(119, 127, 126, 6, 2, 0, 0, 0, 0, 0, 0, 0, 0, 0, 4, 0, 0, 29, 0, 1, 0, 3, 1, 0, 0, 0, 0, 0, 0, 0, 0, 0, 0, 0, 0),
(120, 128, 38, 3, 1, 0, 0, 0, 0, 0, 0, 0, 0, 0, 4, 1, 2, 23, 0, 1, 11, 1, 1, 0, 0, 0, 0, 0, 0, 0, 0, 0, 0, 0, 0),
(121, 129, 46, 1, 2, 0, 0, 0, 0, 0, 0, 0, 0, 0, 0, 0, 0, 22, 1, 1, 0, 0, 0, 0, 0, 0, 0, 0, 0, 0, 0, 0, 0, 0, 0),
(122, 130, 29, 1, 2, 0, 0, 0, 0, 0, 0, 0, 0, 0, 16, 0, 1, 11, 1, 1, 1, 0, 0, 0, 0, 0, 0, 0, 0, 0, 0, 0, 0, 0, 0),
(123, 131, 12, 1, 0, 0, 0, 0, 0, 0, 0, 0, 0, 0, 0, 1, 0, 2, 0, 0, 0, 0, 0, 0, 0, 0, 0, 0, 0, 0, 0, 0, 0, 0, 0),
(124, 132, 67, 3, 0, 0, 0, 0, 0, 0, 0, 0, 0, 0, 0, 0, 0, 26, 1, 0, 11, 1, 0, 0, 0, 0, 0, 0, 0, 0, 0, 0, 0, 0, 0),
(125, 133, 7, 0, 0, 0, 0, 0, 0, 0, 0, 0, 0, 0, 0, 0, 0, 5, 0, 0, 0, 0, 0, 2, 0, 0, 0, 0, 0, 0, 0, 0, 0, 0, 0),
(126, 134, 17, 0, 1, 0, 0, 0, 0, 0, 0, 0, 0, 0, 1, 0, 0, 6, 0, 0, 0, 0, 0, 8, 0, 0, 0, 0, 0, 0, 0, 0, 0, 0, 0),
(127, 135, 33, 0, 2, 0, 0, 0, 0, 0, 0, 0, 0, 0, 8, 0, 0, 0, 0, 0, 14, 0, 1, 7, 0, 0, 0, 0, 0, 0, 0, 0, 0, 0, 0),
(128, 136, 4, 0, 0, 0, 0, 0, 0, 0, 0, 0, 0, 0, 0, 0, 0, 0, 0, 0, 0, 0, 0, 4, 0, 0, 0, 0, 0, 0, 0, 0, 0, 0, 0),
(129, 137, 16, 2, 0, 0, 0, 0, 0, 0, 0, 0, 0, 0, 0, 0, 0, 6, 0, 0, 0, 0, 0, 5, 1, 1, 0, 0, 0, 0, 0, 0, 0, 0, 0),
(130, 138, 61, 0, 1, 0, 0, 0, 0, 0, 0, 0, 0, 0, 16, 0, 0, 13, 0, 0, 6, 0, 0, 20, 0, 0, 0, 0, 0, 0, 0, 0, 0, 0, 0),
(131, 139, 62, 1, 2, 0, 0, 0, 0, 0, 0, 0, 0, 0, 15, 0, 0, 5, 0, 0, 0, 0, 0, 0, 0, 1, 0, 0, 0, 0, 0, 0, 0, 0, 0),
(132, 140, 18, 3, 2, 0, 0, 0, 0, 0, 0, 0, 0, 0, 0, 0, 0, 6, 0, 0, 5, 0, 0, 0, 0, 1, 0, 0, 0, 0, 0, 0, 0, 0, 0),
(133, 141, 41, 2, 0, 0, 0, 0, 0, 0, 0, 0, 0, 0, 0, 0, 0, 3, 0, 0, 16, 0, 0, 0, 0, 1, 0, 0, 0, 0, 0, 0, 0, 0, 0),
(134, 142, 20, 0, 0, 0, 0, 0, 0, 0, 0, 0, 0, 0, 0, 0, 0, 11, 0, 0, 7, 0, 0, 0, 0, 0, 0, 0, 0, 0, 0, 0, 0, 0, 0),
(135, 143, 22, 1, 2, 0, 0, 0, 0, 0, 0, 0, 0, 0, 0, 0, 0, 0, 0, 0, 4, 0, 0, 0, 1, 1, 0, 0, 0, 0, 0, 0, 0, 0, 0),
(136, 145, 15, 0, 0, 0, 0, 0, 0, 0, 0, 0, 0, 0, 0, 0, 0, 11, 0, 0, 0, 0, 0, 1, 0, 0, 0, 0, 0, 0, 0, 0, 0, 0, 0),
(137, 146, 84, 9, 1, 0, 0, 0, 0, 0, 0, 0, 0, 0, 13, 3, 0, 26, 0, 0, 22, 0, 2, 4, 0, 1, 0, 0, 0, 0, 0, 0, 0, 0, 0),
(138, 147, 113, 5, 1, 0, 0, 0, 0, 0, 0, 0, 0, 0, 24, 0, 0, 33, 1, 0, 6, 0, 0, 0, 1, 2, 0, 0, 0, 0, 0, 0, 0, 0, 0),
(139, 148, 40, 1, 0, 0, 0, 0, 0, 0, 0, 0, 0, 0, 22, 0, 0, 6, 0, 0, 0, 0, 1, 5, 0, 1, 0, 0, 0, 0, 0, 0, 0, 0, 0),
(140, 149, 106, 4, 0, 0, 0, 0, 0, 0, 0, 0, 0, 0, 11, 1, 0, 6, 0, 0, 6, 1, 1, 33, 1, 0, 0, 0, 0, 0, 0, 0, 0, 0, 0),
(141, 150, 71, 5, 2, 0, 0, 0, 0, 0, 0, 0, 0, 0, 31, 0, 0, 20, 0, 1, 18, 0, 0, 0, 0, 1, 0, 0, 0, 0, 0, 0, 0, 0, 0),
(142, 151, 54, 0, 0, 0, 0, 0, 0, 0, 0, 0, 0, 0, 0, 0, 0, 24, 0, 0, 1, 0, 0, 17, 0, 0, 0, 0, 0, 0, 0, 0, 0, 0, 0),
(143, 152, 0, 0, 0, 0, 0, 0, 0, 0, 0, 0, 0, 0, 0, 0, 0, 0, 0, 0, 0, 0, 0, 0, 0, 0, 0, 0, 0, 0, 0, 0, 0, 0, 0),
(144, 153, 4, 0, 0, 0, 0, 0, 0, 0, 0, 0, 0, 0, 0, 0, 0, 0, 0, 0, 1, 0, 0, 3, 0, 0, 0, 0, 0, 0, 0, 0, 0, 0, 0),
(145, 154, 1, 1, 2, 0, 0, 0, 0, 0, 0, 0, 0, 0, 1, 0, 0, 0, 0, 0, 0, 0, 0, 0, 0, 0, 0, 0, 0, 0, 0, 0, 0, 0, 0),
(146, 155, 43, 0, 2, 0, 0, 0, 0, 0, 0, 0, 0, 0, 0, 0, 0, 9, 0, 0, 16, 0, 0, 8, 0, 1, 0, 0, 0, 0, 0, 0, 0, 0, 0),
(147, 156, 82, 7, 1, 0, 0, 0, 0, 0, 0, 0, 0, 0, 6, 2, 0, 17, 0, 0, 26, 0, 0, 0, 1, 0, 0, 0, 0, 0, 0, 0, 0, 0, 0),
(148, 157, 50, 2, 1, 0, 0, 0, 0, 0, 0, 0, 0, 0, 1, 0, 0, 9, 0, 0, 10, 1, 0, 0, 1, 0, 0, 0, 0, 0, 0, 0, 0, 0, 0),
(149, 158, 35, 1, 0, 0, 0, 0, 0, 0, 0, 0, 0, 0, 0, 0, 0, 29, 0, 0, 4, 0, 0, 2, 1, 0, 0, 0, 0, 0, 0, 0, 0, 0, 0),
(150, 159, 86, 7, 2, 0, 0, 0, 0, 0, 0, 0, 0, 0, 27, 0, 2, 13, 2, 1, 12, 0, 0, 0, 0, 0, 0, 0, 0, 0, 0, 0, 0, 0, 0),
(151, 160, 87, 0, 2, 0, 0, 0, 0, 0, 0, 0, 0, 0, 8, 0, 1, 24, 0, 0, 0, 0, 0, 0, 0, 0, 0, 0, 0, 0, 0, 0, 0, 0, 0),
(152, 161, 112, 0, 0, 0, 0, 0, 0, 0, 0, 0, 0, 0, 0, 0, 0, 29, 0, 0, 40, 0, 0, 0, 0, 0, 0, 0, 0, 0, 0, 0, 0, 0, 0),
(153, 162, 45, 3, 2, 0, 0, 0, 0, 0, 0, 0, 0, 0, 19, 0, 0, 7, 1, 1, 12, 0, 0, 0, 0, 0, 0, 0, 0, 0, 0, 0, 0, 0, 0),
(154, 163, 8, 0, 2, 0, 0, 0, 0, 0, 0, 0, 0, 0, 7, 0, 0, 1, 0, 0, 0, 0, 0, 0, 0, 0, 0, 0, 0, 0, 0, 0, 0, 0, 0),
(155, 164, 0, 0, 2, 0, 0, 0, 0, 0, 0, 0, 0, 0, 0, 0, 0, 0, 0, 1, 0, 0, 0, 0, 0, 0, 0, 0, 0, 0, 0, 0, 0, 0, 0),
(156, 165, 15, 0, 0, 0, 0, 0, 0, 0, 0, 0, 0, 0, 0, 0, 0, 0, 0, 0, 15, 0, 0, 0, 0, 0, 0, 0, 0, 0, 0, 0, 0, 0, 0),
(157, 166, 47, 1, 0, 0, 0, 0, 0, 0, 0, 0, 0, 0, 5, 0, 1, 14, 0, 1, 7, 0, 0, 0, 0, 0, 0, 0, 0, 0, 0, 0, 0, 0, 0),
(158, 167, 0, 0, 0, 0, 0, 0, 0, 0, 0, 0, 0, 0, 0, 0, 0, 0, 0, 0, 0, 0, 0, 0, 0, 0, 0, 0, 0, 0, 0, 0, 0, 0, 0),
(159, 168, 44, 0, 0, 0, 0, 0, 0, 0, 0, 0, 0, 0, 7, 0, 0, 0, 0, 0, 15, 0, 0, 0, 0, 0, 0, 0, 0, 0, 0, 0, 0, 0, 0),
(160, 169, 97, 4, 0, 0, 0, 0, 0, 0, 0, 0, 0, 0, 7, 0, 1, 4, 0, 1, 47, 0, 0, 0, 0, 0, 0, 0, 0, 0, 0, 0, 0, 0, 0),
(161, 170, 20, 0, 1, 0, 0, 0, 0, 0, 0, 0, 0, 0, 4, 0, 0, 7, 0, 0, 9, 0, 0, 0, 0, 0, 0, 0, 0, 0, 0, 0, 0, 0, 0),
(162, 171, 97, 1, 0, 0, 0, 0, 0, 0, 0, 0, 0, 0, 20, 0, 0, 28, 0, 0, 5, 0, 0, 0, 0, 0, 0, 0, 0, 0, 0, 0, 0, 0, 0),
(163, 172, 67, 1, 0, 0, 0, 0, 0, 0, 0, 0, 0, 0, 43, 0, 0, 8, 0, 0, 16, 0, 0, 0, 0, 0, 0, 0, 0, 0, 0, 0, 0, 0, 0),
(164, 173, 7, 0, 2, 0, 0, 0, 0, 0, 0, 0, 0, 0, 0, 0, 0, 0, 0, 0, 0, 0, 0, 0, 0, 0, 0, 0, 0, 0, 0, 0, 0, 0, 0),
(165, 175, 133, 1, 1, 0, 0, 0, 0, 0, 0, 0, 0, 0, 57, 0, 0, 14, 0, 0, 20, 0, 0, 0, 0, 0, 0, 0, 0, 0, 0, 0, 0, 0, 0),
(166, 176, 0, 0, 0, 0, 0, 0, 0, 0, 0, 0, 0, 0, 0, 0, 0, 0, 0, 0, 0, 0, 0, 0, 0, 0, 0, 0, 0, 0, 0, 0, 0, 0, 0),
(167, 177, 40, 0, 1, 0, 0, 0, 0, 0, 0, 0, 0, 0, 0, 0, 0, 14, 0, 0, 4, 0, 0, 0, 0, 0, 0, 0, 0, 0, 0, 0, 0, 0, 0),
(168, 178, 84, 0, 0, 0, 0, 0, 0, 0, 0, 0, 0, 0, 7, 0, 0, 26, 0, 0, 15, 0, 0, 0, 0, 0, 0, 0, 0, 0, 0, 0, 0, 0, 0),
(169, 179, 4, 0, 0, 0, 0, 0, 0, 0, 0, 0, 0, 0, 4, 0, 0, 0, 0, 0, 0, 0, 0, 0, 0, 0, 0, 0, 0, 0, 0, 0, 0, 0, 0),
(170, 180, 33, 0, 1, 0, 0, 0, 0, 0, 0, 0, 0, 0, 0, 0, 0, 16, 0, 0, 0, 0, 0, 0, 0, 0, 0, 0, 0, 0, 0, 0, 0, 0, 0),
(171, 181, 74, 0, 0, 0, 0, 0, 0, 0, 0, 0, 0, 0, 0, 0, 0, 16, 0, 0, 8, 0, 0, 0, 0, 0, 0, 0, 0, 0, 0, 0, 0, 0, 0),
(172, 182, 34, 0, 1, 0, 0, 0, 0, 0, 0, 0, 0, 0, 4, 0, 0, 7, 0, 0, 16, 0, 0, 0, 0, 0, 0, 0, 0, 0, 0, 0, 0, 0, 0),
(173, 183, 13, 0, 0, 0, 0, 0, 0, 0, 0, 0, 0, 0, 9, 0, 0, 0, 0, 0, 4, 0, 0, 0, 0, 0, 0, 0, 0, 0, 0, 0, 0, 0, 0),
(174, 184, 26, 0, 2, 0, 0, 0, 0, 0, 0, 0, 0, 0, 19, 0, 0, 7, 0, 0, 0, 0, 0, 0, 0, 0, 0, 0, 0, 0, 0, 0, 0, 0, 0),
(175, 185, 107, 0, 1, 0, 0, 0, 0, 0, 0, 0, 0, 0, 8, 0, 1, 52, 0, 0, 0, 0, 0, 0, 0, 0, 0, 0, 0, 0, 0, 0, 0, 0, 0),
(176, 186, 39, 0, 2, 0, 0, 0, 0, 0, 0, 0, 0, 0, 12, 0, 0, 2, 0, 0, 16, 0, 0, 0, 0, 0, 0, 0, 0, 0, 0, 0, 0, 0, 0),
(177, 187, 83, 0, 1, 0, 0, 0, 0, 0, 0, 0, 0, 0, 2, 0, 0, 32, 0, 0, 13, 0, 0, 0, 0, 0, 0, 0, 0, 0, 0, 0, 0, 0, 0),
(178, 188, 19, 2, 0, 0, 0, 0, 0, 0, 0, 0, 0, 0, 10, 0, 1, 3, 0, 1, 0, 0, 0, 0, 0, 0, 0, 0, 0, 0, 0, 0, 0, 0, 0),
(179, 189, 56, 0, 2, 0, 0, 0, 0, 0, 0, 0, 0, 0, 3, 0, 0, 21, 0, 0, 24, 0, 1, 0, 0, 0, 0, 0, 0, 0, 0, 0, 0, 0, 0),
(180, 190, 47, 0, 0, 0, 0, 0, 0, 0, 0, 0, 0, 0, 4, 0, 0, 4, 0, 0, 0, 0, 0, 0, 0, 0, 0, 0, 0, 0, 0, 0, 0, 0, 0),
(181, 191, 20, 0, 0, 0, 0, 0, 0, 0, 0, 0, 0, 0, 8, 0, 0, 0, 0, 0, 0, 0, 0, 0, 0, 0, 0, 0, 0, 0, 0, 0, 0, 0, 0),
(182, 192, 23, 0, 1, 0, 0, 0, 0, 0, 0, 0, 0, 0, 0, 0, 1, 23, 0, 0, 0, 0, 0, 0, 0, 0, 0, 0, 0, 0, 0, 0, 0, 0, 0),
(183, 193, 25, 1, 1, 0, 0, 0, 0, 0, 0, 0, 0, 0, 3, 0, 1, 0, 1, 0, 11, 0, 0, 0, 0, 0, 0, 0, 0, 0, 0, 0, 0, 0, 0),
(184, 194, 21, 0, 0, 0, 0, 0, 0, 0, 0, 0, 0, 0, 10, 0, 0, 0, 0, 0, 4, 0, 0, 0, 0, 0, 0, 0, 0, 0, 0, 0, 0, 0, 0),
(185, 195, 2, 1, 0, 0, 0, 0, 0, 0, 0, 0, 0, 0, 0, 0, 0, 0, 0, 0, 2, 0, 0, 0, 0, 0, 0, 0, 0, 0, 0, 0, 0, 0, 0),
(186, 196, 39, 2, 1, 0, 0, 0, 0, 0, 0, 0, 0, 0, 11, 0, 0, 6, 0, 1, 18, 0, 0, 0, 0, 0, 0, 0, 0, 0, 0, 0, 0, 0, 0),
(187, 197, 5, 0, 2, 0, 0, 0, 0, 0, 0, 0, 0, 0, 3, 0, 0, 2, 0, 1, 0, 0, 0, 0, 0, 0, 0, 0, 0, 0, 0, 0, 0, 0, 0),
(188, 198, 0, 0, 1, 0, 0, 0, 0, 0, 0, 0, 0, 0, 0, 0, 0, 0, 0, 0, 0, 0, 0, 0, 0, 0, 0, 0, 0, 0, 0, 0, 0, 0, 0),
(189, 199, 37, 1, 0, 0, 0, 0, 0, 0, 0, 0, 0, 0, 7, 0, 0, 6, 0, 0, 5, 0, 0, 0, 0, 0, 0, 0, 0, 0, 0, 0, 0, 0, 0),
(190, 200, 22, 1, 1, 0, 0, 0, 0, 0, 0, 0, 0, 0, 0, 0, 0, 2, 0, 1, 6, 0, 0, 0, 0, 0, 0, 0, 0, 0, 0, 0, 0, 0, 0),
(191, 202, 18, 0, 0, 0, 0, 0, 0, 0, 0, 0, 0, 0, 4, 0, 0, 0, 0, 0, 12, 0, 0, 0, 0, 0, 0, 0, 0, 0, 0, 0, 0, 0, 0),
(192, 203, 21, 0, 0, 0, 0, 0, 0, 0, 0, 0, 0, 0, 0, 0, 0, 7, 0, 0, 0, 0, 0, 0, 0, 0, 0, 0, 0, 0, 0, 0, 0, 0, 0),
(193, 204, 8, 0, 0, 0, 0, 0, 0, 0, 0, 0, 0, 0, 8, 0, 0, 0, 0, 0, 0, 0, 0, 0, 0, 0, 0, 0, 0, 0, 0, 0, 0, 0, 0),
(194, 205, 33, 0, 1, 0, 0, 0, 0, 0, 0, 0, 0, 0, 1, 0, 0, 10, 0, 0, 7, 0, 0, 0, 0, 0, 0, 0, 0, 0, 0, 0, 0, 0, 0),
(195, 206, 26, 1, 1, 0, 0, 0, 0, 0, 0, 0, 0, 0, 8, 0, 2, 10, 0, 0, 1, 0, 0, 0, 0, 0, 0, 0, 0, 0, 0, 0, 0, 0, 0),
(196, 207, 25, 0, 0, 0, 0, 0, 0, 0, 0, 0, 0, 0, 0, 0, 0, 0, 0, 0, 0, 0, 0, 0, 0, 0, 0, 0, 0, 0, 0, 0, 0, 0, 0),
(197, 208, 7, 0, 0, 0, 0, 0, 0, 0, 0, 0, 0, 0, 0, 0, 0, 0, 0, 0, 0, 0, 0, 0, 0, 0, 0, 0, 0, 0, 0, 0, 0, 0, 0),
(198, 209, 63, 1, 1, 0, 0, 0, 0, 0, 0, 0, 0, 0, 3, 0, 1, 8, 1, 0, 6, 0, 0, 0, 0, 0, 0, 0, 0, 0, 0, 0, 0, 0, 0),
(199, 210, 18, 0, 1, 0, 0, 0, 0, 0, 0, 0, 0, 0, 4, 0, 1, 0, 0, 0, 14, 0, 0, 0, 0, 0, 0, 0, 0, 0, 0, 0, 0, 0, 0),
(200, 211, 21, 2, 1, 0, 0, 0, 0, 0, 0, 0, 0, 0, 7, 0, 2, 4, 0, 0, 5, 0, 0, 0, 0, 0, 0, 0, 0, 0, 0, 0, 0, 0, 0),
(201, 212, 55, 1, 2, 0, 0, 0, 0, 0, 0, 0, 0, 0, 11, 0, 0, 4, 0, 0, 6, 0, 2, 0, 0, 0, 0, 0, 0, 0, 0, 0, 0, 0, 0),
(202, 213, 47, 1, 1, 0, 0, 0, 0, 0, 0, 0, 0, 0, 11, 0, 0, 8, 1, 0, 12, 0, 0, 0, 0, 0, 0, 0, 0, 0, 0, 0, 0, 0, 0),
(203, 214, 19, 0, 1, 0, 0, 0, 0, 0, 0, 0, 0, 0, 6, 0, 0, 0, 0, 0, 7, 0, 0, 0, 0, 0, 0, 0, 0, 0, 0, 0, 0, 0, 0),
(204, 215, 14, 0, 0, 0, 0, 0, 0, 0, 0, 0, 0, 0, 0, 0, 0, 0, 0, 0, 0, 0, 0, 0, 0, 0, 0, 0, 0, 0, 0, 0, 0, 0, 0),
(205, 216, 22, 0, 0, 0, 0, 0, 0, 0, 0, 0, 0, 0, 0, 0, 0, 8, 0, 0, 1, 0, 0, 0, 0, 0, 0, 0, 0, 0, 0, 0, 0, 0, 0),
(206, 217, 30, 0, 0, 0, 0, 0, 0, 0, 0, 0, 0, 0, 0, 0, 0, 18, 0, 0, 6, 0, 0, 0, 0, 0, 0, 0, 0, 0, 0, 0, 0, 0, 0),
(207, 218, 50, 3, 2, 0, 0, 0, 0, 0, 0, 0, 0, 0, 17, 2, 0, 3, 0, 2, 13, 0, 2, 0, 0, 0, 0, 0, 0, 0, 0, 0, 0, 0, 0),
(208, 219, 9, 2, 2, 0, 0, 0, 0, 0, 0, 0, 0, 0, 0, 0, 0, 0, 0, 2, 1, 1, 0, 0, 0, 0, 0, 0, 0, 0, 0, 0, 0, 0, 0),
(209, 220, 30, 0, 0, 0, 0, 0, 0, 0, 0, 0, 0, 0, 0, 0, 0, 4, 0, 0, 1, 0, 0, 0, 0, 0, 0, 0, 0, 0, 0, 0, 0, 0, 0),
(210, 221, 5, 0, 1, 0, 0, 0, 0, 0, 0, 0, 0, 0, 0, 0, 0, 2, 0, 1, 3, 0, 0, 0, 0, 0, 0, 0, 0, 0, 0, 0, 0, 0, 0),
(211, 222, 9, 0, 0, 0, 0, 0, 0, 0, 0, 0, 0, 0, 0, 0, 0, 0, 0, 0, 9, 0, 0, 0, 0, 0, 0, 0, 0, 0, 0, 0, 0, 0, 0),
(212, 223, 13, 0, 0, 0, 0, 0, 0, 0, 0, 0, 0, 0, 0, 0, 0, 2, 0, 0, 11, 0, 0, 0, 0, 0, 0, 0, 0, 0, 0, 0, 0, 0, 0),
(213, 224, 0, 0, 0, 0, 0, 0, 0, 0, 0, 0, 0, 0, 0, 0, 0, 0, 0, 0, 0, 0, 0, 0, 0, 0, 0, 0, 0, 0, 0, 0, 0, 0, 0),
(214, 225, 126, 2, 0, 0, 0, 0, 0, 0, 0, 0, 0, 0, 0, 0, 0, 32, 0, 2, 19, 1, 1, 0, 0, 0, 0, 0, 0, 0, 0, 0, 0, 0, 0),
(215, 226, 34, 0, 0, 0, 0, 0, 0, 0, 0, 0, 0, 0, 0, 0, 0, 9, 0, 0, 0, 0, 0, 0, 0, 0, 0, 0, 0, 0, 0, 0, 0, 0, 0),
(216, 227, 68, 0, 0, 0, 0, 0, 0, 0, 0, 0, 0, 0, 0, 0, 0, 39, 0, 0, 23, 0, 0, 0, 0, 0, 0, 0, 0, 0, 0, 0, 0, 0, 0),
(217, 228, 0, 0, 0, 0, 0, 0, 0, 0, 0, 0, 0, 0, 0, 0, 0, 0, 0, 0, 0, 0, 0, 0, 0, 0, 0, 0, 0, 0, 0, 0, 0, 0, 0),
(218, 229, 0, 1, 0, 0, 0, 0, 0, 0, 0, 0, 0, 0, 0, 0, 0, 0, 0, 2, 0, 0, 0, 0, 0, 0, 0, 0, 0, 0, 0, 0, 0, 0, 0),
(219, 230, 23, 0, 0, 0, 0, 0, 0, 0, 0, 0, 0, 0, 0, 0, 0, 1, 0, 0, 1, 0, 0, 0, 0, 0, 0, 0, 0, 0, 0, 0, 0, 0, 0),
(220, 231, 39, 1, 0, 0, 0, 0, 0, 0, 0, 0, 0, 0, 0, 0, 0, 0, 0, 0, 0, 0, 1, 0, 0, 0, 0, 0, 0, 0, 0, 0, 0, 0, 0),
(221, 232, 13, 0, 2, 0, 0, 0, 0, 0, 0, 0, 0, 0, 0, 0, 0, 13, 0, 0, 0, 0, 0, 0, 0, 0, 0, 0, 0, 0, 0, 0, 0, 0, 0),
(222, 233, 5, 1, 2, 0, 0, 0, 0, 0, 0, 0, 0, 0, 0, 0, 0, 0, 1, 0, 5, 0, 0, 0, 0, 0, 0, 0, 0, 0, 0, 0, 0, 0, 0),
(223, 234, 27, 0, 2, 0, 0, 0, 0, 0, 0, 0, 0, 0, 0, 0, 0, 11, 0, 1, 2, 0, 0, 0, 0, 0, 0, 0, 0, 0, 0, 0, 0, 0, 0),
(224, 236, 19, 0, 0, 0, 0, 0, 0, 0, 0, 0, 0, 0, 0, 0, 0, 0, 0, 0, 4, 0, 0, 0, 0, 0, 0, 0, 0, 0, 0, 0, 0, 0, 0),
(225, 237, 1, 0, 0, 0, 0, 0, 0, 0, 0, 0, 0, 0, 0, 0, 0, 0, 0, 0, 1, 0, 0, 0, 0, 0, 0, 0, 0, 0, 0, 0, 0, 0, 0),
(226, 238, 128, 5, 0, 0, 0, 0, 0, 0, 0, 0, 0, 0, 26, 0, 1, 10, 0, 0, 15, 1, 0, 0, 0, 0, 0, 0, 0, 0, 0, 0, 0, 0, 0),
(227, 239, 21, 1, 0, 0, 0, 0, 0, 0, 0, 0, 0, 0, 1, 0, 0, 5, 1, 0, 3, 0, 0, 2, 0, 0, 0, 0, 0, 0, 0, 0, 0, 0, 0),
(228, 240, 3, 0, 2, 0, 0, 0, 0, 0, 0, 0, 0, 0, 0, 0, 0, 0, 0, 1, 0, 0, 0, 0, 0, 0, 0, 0, 0, 0, 0, 0, 0, 0, 0),
(229, 241, 55, 3, 0, 0, 0, 0, 0, 0, 0, 0, 0, 0, 6, 0, 0, 11, 1, 0, 12, 1, 0, 7, 0, 0, 0, 0, 0, 0, 0, 0, 0, 0, 0),
(230, 242, 68, 2, 1, 0, 0, 0, 0, 0, 0, 0, 0, 0, 0, 0, 0, 5, 1, 1, 11, 1, 0, 11, 0, 0, 0, 0, 0, 0, 0, 0, 0, 0, 0),
(231, 243, 119, 7, 1, 0, 0, 0, 0, 0, 0, 0, 0, 0, 4, 0, 1, 29, 0, 0, 13, 5, 0, 20, 0, 0, 0, 0, 0, 0, 0, 0, 0, 0, 0),
(232, 244, 82, 3, 0, 0, 0, 0, 0, 0, 0, 0, 0, 0, 11, 0, 0, 10, 0, 0, 13, 2, 0, 16, 0, 0, 0, 0, 0, 0, 0, 0, 0, 0, 0),
(233, 245, 25, 2, 0, 0, 0, 0, 0, 0, 0, 0, 0, 0, 0, 0, 0, 1, 1, 0, 7, 0, 0, 5, 0, 0, 0, 0, 0, 0, 0, 0, 0, 0, 0),
(234, 246, 108, 7, 0, 0, 0, 0, 0, 0, 0, 0, 0, 0, 9, 2, 1, 24, 0, 2, 22, 3, 0, 17, 0, 0, 0, 0, 0, 0, 0, 0, 0, 0, 0),
(235, 247, 17, 1, 1, 0, 0, 0, 0, 0, 0, 0, 0, 0, 5, 0, 1, 0, 1, 0, 0, 0, 0, 9, 0, 0, 0, 0, 0, 0, 0, 0, 0, 0, 0),
(236, 248, 176, 2, 2, 0, 0, 0, 0, 0, 0, 0, 0, 0, 21, 0, 1, 29, 2, 0, 12, 0, 1, 32, 0, 0, 0, 0, 0, 0, 0, 0, 0, 0, 0),
(237, 249, 55, 2, 1, 0, 0, 0, 0, 0, 0, 0, 0, 0, 13, 0, 1, 5, 1, 0, 5, 0, 0, 7, 0, 0, 0, 0, 0, 0, 0, 0, 0, 0, 0),
(238, 250, 130, 3, 0, 0, 0, 0, 0, 0, 0, 0, 0, 0, 21, 0, 1, 16, 0, 1, 13, 0, 0, 30, 0, 0, 0, 0, 0, 0, 0, 0, 0, 0, 0),
(239, 251, 57, 1, 0, 0, 0, 0, 0, 0, 0, 0, 0, 0, 0, 0, 0, 8, 0, 0, 16, 0, 0, 3, 0, 0, 0, 0, 0, 0, 0, 0, 0, 0, 0),
(240, 252, 109, 3, 2, 0, 0, 0, 0, 0, 0, 0, 0, 0, 6, 0, 1, 18, 0, 0, 14, 0, 1, 21, 0, 0, 0, 0, 0, 0, 0, 0, 0, 0, 0),
(241, 253, 131, 3, 2, 0, 0, 0, 0, 0, 0, 0, 0, 0, 13, 0, 1, 10, 0, 0, 14, 1, 0, 22, 0, 1, 0, 0, 0, 0, 0, 0, 0, 0, 0),
(242, 254, 45, 2, 1, 0, 0, 0, 0, 0, 0, 0, 0, 0, 0, 0, 1, 0, 1, 0, 16, 0, 0, 7, 0, 0, 0, 0, 0, 0, 0, 0, 0, 0, 0),
(243, 255, 28, 2, 1, 0, 0, 0, 0, 0, 0, 0, 0, 0, 2, 0, 0, 1, 0, 0, 1, 0, 0, 2, 0, 0, 0, 0, 0, 0, 0, 0, 0, 0, 0),
(244, 256, 87, 2, 1, 0, 0, 0, 0, 0, 0, 0, 0, 0, 0, 1, 0, 15, 0, 1, 5, 1, 0, 13, 0, 0, 0, 0, 0, 0, 0, 0, 0, 0, 0),
(245, 257, 63, 2, 2, 0, 0, 0, 0, 0, 0, 0, 0, 0, 0, 1, 0, 10, 0, 1, 3, 0, 1, 9, 1, 0, 0, 0, 0, 0, 0, 0, 0, 0, 0),
(246, 258, 19, 1, 2, 0, 0, 0, 0, 0, 0, 0, 0, 0, 0, 0, 1, 1, 0, 0, 1, 0, 0, 12, 0, 0, 0, 0, 0, 0, 0, 0, 0, 0, 0),
(247, 259, 47, 5, 0, 0, 0, 0, 0, 0, 0, 0, 0, 0, 0, 0, 1, 8, 1, 0, 9, 0, 1, 19, 2, 0, 0, 0, 0, 0, 0, 0, 0, 0, 0),
(248, 260, 124, 2, 1, 0, 0, 0, 0, 0, 0, 0, 0, 0, 12, 0, 0, 18, 0, 0, 7, 0, 0, 15, 0, 0, 0, 0, 0, 0, 0, 0, 0, 0, 0),
(249, 261, 38, 4, 0, 0, 0, 0, 0, 0, 0, 0, 0, 0, 7, 0, 0, 2, 1, 0, 12, 1, 0, 7, 0, 0, 0, 0, 0, 0, 0, 0, 0, 0, 0),
(250, 262, 158, 8, 0, 0, 0, 0, 0, 0, 0, 0, 0, 0, 22, 2, 0, 27, 0, 0, 19, 2, 0, 25, 0, 0, 0, 0, 0, 0, 0, 0, 0, 0, 0),
(251, 263, 43, 2, 1, 0, 0, 0, 0, 0, 0, 0, 0, 0, 0, 0, 1, 11, 0, 0, 1, 1, 0, 6, 0, 0, 0, 0, 0, 0, 0, 0, 0, 0, 0),
(252, 264, 56, 2, 1, 0, 0, 0, 0, 0, 0, 0, 0, 0, 11, 0, 0, 0, 0, 0, 0, 0, 0, 0, 0, 0, 0, 0, 0, 0, 0, 0, 0, 0, 0),
(253, 265, 49, 1, 0, 0, 0, 0, 0, 0, 0, 0, 0, 0, 5, 0, 0, 6, 0, 0, 7, 0, 0, 0, 0, 0, 0, 0, 0, 0, 0, 0, 0, 0, 0),
(254, 266, 28, 0, 0, 0, 0, 0, 0, 0, 0, 0, 0, 0, 3, 0, 0, 5, 0, 0, 3, 0, 0, 0, 0, 0, 0, 0, 0, 0, 0, 0, 0, 0, 0),
(255, 267, 35, 2, 0, 0, 0, 0, 0, 0, 0, 0, 0, 0, 5, 0, 0, 8, 0, 0, 3, 0, 0, 0, 0, 0, 0, 0, 0, 0, 0, 0, 0, 0, 0),
(256, 268, 37, 3, 0, 0, 0, 0, 0, 0, 0, 0, 0, 0, 12, 0, 0, 8, 0, 0, 3, 2, 0, 0, 0, 0, 0, 0, 0, 0, 0, 0, 0, 0, 0),
(257, 269, 82, 8, 0, 0, 0, 0, 0, 0, 0, 0, 0, 0, 4, 2, 0, 12, 0, 0, 12, 0, 0, 0, 0, 0, 0, 0, 0, 0, 0, 0, 0, 0, 0),
(258, 270, 24, 1, 0, 0, 0, 0, 0, 0, 0, 0, 0, 0, 0, 1, 0, 3, 0, 0, 4, 0, 0, 0, 0, 0, 0, 0, 0, 0, 0, 0, 0, 0, 0),
(259, 271, 18, 2, 0, 0, 0, 0, 0, 0, 0, 0, 0, 0, 0, 0, 0, 1, 0, 0, 2, 0, 0, 0, 0, 0, 0, 0, 0, 0, 0, 0, 0, 0, 0),
(260, 272, 49, 1, 0, 0, 0, 0, 0, 0, 0, 0, 0, 0, 0, 1, 0, 1, 0, 0, 0, 0, 0, 0, 0, 0, 0, 0, 0, 0, 0, 0, 0, 0, 0),
(261, 273, 23, 1, 1, 0, 0, 0, 0, 0, 0, 0, 0, 0, 1, 0, 0, 1, 0, 0, 3, 0, 0, 0, 0, 0, 0, 0, 0, 0, 0, 0, 0, 0, 0),
(262, 274, 50, 2, 0, 0, 0, 0, 0, 0, 0, 0, 0, 0, 10, 0, 0, 4, 0, 0, 3, 0, 0, 0, 0, 0, 0, 0, 0, 0, 0, 0, 0, 0, 0),
(263, 275, 104, 7, 0, 0, 0, 0, 0, 0, 0, 0, 0, 0, 12, 5, 0, 6, 0, 0, 14, 0, 0, 0, 0, 0, 0, 0, 0, 0, 0, 0, 0, 0, 0),
(264, 276, 43, 2, 0, 0, 0, 0, 0, 0, 0, 0, 0, 0, 2, 0, 0, 3, 1, 0, 11, 0, 0, 0, 0, 0, 0, 0, 0, 0, 0, 0, 0, 0, 0),
(265, 277, 13, 5, 0, 0, 0, 0, 0, 0, 0, 0, 0, 0, 8, 0, 0, 0, 0, 0, 2, 0, 0, 0, 0, 0, 0, 0, 0, 0, 0, 0, 0, 0, 0),
(266, 278, 60, 3, 0, 0, 0, 0, 0, 0, 0, 0, 0, 0, 9, 0, 0, 8, 0, 0, 16, 0, 0, 0, 0, 0, 0, 0, 0, 0, 0, 0, 0, 0, 0),
(267, 279, 37, 2, 0, 0, 0, 0, 0, 0, 0, 0, 0, 0, 7, 1, 0, 4, 0, 0, 5, 1, 0, 0, 0, 0, 0, 0, 0, 0, 0, 0, 0, 0, 0),
(268, 280, 50, 1, 0, 0, 0, 0, 0, 0, 0, 0, 0, 0, 8, 1, 0, 4, 0, 0, 8, 0, 0, 0, 0, 0, 0, 0, 0, 0, 0, 0, 0, 0, 0),
(269, 281, 61, 1, 2, 0, 0, 0, 0, 0, 0, 0, 0, 0, 14, 0, 0, 7, 0, 0, 7, 0, 0, 0, 0, 0, 0, 0, 0, 0, 0, 0, 0, 0, 0),
(270, 282, 57, 1, 1, 0, 0, 0, 0, 0, 0, 0, 0, 0, 9, 0, 0, 9, 0, 0, 5, 0, 0, 0, 0, 0, 0, 0, 0, 0, 0, 0, 0, 0, 0),
(271, 283, 70, 3, 1, 0, 0, 0, 0, 0, 0, 0, 0, 0, 19, 0, 0, 13, 0, 0, 9, 0, 0, 0, 0, 0, 0, 0, 0, 0, 0, 0, 0, 0, 0),
(272, 284, 67, 3, 1, 0, 0, 0, 0, 0, 0, 0, 0, 0, 7, 1, 0, 0, 2, 1, 5, 0, 0, 0, 0, 0, 0, 0, 0, 0, 0, 0, 0, 0, 0),
(273, 285, 81, 2, 2, 0, 0, 0, 0, 0, 0, 0, 0, 0, 2, 0, 1, 41, 0, 0, 13, 0, 0, 0, 0, 0, 0, 0, 0, 0, 0, 0, 0, 0, 0),
(274, 286, 49, 1, 0, 0, 0, 0, 0, 0, 0, 0, 0, 0, 10, 0, 0, 5, 0, 0, 2, 0, 0, 0, 0, 0, 0, 0, 0, 0, 0, 0, 0, 0, 0),
(275, 287, 97, 2, 1, 0, 0, 0, 0, 0, 0, 0, 0, 0, 7, 0, 1, 14, 0, 0, 9, 0, 0, 0, 0, 0, 0, 0, 0, 0, 0, 0, 0, 0, 0),
(276, 288, 63, 0, 1, 0, 0, 0, 0, 0, 0, 0, 0, 0, 15, 0, 0, 12, 0, 0, 5, 0, 0, 2, 0, 0, 0, 0, 0, 0, 0, 0, 0, 0, 0),
(277, 289, 122, 2, 0, 0, 0, 0, 0, 0, 0, 0, 0, 0, 20, 0, 0, 25, 1, 0, 2, 0, 0, 3, 0, 0, 0, 0, 0, 0, 0, 0, 0, 0, 0),
(278, 290, 83, 1, 0, 0, 0, 0, 0, 0, 0, 0, 0, 0, 9, 0, 0, 23, 0, 0, 3, 0, 0, 3, 0, 0, 0, 0, 0, 0, 0, 0, 0, 0, 0),
(279, 291, 26, 1, 0, 0, 0, 0, 0, 0, 0, 0, 0, 0, 0, 1, 0, 6, 0, 0, 2, 0, 0, 2, 0, 0, 0, 0, 0, 0, 0, 0, 0, 0, 0),
(280, 292, 21, 0, 1, 0, 0, 0, 0, 0, 0, 0, 0, 0, 2, 0, 0, 3, 0, 0, 0, 0, 0, 0, 0, 0, 0, 0, 0, 0, 0, 0, 0, 0, 0),
(281, 293, 62, 0, 1, 0, 0, 0, 0, 0, 0, 0, 0, 0, 9, 0, 0, 21, 0, 0, 6, 0, 0, 2, 0, 0, 0, 0, 0, 0, 0, 0, 0, 0, 0),
(282, 294, 100, 0, 1, 0, 0, 0, 0, 0, 0, 0, 0, 0, 7, 0, 0, 21, 0, 0, 0, 0, 0, 2, 0, 0, 0, 0, 0, 0, 0, 0, 0, 0, 0),
(283, 295, 84, 2, 0, 0, 0, 0, 0, 0, 0, 0, 0, 0, 19, 0, 0, 12, 0, 0, 13, 0, 0, 2, 0, 0, 0, 0, 0, 0, 0, 0, 0, 0, 0),
(284, 297, 2, 2, 0, 0, 0, 0, 0, 0, 0, 0, 0, 0, 1, 1, 0, 0, 1, 0, 0, 0, 0, 0, 0, 0, 0, 0, 0, 0, 0, 0, 0, 0, 0),
(285, 298, 73, 1, 0, 0, 0, 0, 0, 0, 0, 0, 0, 0, 12, 0, 0, 10, 0, 0, 14, 0, 0, 2, 0, 0, 0, 0, 0, 0, 0, 0, 0, 0, 0),
(286, 299, 8, 0, 0, 0, 0, 0, 0, 0, 0, 0, 0, 0, 0, 0, 0, 0, 0, 0, 3, 0, 0, 0, 0, 0, 0, 0, 0, 0, 0, 0, 0, 0, 0),
(287, 300, 41, 0, 0, 0, 0, 0, 0, 0, 0, 0, 0, 0, 0, 0, 0, 5, 0, 0, 1, 0, 0, 0, 0, 0, 0, 0, 0, 0, 0, 0, 0, 0, 0),
(288, 301, 104, 4, 0, 0, 0, 0, 0, 0, 0, 0, 0, 0, 4, 1, 0, 17, 1, 0, 19, 0, 0, 6, 0, 0, 0, 0, 0, 0, 0, 0, 0, 0, 0),
(289, 302, 114, 0, 1, 0, 0, 0, 0, 0, 0, 0, 0, 0, 16, 0, 0, 16, 0, 0, 0, 0, 0, 0, 0, 0, 0, 0, 0, 0, 0, 0, 0, 0, 0),
(290, 303, 58, 2, 0, 0, 0, 0, 0, 0, 0, 0, 0, 0, 3, 0, 0, 14, 0, 0, 0, 0, 0, 2, 0, 0, 0, 0, 0, 0, 0, 0, 0, 0, 0),
(291, 304, 13, 2, 0, 0, 0, 0, 0, 0, 0, 0, 0, 0, 0, 1, 0, 0, 1, 0, 0, 0, 0, 2, 0, 0, 0, 0, 0, 0, 0, 0, 0, 0, 0),
(292, 305, 42, 2, 1, 0, 0, 0, 0, 0, 0, 0, 0, 0, 0, 1, 0, 9, 0, 0, 1, 0, 0, 0, 0, 0, 0, 0, 0, 0, 0, 0, 0, 0, 0),
(293, 306, 112, 0, 0, 0, 0, 0, 0, 0, 0, 0, 0, 0, 0, 0, 0, 33, 0, 0, 14, 0, 0, 2, 0, 0, 0, 0, 0, 0, 0, 0, 0, 0, 0),
(294, 307, 33, 0, 0, 0, 0, 0, 0, 0, 0, 0, 0, 0, 0, 0, 0, 6, 0, 0, 0, 0, 0, 2, 0, 0, 0, 0, 0, 0, 0, 0, 0, 0, 0),
(295, 308, 71, 5, 0, 0, 0, 0, 0, 0, 0, 0, 0, 0, 4, 0, 0, 18, 0, 0, 6, 0, 0, 0, 0, 0, 0, 0, 0, 0, 0, 0, 0, 0, 0),
(296, 309, 170, 2, 0, 0, 0, 0, 0, 0, 0, 0, 0, 0, 27, 0, 0, 20, 0, 0, 1, 0, 0, 62, 0, 0, 0, 0, 0, 0, 0, 0, 0, 0, 0),
(297, 310, 103, 2, 0, 0, 0, 0, 0, 0, 0, 0, 0, 0, 12, 2, 0, 19, 0, 0, 10, 0, 0, 2, 0, 0, 0, 0, 0, 0, 0, 0, 0, 0, 0),
(298, 311, 81, 0, 0, 0, 0, 0, 0, 0, 0, 0, 0, 0, 0, 0, 0, 46, 0, 0, 4, 0, 0, 0, 0, 0, 0, 0, 0, 0, 0, 0, 0, 0, 0),
(299, 312, 77, 0, 0, 0, 0, 0, 0, 0, 0, 0, 0, 0, 0, 0, 0, 0, 0, 0, 0, 0, 0, 0, 0, 0, 0, 0, 0, 0, 0, 0, 0, 0, 0),
(300, 313, 15, 0, 1, 0, 0, 0, 0, 0, 0, 0, 0, 0, 7, 0, 0, 0, 0, 0, 3, 0, 0, 0, 0, 0, 0, 0, 0, 0, 0, 0, 0, 0, 0),
(301, 314, 142, 1, 0, 0, 0, 0, 0, 0, 0, 0, 0, 0, 26, 0, 0, 23, 0, 0, 9, 0, 2, 16, 0, 0, 0, 0, 0, 0, 0, 0, 0, 0, 0),
(302, 315, 147, 1, 2, 0, 0, 0, 0, 0, 0, 0, 0, 0, 12, 0, 0, 25, 0, 1, 12, 0, 1, 28, 0, 2, 0, 0, 0, 0, 0, 0, 0, 0, 0),
(303, 316, 157, 1, 0, 0, 0, 0, 0, 0, 0, 0, 0, 0, 5, 0, 0, 28, 0, 1, 32, 0, 0, 26, 0, 0, 0, 0, 0, 0, 0, 0, 0, 0, 0),
(304, 317, 98, 1, 2, 0, 0, 0, 0, 0, 0, 0, 0, 0, 12, 0, 0, 22, 0, 1, 19, 0, 1, 15, 0, 0, 0, 0, 0, 0, 0, 0, 0, 0, 0),
(305, 318, 0, 0, 0, 0, 0, 0, 0, 0, 0, 0, 0, 0, 0, 0, 0, 0, 0, 0, 0, 0, 0, 0, 0, 0, 0, 0, 0, 0, 0, 0, 0, 0, 0),
(306, 319, 53, 0, 2, 0, 0, 0, 0, 0, 0, 0, 0, 0, 8, 0, 0, 9, 0, 0, 0, 0, 0, 0, 0, 0, 0, 0, 0, 0, 0, 0, 0, 0, 0),
(307, 320, 138, 0, 2, 0, 0, 0, 0, 0, 0, 0, 0, 0, 21, 0, 0, 16, 0, 0, 29, 0, 0, 16, 0, 0, 0, 0, 0, 0, 0, 0, 0, 0, 0),
(308, 321, 20, 0, 0, 0, 0, 0, 0, 0, 0, 0, 0, 0, 0, 0, 0, 3, 0, 0, 7, 0, 0, 0, 0, 0, 0, 0, 0, 0, 0, 0, 0, 0, 0),
(309, 322, 119, 0, 0, 0, 0, 0, 0, 0, 0, 0, 0, 0, 0, 0, 0, 26, 0, 0, 22, 0, 0, 20, 0, 0, 0, 0, 0, 0, 0, 0, 0, 0, 0),
(310, 323, 16, 0, 0, 0, 0, 0, 0, 0, 0, 0, 0, 0, 0, 0, 0, 0, 0, 0, 0, 0, 0, 0, 0, 0, 0, 0, 0, 0, 0, 0, 0, 0, 0),
(311, 324, 105, 0, 0, 0, 0, 0, 0, 0, 0, 0, 0, 0, 0, 0, 0, 36, 0, 0, 2, 0, 0, 19, 0, 0, 0, 0, 0, 0, 0, 0, 0, 0, 0),
(312, 325, 54, 0, 2, 0, 0, 0, 0, 0, 0, 0, 0, 0, 2, 0, 0, 19, 0, 0, 11, 0, 1, 0, 0, 0, 0, 0, 0, 0, 0, 0, 0, 0, 0),
(313, 326, 38, 0, 1, 0, 0, 0, 0, 0, 0, 0, 0, 0, 10, 0, 0, 2, 0, 0, 10, 0, 0, 0, 0, 0, 0, 0, 0, 0, 0, 0, 0, 0, 0),
(314, 327, 164, 1, 0, 0, 0, 0, 0, 0, 0, 0, 0, 0, 18, 0, 0, 37, 0, 0, 31, 0, 2, 12, 0, 0, 0, 0, 0, 0, 0, 0, 0, 0, 0),
(315, 328, 32, 0, 0, 0, 0, 0, 0, 0, 0, 0, 0, 0, 0, 0, 0, 12, 0, 0, 0, 0, 0, 0, 0, 0, 0, 0, 0, 0, 0, 0, 0, 0, 0),
(316, 329, 124, 0, 1, 0, 0, 0, 0, 0, 0, 0, 0, 0, 14, 0, 0, 30, 0, 0, 12, 0, 0, 15, 0, 0, 0, 0, 0, 0, 0, 0, 0, 0, 0),
(317, 330, 69, 0, 1, 0, 0, 0, 0, 0, 0, 0, 0, 0, 7, 0, 0, 20, 0, 0, 9, 0, 0, 0, 0, 0, 0, 0, 0, 0, 0, 0, 0, 0, 0),
(318, 331, 14, 0, 0, 0, 0, 0, 0, 0, 0, 0, 0, 0, 0, 0, 0, 0, 0, 0, 11, 0, 0, 0, 0, 0, 0, 0, 0, 0, 0, 0, 0, 0, 0),
(319, 332, 39, 0, 1, 0, 0, 0, 0, 0, 0, 0, 0, 0, 0, 0, 0, 15, 0, 0, 13, 0, 1, 0, 0, 0, 0, 0, 0, 0, 0, 0, 0, 0, 0),
(320, 333, 1, 0, 0, 0, 0, 0, 0, 0, 0, 0, 0, 0, 0, 0, 0, 1, 0, 0, 0, 0, 0, 0, 0, 0, 0, 0, 0, 0, 0, 0, 0, 0, 0),
(321, 334, 120, 1, 0, 0, 0, 0, 0, 0, 0, 0, 0, 0, 20, 0, 0, 18, 0, 0, 20, 0, 0, 21, 0, 0, 0, 0, 0, 0, 0, 0, 0, 0, 0),
(322, 335, 20, 1, 0, 0, 0, 0, 0, 0, 0, 0, 0, 0, 0, 0, 0, 9, 0, 0, 0, 0, 0, 0, 0, 0, 0, 0, 0, 0, 0, 0, 0, 0, 0),
(323, 336, 55, 0, 1, 0, 0, 0, 0, 0, 0, 0, 0, 0, 0, 0, 0, 18, 0, 0, 8, 0, 1, 0, 0, 0, 0, 0, 0, 0, 0, 0, 0, 0, 0),
(324, 337, 35, 0, 1, 0, 0, 0, 0, 0, 0, 0, 0, 0, 0, 0, 0, 5, 0, 0, 9, 0, 1, 7, 0, 0, 0, 0, 0, 0, 0, 0, 0, 0, 0),
(325, 338, 53, 1, 0, 0, 0, 0, 0, 0, 0, 0, 0, 0, 9, 0, 0, 5, 1, 0, 3, 0, 0, 12, 0, 0, 0, 0, 0, 0, 0, 0, 0, 0, 0),
(326, 339, 25, 0, 0, 0, 0, 0, 0, 0, 0, 0, 0, 0, 5, 0, 0, 1, 0, 0, 3, 0, 0, 6, 0, 0, 0, 0, 0, 0, 0, 0, 0, 0, 0),
(327, 340, 0, 1, 1, 0, 0, 0, 0, 0, 0, 0, 0, 0, 0, 0, 0, 0, 1, 0, 0, 0, 0, 0, 0, 0, 0, 0, 0, 0, 0, 0, 0, 0, 0),
(328, 341, 63, 1, 0, 0, 0, 0, 0, 0, 0, 0, 0, 0, 2, 0, 0, 9, 1, 0, 4, 0, 0, 13, 0, 0, 0, 0, 0, 0, 0, 0, 0, 0, 0),
(329, 342, 49, 6, 0, 0, 0, 0, 0, 0, 0, 0, 0, 0, 9, 1, 0, 6, 1, 0, 9, 1, 1, 14, 0, 1, 0, 0, 0, 0, 0, 0, 0, 0, 0),
(330, 343, 3, 1, 1, 0, 0, 0, 0, 0, 0, 0, 0, 0, 0, 0, 0, 1, 1, 0, 1, 0, 0, 0, 0, 0, 0, 0, 0, 0, 0, 0, 0, 0, 0),
(331, 344, 127, 4, 0, 0, 0, 0, 0, 0, 0, 0, 0, 0, 21, 0, 2, 17, 1, 0, 7, 1, 1, 19, 0, 1, 0, 0, 0, 0, 0, 0, 0, 0, 0),
(332, 345, 59, 3, 2, 0, 0, 0, 0, 0, 0, 0, 0, 0, 5, 0, 0, 9, 1, 0, 6, 0, 0, 11, 0, 0, 0, 0, 0, 0, 0, 0, 0, 0, 0),
(333, 346, 28, 2, 0, 0, 0, 0, 0, 0, 0, 0, 0, 0, 1, 0, 0, 4, 1, 0, 5, 0, 0, 5, 0, 0, 0, 0, 0, 0, 0, 0, 0, 0, 0),
(334, 347, 19, 0, 0, 0, 0, 0, 0, 0, 0, 0, 0, 0, 0, 0, 0, 0, 0, 0, 0, 0, 0, 0, 0, 0, 0, 0, 0, 0, 0, 0, 0, 0, 0),
(335, 348, 48, 2, 0, 0, 0, 0, 0, 0, 0, 0, 0, 0, 3, 0, 0, 5, 1, 0, 5, 0, 0, 9, 0, 0, 0, 0, 0, 0, 0, 0, 0, 0, 0),
(336, 349, 81, 2, 0, 0, 0, 0, 0, 0, 0, 0, 0, 0, 5, 0, 0, 3, 1, 0, 5, 0, 0, 16, 0, 0, 0, 0, 0, 0, 0, 0, 0, 0, 0),
(337, 350, 18, 0, 1, 0, 0, 0, 0, 0, 0, 0, 0, 0, 0, 0, 0, 3, 0, 0, 1, 0, 0, 6, 0, 0, 0, 0, 0, 0, 0, 0, 0, 0, 0),
(338, 351, 63, 1, 1, 0, 0, 0, 0, 0, 0, 0, 0, 0, 12, 0, 0, 7, 0, 0, 1, 0, 0, 17, 0, 0, 0, 0, 0, 0, 0, 0, 0, 0, 0),
(339, 352, 37, 2, 0, 0, 0, 0, 0, 0, 0, 0, 0, 0, 11, 0, 0, 0, 1, 0, 8, 0, 1, 5, 0, 0, 0, 0, 0, 0, 0, 0, 0, 0, 0),
(340, 353, 74, 6, 2, 0, 0, 0, 0, 0, 0, 0, 0, 0, 15, 1, 0, 5, 2, 0, 14, 1, 0, 15, 1, 0, 0, 0, 0, 0, 0, 0, 0, 0, 0),
(341, 354, 12, 1, 0, 0, 0, 0, 0, 0, 0, 0, 0, 0, 0, 0, 0, 5, 1, 0, 0, 0, 0, 0, 0, 0, 0, 0, 0, 0, 0, 0, 0, 0, 0),
(342, 355, 16, 1, 0, 0, 0, 0, 0, 0, 0, 0, 0, 0, 0, 0, 0, 4, 1, 0, 0, 0, 0, 2, 0, 0, 0, 0, 0, 0, 0, 0, 0, 0, 0),
(343, 356, 147, 4, 2, 0, 0, 0, 0, 0, 0, 0, 0, 0, 21, 0, 1, 16, 2, 0, 12, 1, 1, 29, 0, 1, 0, 0, 0, 0, 0, 0, 0, 0, 0),
(344, 357, 18, 3, 0, 0, 0, 0, 0, 0, 0, 0, 0, 0, 0, 0, 0, 2, 1, 0, 0, 0, 0, 2, 0, 0, 0, 0, 0, 0, 0, 0, 0, 0, 0),
(345, 358, 13, 1, 0, 0, 0, 0, 0, 0, 0, 0, 0, 0, 0, 0, 0, 3, 0, 0, 1, 0, 0, 5, 0, 0, 0, 0, 0, 0, 0, 0, 0, 0, 0),
(346, 359, 26, 1, 0, 0, 0, 0, 0, 0, 0, 0, 0, 0, 0, 0, 0, 5, 1, 0, 4, 0, 0, 7, 0, 0, 0, 0, 0, 0, 0, 0, 0, 0, 0),
(347, 360, 88, 3, 0, 0, 0, 0, 0, 0, 0, 0, 0, 0, 11, 0, 1, 11, 0, 1, 4, 1, 1, 7, 0, 0, 0, 0, 0, 0, 0, 0, 0, 0, 0),
(348, 361, 8, 0, 0, 0, 0, 0, 0, 0, 0, 0, 0, 0, 0, 0, 0, 4, 0, 0, 0, 0, 0, 2, 0, 0, 0, 0, 0, 0, 0, 0, 0, 0, 0),
(349, 362, 57, 0, 0, 0, 0, 0, 0, 0, 0, 0, 0, 0, 9, 0, 0, 13, 0, 0, 11, 0, 0, 8, 0, 0, 0, 0, 0, 0, 0, 0, 0, 0, 0),
(350, 363, 26, 2, 0, 0, 0, 0, 0, 0, 0, 0, 0, 0, 4, 1, 0, 8, 0, 0, 1, 1, 0, 0, 0, 0, 0, 0, 0, 0, 0, 0, 0, 0, 0),
(351, 364, 61, 2, 0, 0, 0, 0, 0, 0, 0, 0, 0, 0, 13, 0, 0, 16, 0, 0, 4, 2, 0, 0, 0, 0, 0, 0, 0, 0, 0, 0, 0, 0, 0),
(352, 365, 1, 2, 1, 0, 0, 0, 0, 0, 0, 0, 0, 0, 0, 0, 0, 1, 0, 0, 0, 1, 0, 0, 0, 0, 0, 0, 0, 0, 0, 0, 0, 0, 0),
(353, 366, 0, 1, 0, 0, 0, 0, 0, 0, 0, 0, 0, 0, 0, 0, 0, 0, 0, 0, 0, 0, 0, 0, 0, 0, 0, 0, 0, 0, 0, 0, 0, 0, 0),
(354, 367, 21, 0, 0, 0, 0, 0, 0, 0, 0, 0, 0, 0, 3, 0, 0, 2, 0, 0, 0, 0, 0, 0, 0, 0, 0, 0, 0, 0, 0, 0, 0, 0, 0),
(355, 368, 40, 1, 1, 0, 0, 0, 0, 0, 0, 0, 0, 0, 10, 0, 0, 13, 0, 0, 2, 0, 0, 0, 0, 0, 0, 0, 0, 0, 0, 0, 0, 0, 0),
(356, 369, 57, 1, 0, 0, 0, 0, 0, 0, 0, 0, 0, 0, 14, 0, 0, 5, 0, 0, 2, 1, 0, 0, 0, 0, 0, 0, 0, 0, 0, 0, 0, 0, 0),
(357, 370, 56, 2, 0, 0, 0, 0, 0, 0, 0, 0, 0, 0, 9, 0, 0, 9, 1, 0, 4, 0, 0, 0, 0, 0, 0, 0, 0, 0, 0, 0, 0, 0, 0),
(358, 371, 31, 1, 2, 0, 0, 0, 0, 0, 0, 0, 0, 0, 3, 0, 0, 2, 0, 0, 2, 0, 0, 0, 0, 0, 0, 0, 0, 0, 0, 0, 0, 0, 0),
(359, 372, 28, 2, 0, 0, 0, 0, 0, 0, 0, 0, 0, 0, 0, 0, 0, 5, 0, 0, 0, 1, 1, 0, 0, 0, 0, 0, 0, 0, 0, 0, 0, 0, 0),
(360, 374, 33, 2, 1, 0, 0, 0, 0, 0, 0, 0, 0, 0, 4, 0, 0, 2, 0, 0, 0, 1, 0, 0, 0, 0, 0, 0, 0, 0, 0, 0, 0, 0, 0),
(361, 375, 73, 2, 1, 0, 0, 0, 0, 0, 0, 0, 0, 0, 8, 0, 0, 11, 0, 0, 8, 2, 0, 0, 0, 0, 0, 0, 0, 0, 0, 0, 0, 0, 0),
(362, 376, 5, 0, 0, 0, 0, 0, 0, 0, 0, 0, 0, 0, 0, 0, 0, 0, 0, 0, 0, 0, 0, 0, 0, 0, 0, 0, 0, 0, 0, 0, 0, 0, 0),
(363, 377, 64, 3, 2, 0, 0, 0, 0, 0, 0, 0, 0, 0, 16, 0, 0, 14, 0, 0, 7, 1, 0, 0, 0, 0, 0, 0, 0, 0, 0, 0, 0, 0, 0),
(364, 378, 18, 1, 0, 0, 0, 0, 0, 0, 0, 0, 0, 0, 4, 0, 0, 0, 0, 0, 0, 0, 0, 0, 0, 0, 0, 0, 0, 0, 0, 0, 0, 0, 0),
(365, 379, 48, 2, 0, 0, 0, 0, 0, 0, 0, 0, 0, 0, 5, 0, 0, 7, 0, 0, 2, 2, 0, 0, 0, 0, 0, 0, 0, 0, 0, 0, 0, 0, 0),
(366, 380, 47, 2, 2, 0, 0, 0, 0, 0, 0, 0, 0, 0, 5, 1, 0, 6, 0, 0, 7, 0, 0, 0, 0, 0, 0, 0, 0, 0, 0, 0, 0, 0, 0),
(367, 382, 26, 2, 1, 0, 0, 0, 0, 0, 0, 0, 0, 0, 2, 1, 0, 8, 0, 0, 1, 1, 0, 0, 0, 0, 0, 0, 0, 0, 0, 0, 0, 0, 0),
(368, 383, 20, 2, 2, 0, 0, 0, 0, 0, 0, 0, 0, 0, 4, 0, 0, 1, 0, 0, 0, 1, 0, 0, 0, 0, 0, 0, 0, 0, 0, 0, 0, 0, 0),
(369, 384, 25, 1, 0, 0, 0, 0, 0, 0, 0, 0, 0, 0, 4, 0, 0, 1, 0, 0, 0, 1, 0, 0, 0, 0, 0, 0, 0, 0, 0, 0, 0, 0, 0),
(370, 385, 40, 2, 0, 0, 0, 0, 0, 0, 0, 0, 0, 0, 12, 0, 0, 5, 2, 0, 5, 0, 0, 0, 0, 0, 0, 0, 0, 0, 0, 0, 0, 0, 0),
(371, 386, 55, 1, 1, 0, 0, 0, 0, 0, 0, 0, 0, 0, 44, 1, 1, 11, 0, 0, 0, 0, 0, 0, 0, 0, 0, 0, 0, 0, 0, 0, 0, 0, 0),
(372, 387, 10, 0, 1, 0, 0, 0, 0, 0, 0, 0, 0, 0, 4, 0, 0, 0, 0, 0, 5, 0, 0, 0, 0, 0, 0, 0, 0, 0, 0, 0, 0, 0, 0),
(373, 388, 23, 1, 0, 0, 0, 0, 0, 0, 0, 0, 0, 0, 6, 0, 0, 6, 0, 0, 8, 0, 0, 0, 0, 0, 0, 0, 0, 0, 0, 0, 0, 0, 0),
(374, 389, 24, 5, 0, 0, 0, 0, 0, 0, 0, 0, 0, 0, 3, 3, 0, 3, 0, 0, 13, 0, 0, 0, 0, 0, 0, 0, 0, 0, 0, 0, 0, 0, 0),
(375, 390, 40, 0, 0, 0, 0, 0, 0, 0, 0, 0, 0, 0, 14, 0, 0, 0, 0, 0, 12, 0, 0, 0, 0, 0, 0, 0, 0, 0, 0, 0, 0, 0, 0),
(376, 391, 13, 1, 0, 0, 0, 0, 0, 0, 0, 0, 0, 0, 0, 0, 0, 2, 0, 0, 0, 0, 0, 0, 0, 0, 0, 0, 0, 0, 0, 0, 0, 0, 0),
(377, 392, 18, 2, 0, 0, 0, 0, 0, 0, 0, 0, 0, 0, 5, 0, 0, 6, 1, 0, 0, 0, 0, 0, 0, 0, 0, 0, 0, 0, 0, 0, 0, 0, 0),
(378, 393, 0, 0, 0, 0, 0, 0, 0, 0, 0, 0, 0, 0, 0, 0, 0, 0, 0, 0, 0, 0, 0, 0, 0, 0, 0, 0, 0, 0, 0, 0, 0, 0, 0),
(379, 394, 19, 2, 0, 0, 0, 0, 0, 0, 0, 0, 0, 0, 4, 0, 0, 1, 0, 0, 2, 0, 0, 0, 0, 0, 0, 0, 0, 0, 0, 0, 0, 0, 0),
(380, 395, 19, 0, 0, 0, 0, 0, 0, 0, 0, 0, 0, 0, 3, 0, 0, 16, 0, 0, 0, 0, 0, 0, 0, 0, 0, 0, 0, 0, 0, 0, 0, 0, 0),
(381, 396, 12, 1, 0, 0, 0, 0, 0, 0, 0, 0, 0, 0, 12, 0, 0, 0, 0, 0, 0, 0, 0, 0, 0, 0, 0, 0, 0, 0, 0, 0, 0, 0, 0),
(382, 397, 29, 7, 0, 0, 0, 0, 0, 0, 0, 0, 0, 0, 2, 3, 0, 11, 0, 0, 4, 0, 0, 0, 0, 0, 0, 0, 0, 0, 0, 0, 0, 0, 0),
(383, 398, 33, 1, 0, 0, 0, 0, 0, 0, 0, 0, 0, 0, 8, 0, 0, 1, 0, 0, 2, 0, 0, 0, 0, 0, 0, 0, 0, 0, 0, 0, 0, 0, 0),
(384, 399, 12, 1, 0, 0, 0, 0, 0, 0, 0, 0, 0, 0, 7, 0, 0, 2, 0, 0, 0, 0, 0, 0, 0, 0, 0, 0, 0, 0, 0, 0, 0, 0, 0),
(385, 400, 29, 1, 1, 0, 0, 0, 0, 0, 0, 0, 0, 0, 17, 0, 0, 0, 0, 0, 3, 0, 0, 0, 0, 0, 0, 0, 0, 0, 0, 0, 0, 0, 0),
(386, 401, 49, 3, 0, 0, 0, 0, 0, 0, 0, 0, 0, 0, 8, 1, 0, 8, 0, 0, 4, 0, 0, 0, 0, 0, 0, 0, 0, 0, 0, 0, 0, 0, 0),
(387, 402, 13, 2, 1, 0, 0, 0, 0, 0, 0, 0, 0, 0, 5, 0, 0, 2, 0, 0, 3, 0, 0, 0, 0, 0, 0, 0, 0, 0, 0, 0, 0, 0, 0),
(388, 403, 17, 0, 2, 0, 0, 0, 0, 0, 0, 0, 0, 0, 6, 0, 0, 8, 0, 0, 3, 0, 0, 0, 0, 0, 0, 0, 0, 0, 0, 0, 0, 0, 0),
(389, 404, 12, 0, 1, 0, 0, 0, 0, 0, 0, 0, 0, 0, 5, 0, 0, 0, 0, 0, 3, 0, 0, 0, 0, 0, 0, 0, 0, 0, 0, 0, 0, 0, 0),
(390, 405, 29, 2, 0, 0, 0, 0, 0, 0, 0, 0, 0, 0, 10, 0, 0, 5, 0, 0, 6, 0, 0, 0, 0, 0, 0, 0, 0, 0, 0, 0, 0, 0, 0),
(391, 406, 74, 14, 0, 0, 0, 0, 0, 0, 0, 0, 0, 0, 10, 5, 0, 8, 0, 0, 11, 0, 0, 0, 0, 0, 0, 0, 0, 0, 0, 0, 0, 0, 0),
(392, 407, 5, 0, 1, 0, 0, 0, 0, 0, 0, 0, 0, 0, 3, 0, 0, 0, 0, 0, 2, 0, 0, 0, 0, 0, 0, 0, 0, 0, 0, 0, 0, 0, 0),
(393, 408, 8, 0, 1, 0, 0, 0, 0, 0, 0, 0, 0, 0, 3, 0, 0, 3, 0, 0, 0, 0, 0, 0, 0, 0, 0, 0, 0, 0, 0, 0, 0, 0, 0),
(394, 409, 16, 1, 0, 0, 0, 0, 0, 0, 0, 0, 0, 0, 0, 0, 0, 6, 0, 0, 5, 0, 0, 0, 0, 0, 0, 0, 0, 0, 0, 0, 0, 0, 0),
(395, 410, 5, 1, 0, 0, 0, 0, 0, 0, 0, 0, 0, 0, 1, 0, 0, 1, 0, 0, 1, 0, 0, 0, 0, 0, 0, 0, 0, 0, 0, 0, 0, 0, 0),
(396, 411, 30, 0, 1, 0, 0, 0, 0, 0, 0, 0, 0, 0, 5, 0, 0, 8, 0, 0, 3, 0, 0, 0, 0, 0, 0, 0, 0, 0, 0, 0, 0, 0, 0),
(397, 412, 39, 3, 2, 0, 0, 0, 0, 0, 0, 0, 0, 0, 13, 0, 0, 4, 0, 0, 2, 1, 0, 0, 0, 0, 0, 0, 0, 0, 0, 0, 0, 0, 0),
(398, 413, 26, 0, 1, 0, 0, 0, 0, 0, 0, 0, 0, 0, 4, 0, 0, 3, 0, 0, 7, 0, 0, 0, 0, 0, 0, 0, 0, 0, 0, 0, 0, 0, 0),
(399, 414, 34, 1, 0, 0, 0, 0, 0, 0, 0, 0, 0, 0, 1, 0, 2, 7, 0, 0, 8, 0, 0, 0, 0, 0, 0, 0, 0, 0, 0, 0, 0, 0, 0),
(400, 415, 54, 1, 2, 0, 0, 0, 0, 0, 0, 0, 0, 0, 6, 0, 0, 8, 0, 0, 7, 0, 0, 0, 0, 0, 0, 0, 0, 0, 0, 0, 0, 0, 0),
(401, 416, 20, 1, 0, 0, 0, 0, 0, 0, 0, 0, 0, 0, 3, 0, 0, 5, 0, 0, 3, 0, 0, 0, 0, 0, 0, 0, 0, 0, 0, 0, 0, 0, 0),
(402, 417, 49, 1, 0, 0, 0, 0, 0, 0, 0, 0, 0, 0, 13, 0, 0, 6, 0, 0, 11, 0, 2, 0, 0, 0, 0, 0, 0, 0, 0, 0, 0, 0, 0),
(403, 418, 29, 0, 2, 0, 0, 0, 0, 0, 0, 0, 0, 0, 1, 0, 0, 9, 0, 0, 0, 0, 0, 0, 0, 0, 0, 0, 0, 0, 0, 0, 0, 0, 0),
(404, 419, 36, 2, 0, 0, 0, 0, 0, 0, 0, 0, 0, 0, 6, 0, 0, 15, 0, 0, 4, 1, 0, 0, 0, 0, 0, 0, 0, 0, 0, 0, 0, 0, 0),
(405, 420, 37, 1, 0, 0, 0, 0, 0, 0, 0, 0, 0, 0, 9, 0, 0, 3, 0, 0, 6, 0, 0, 0, 0, 0, 0, 0, 0, 0, 0, 0, 0, 0, 0),
(406, 421, 12, 0, 0, 0, 0, 0, 0, 0, 0, 0, 0, 0, 0, 0, 0, 7, 0, 0, 0, 0, 0, 0, 0, 0, 0, 0, 0, 0, 0, 0, 0, 0, 0),
(407, 422, 66, 4, 2, 0, 0, 0, 0, 0, 0, 0, 0, 0, 19, 0, 0, 20, 0, 0, 2, 2, 0, 0, 0, 0, 0, 0, 0, 0, 0, 0, 0, 0, 0),
(408, 423, 16, 0, 0, 0, 0, 0, 0, 0, 0, 0, 0, 0, 0, 0, 0, 15, 0, 0, 0, 0, 0, 0, 0, 0, 0, 0, 0, 0, 0, 0, 0, 0, 0),
(409, 424, 32, 2, 0, 0, 0, 0, 0, 0, 0, 0, 0, 0, 2, 0, 0, 6, 0, 1, 2, 0, 0, 0, 0, 0, 0, 0, 0, 0, 0, 0, 0, 0, 0),
(410, 425, 42, 0, 1, 0, 0, 0, 0, 0, 0, 0, 0, 0, 11, 0, 0, 16, 0, 0, 4, 0, 0, 0, 0, 0, 0, 0, 0, 0, 0, 0, 0, 0, 0),
(411, 426, 73, 3, 2, 0, 0, 0, 0, 0, 0, 0, 0, 0, 15, 0, 0, 5, 2, 0, 6, 0, 0, 0, 0, 0, 0, 0, 0, 0, 0, 0, 0, 0, 0),
(412, 427, 34, 0, 0, 0, 0, 0, 0, 0, 0, 0, 0, 0, 0, 0, 0, 9, 0, 0, 8, 0, 0, 0, 0, 0, 0, 0, 0, 0, 0, 0, 0, 0, 0),
(413, 428, 15, 2, 1, 0, 0, 0, 0, 0, 0, 0, 0, 0, 0, 0, 0, 0, 1, 0, 0, 0, 0, 0, 0, 0, 0, 0, 0, 0, 0, 0, 0, 0, 0),
(414, 429, 60, 5, 0, 0, 0, 0, 0, 0, 0, 0, 0, 0, 12, 0, 0, 17, 0, 0, 14, 0, 0, 0, 0, 0, 0, 0, 0, 0, 0, 0, 0, 0, 0),
(415, 430, 62, 2, 2, 0, 0, 0, 0, 0, 0, 0, 0, 0, 8, 0, 0, 11, 0, 0, 0, 2, 0, 0, 0, 0, 0, 0, 0, 0, 0, 0, 0, 0, 0),
(416, 431, 27, 2, 0, 0, 0, 0, 0, 0, 0, 0, 0, 0, 3, 0, 0, 2, 0, 0, 3, 0, 0, 0, 0, 0, 0, 0, 0, 0, 0, 0, 0, 0, 0),
(417, 432, 97, 6, 2, 0, 0, 0, 0, 0, 0, 0, 0, 0, 18, 0, 0, 29, 0, 0, 4, 0, 0, 0, 0, 0, 0, 0, 0, 0, 0, 0, 0, 0, 0),
(418, 433, 54, 1, 1, 0, 0, 0, 0, 0, 0, 0, 0, 0, 10, 0, 0, 4, 1, 0, 9, 0, 0, 0, 0, 0, 0, 0, 0, 0, 0, 0, 0, 0, 0),
(419, 434, 37, 1, 2, 0, 0, 0, 0, 0, 0, 0, 0, 0, 1, 0, 0, 9, 0, 0, 3, 0, 0, 0, 0, 0, 0, 0, 0, 0, 0, 0, 0, 0, 0),
(420, 435, 125, 5, 2, 0, 0, 0, 0, 0, 0, 0, 0, 0, 23, 3, 0, 33, 0, 0, 17, 0, 0, 0, 0, 0, 0, 0, 0, 0, 0, 0, 0, 0, 0),
(421, 436, 22, 1, 2, 0, 0, 0, 0, 0, 0, 0, 0, 0, 10, 0, 0, 3, 0, 0, 0, 0, 0, 0, 0, 0, 0, 0, 0, 0, 0, 0, 0, 0, 0),
(422, 437, 36, 1, 0, 0, 0, 0, 0, 0, 0, 0, 0, 0, 4, 0, 0, 4, 0, 0, 8, 0, 0, 0, 0, 0, 0, 0, 0, 0, 0, 0, 0, 0, 0),
(423, 438, 74, 3, 1, 0, 0, 0, 0, 0, 0, 0, 0, 0, 3, 0, 0, 20, 0, 0, 6, 0, 0, 0, 0, 0, 0, 0, 0, 0, 0, 0, 0, 0, 0),
(424, 439, 31, 1, 0, 0, 0, 0, 0, 0, 0, 0, 0, 0, 2, 0, 0, 9, 0, 0, 0, 0, 0, 0, 0, 0, 0, 0, 0, 0, 0, 0, 0, 0, 0),
(425, 440, 107, 11, 0, 0, 0, 0, 0, 0, 0, 0, 0, 0, 9, 5, 2, 20, 0, 1, 14, 0, 0, 0, 0, 0, 0, 0, 0, 0, 0, 0, 0, 0, 0),
(426, 441, 0, 6, 2, 0, 0, 0, 0, 0, 0, 0, 0, 0, 0, 1, 0, 0, 2, 1, 0, 0, 0, 0, 0, 0, 0, 0, 0, 0, 0, 0, 0, 0, 0),
(427, 442, 14, 3, 2, 0, 0, 0, 0, 0, 0, 0, 0, 0, 0, 0, 0, 0, 0, 2, 0, 0, 0, 0, 0, 0, 0, 0, 0, 0, 0, 0, 0, 0, 0),
(428, 443, 100, 12, 1, 0, 0, 0, 0, 0, 0, 0, 0, 0, 8, 3, 0, 25, 5, 1, 9, 0, 0, 0, 0, 0, 0, 0, 0, 0, 0, 0, 0, 0, 0),
(429, 444, 57, 3, 0, 0, 0, 0, 0, 0, 0, 0, 0, 0, 3, 0, 0, 1, 0, 1, 1, 0, 0, 0, 0, 0, 0, 0, 0, 0, 0, 0, 0, 0, 0),
(430, 445, 47, 1, 1, 0, 0, 0, 0, 0, 0, 0, 0, 0, 5, 0, 0, 6, 0, 0, 0, 0, 0, 0, 0, 0, 0, 0, 0, 0, 0, 0, 0, 0, 0),
(431, 446, 89, 12, 0, 0, 0, 0, 0, 0, 0, 0, 0, 0, 6, 7, 0, 20, 0, 0, 6, 0, 2, 0, 0, 0, 0, 0, 0, 0, 0, 0, 0, 0, 0),
(432, 447, 29, 8, 0, 0, 0, 0, 0, 0, 0, 0, 0, 0, 1, 0, 0, 3, 2, 1, 13, 0, 1, 0, 0, 0, 0, 0, 0, 0, 0, 0, 0, 0, 0),
(433, 448, 18, 1, 0, 0, 0, 0, 0, 0, 0, 0, 0, 0, 0, 0, 0, 2, 0, 0, 3, 0, 0, 0, 0, 0, 0, 0, 0, 0, 0, 0, 0, 0, 0),
(434, 449, 34, 13, 1, 0, 0, 0, 0, 0, 0, 0, 0, 0, 1, 6, 0, 14, 3, 1, 4, 0, 1, 0, 0, 0, 0, 0, 0, 0, 0, 0, 0, 0, 0),
(435, 450, 1, 0, 0, 0, 0, 0, 0, 0, 0, 0, 0, 0, 0, 0, 0, 0, 0, 0, 0, 0, 0, 0, 0, 0, 0, 0, 0, 0, 0, 0, 0, 0, 0),
(436, 451, 65, 3, 0, 0, 0, 0, 0, 0, 0, 0, 0, 0, 38, 2, 2, 19, 0, 1, 8, 0, 0, 0, 0, 0, 0, 0, 0, 0, 0, 0, 0, 0, 0),
(437, 452, 69, 13, 0, 0, 0, 0, 0, 0, 0, 0, 0, 0, 13, 8, 0, 5, 2, 0, 10, 0, 0, 0, 0, 0, 0, 0, 0, 0, 0, 0, 0, 0, 0),
(438, 453, 4, 1, 0, 0, 0, 0, 0, 0, 0, 0, 0, 0, 0, 0, 0, 2, 0, 0, 0, 0, 0, 0, 0, 0, 0, 0, 0, 0, 0, 0, 0, 0, 0),
(439, 454, 45, 12, 1, 0, 0, 0, 0, 0, 0, 0, 0, 0, 6, 5, 2, 1, 2, 0, 17, 0, 0, 0, 0, 0, 0, 0, 0, 0, 0, 0, 0, 0, 0),
(440, 455, 54, 0, 0, 0, 0, 0, 0, 0, 0, 0, 0, 0, 0, 0, 0, 0, 0, 0, 21, 0, 0, 0, 0, 0, 0, 0, 0, 0, 0, 0, 0, 0, 0),
(441, 456, 35, 5, 2, 0, 0, 0, 0, 0, 0, 0, 0, 0, 14, 0, 0, 12, 1, 1, 2, 0, 0, 0, 0, 0, 0, 0, 0, 0, 0, 0, 0, 0, 0),
(442, 457, 37, 8, 1, 0, 0, 0, 0, 0, 0, 0, 0, 0, 1, 3, 0, 6, 2, 1, 13, 1, 0, 0, 0, 0, 0, 0, 0, 0, 0, 0, 0, 0, 0),
(443, 458, 9, 4, 0, 0, 0, 0, 0, 0, 0, 0, 0, 0, 0, 0, 0, 0, 3, 0, 4, 0, 0, 0, 0, 0, 0, 0, 0, 0, 0, 0, 0, 0, 0),
(444, 459, 48, 1, 1, 0, 0, 0, 0, 0, 0, 0, 0, 0, 3, 0, 0, 7, 0, 1, 11, 0, 0, 0, 0, 0, 0, 0, 0, 0, 0, 0, 0, 0, 0),
(445, 460, 5, 0, 1, 0, 0, 0, 0, 0, 0, 0, 0, 0, 0, 0, 0, 0, 0, 0, 0, 0, 0, 0, 0, 0, 0, 0, 0, 0, 0, 0, 0, 0, 0),
(446, 461, 56, 9, 1, 0, 0, 0, 0, 0, 0, 0, 0, 0, 0, 2, 0, 2, 2, 1, 6, 0, 0, 0, 0, 0, 0, 0, 0, 0, 0, 0, 0, 0, 0),
(447, 462, 55, 7, 1, 0, 0, 0, 0, 0, 0, 0, 0, 0, 0, 1, 0, 5, 0, 1, 6, 0, 0, 0, 0, 0, 0, 0, 0, 0, 0, 0, 0, 0, 0),
(448, 699, 42, 3, 1, 0, 0, 0, 0, 0, 0, 0, 0, 0, 0, 0, 0, 13, 0, 0, 0, 0, 0, 13, 0, 0, 0, 0, 0, 0, 0, 0, 0, 0, 0);
INSERT INTO `fls1egvn_missings` (`nr`, `student_nr`, `current_w`, `current_h`, `current_p`, `sep_w`, `sep_h`, `sep_p`, `oct_w`, `oct_h`, `oct_p`, `nov_w`, `nov_h`, `nov_p`, `dec_w`, `dec_h`, `dec_p`, `jan_w`, `jan_h`, `jan_p`, `feb_w`, `feb_h`, `feb_p`, `mar_w`, `mar_h`, `mar_p`, `apr_w`, `apr_h`, `apr_p`, `may_w`, `may_h`, `may_p`, `jun_w`, `jun_h`, `jun_p`) VALUES
(449, 700, 19, 1, 2, 0, 0, 0, 0, 0, 0, 0, 0, 0, 0, 1, 1, 6, 0, 0, 3, 0, 0, 0, 0, 0, 0, 0, 0, 0, 0, 0, 0, 0, 0),
(450, 701, 127, 1, 0, 0, 0, 0, 0, 0, 0, 0, 0, 0, 0, 0, 0, 19, 0, 0, 1, 0, 0, 46, 1, 0, 0, 0, 0, 0, 0, 0, 0, 0, 0),
(451, 702, 78, 0, 2, 0, 0, 0, 0, 0, 0, 0, 0, 0, 0, 0, 0, 8, 0, 0, 0, 0, 0, 15, 0, 0, 0, 0, 0, 0, 0, 0, 0, 0, 0),
(452, 703, 64, 0, 0, 0, 0, 0, 0, 0, 0, 0, 0, 0, 2, 0, 0, 11, 0, 0, 7, 0, 0, 14, 0, 0, 0, 0, 0, 0, 0, 0, 0, 0, 0),
(453, 704, 61, 2, 2, 0, 0, 0, 0, 0, 0, 0, 0, 0, 0, 0, 0, 5, 0, 0, 14, 0, 0, 14, 1, 0, 0, 0, 0, 0, 0, 0, 0, 0, 0),
(454, 705, 7, 1, 0, 0, 0, 0, 0, 0, 0, 0, 0, 0, 0, 0, 0, 0, 0, 0, 7, 0, 0, 0, 1, 0, 0, 0, 0, 0, 0, 0, 0, 0, 0),
(455, 706, 60, 0, 1, 0, 0, 0, 0, 0, 0, 0, 0, 0, 0, 0, 0, 14, 0, 0, 1, 0, 0, 21, 0, 0, 0, 0, 0, 0, 0, 0, 0, 0, 0),
(456, 707, 100, 0, 1, 0, 0, 0, 0, 0, 0, 0, 0, 0, 24, 0, 0, 7, 0, 0, 34, 0, 0, 19, 0, 0, 0, 0, 0, 0, 0, 0, 0, 0, 0),
(457, 708, 6, 0, 0, 0, 0, 0, 0, 0, 0, 0, 0, 0, 0, 0, 0, 0, 0, 0, 0, 0, 0, 6, 0, 0, 0, 0, 0, 0, 0, 0, 0, 0, 0),
(458, 710, 60, 1, 1, 0, 0, 0, 0, 0, 0, 0, 0, 0, 9, 0, 0, 0, 0, 0, 0, 0, 1, 23, 0, 1, 0, 0, 0, 0, 0, 0, 0, 0, 0),
(459, 711, 53, 1, 0, 0, 0, 0, 0, 0, 0, 0, 0, 0, 0, 0, 0, 3, 0, 0, 0, 0, 0, 50, 0, 0, 0, 0, 0, 0, 0, 0, 0, 0, 0),
(460, 712, 37, 1, 0, 0, 0, 0, 0, 0, 0, 0, 0, 0, 0, 0, 0, 18, 0, 0, 0, 0, 0, 0, 1, 0, 0, 0, 0, 0, 0, 0, 0, 0, 0),
(461, 713, 98, 0, 1, 0, 0, 0, 0, 0, 0, 0, 0, 0, 8, 0, 0, 20, 0, 0, 5, 0, 0, 15, 0, 0, 0, 0, 0, 0, 0, 0, 0, 0, 0),
(462, 715, 8, 0, 0, 0, 0, 0, 0, 0, 0, 0, 0, 0, 0, 0, 0, 0, 0, 0, 0, 0, 0, 0, 0, 0, 0, 0, 0, 0, 0, 0, 0, 0, 0),
(463, 716, 0, 2, 0, 0, 0, 0, 0, 0, 0, 0, 0, 0, 0, 0, 0, 0, 0, 0, 0, 0, 0, 0, 1, 1, 0, 0, 0, 0, 0, 0, 0, 0, 0),
(464, 717, 6, 0, 0, 0, 0, 0, 0, 0, 0, 0, 0, 0, 0, 0, 0, 0, 0, 0, 0, 0, 0, 0, 0, 0, 0, 0, 0, 0, 0, 0, 0, 0, 0),
(465, 718, 37, 2, 1, 0, 0, 0, 0, 0, 0, 0, 0, 0, 0, 0, 0, 0, 0, 0, 25, 0, 1, 7, 0, 1, 0, 0, 0, 0, 0, 0, 0, 0, 0),
(466, 719, 5, 1, 2, 0, 0, 0, 0, 0, 0, 0, 0, 0, 0, 0, 0, 0, 0, 0, 5, 0, 0, 0, 1, 0, 0, 0, 0, 0, 0, 0, 0, 0, 0),
(467, 720, 4, 1, 2, 0, 0, 0, 0, 0, 0, 0, 0, 0, 0, 0, 0, 4, 0, 0, 0, 0, 0, 0, 1, 0, 0, 0, 0, 0, 0, 0, 0, 0, 0),
(468, 721, 65, 0, 1, 0, 0, 0, 0, 0, 0, 0, 0, 0, 16, 0, 0, 8, 0, 0, 8, 0, 1, 19, 0, 0, 0, 0, 0, 0, 0, 0, 0, 0, 0),
(469, 722, 13, 1, 0, 0, 0, 0, 0, 0, 0, 0, 0, 0, 0, 0, 0, 0, 0, 1, 0, 0, 0, 13, 0, 0, 0, 0, 0, 0, 0, 0, 0, 0, 0),
(470, 723, 85, 0, 2, 0, 0, 0, 0, 0, 0, 0, 0, 0, 42, 0, 0, 9, 0, 1, 0, 0, 0, 17, 0, 0, 0, 0, 0, 0, 0, 0, 0, 0, 0),
(471, 724, 13, 1, 0, 0, 0, 0, 0, 0, 0, 0, 0, 0, 4, 0, 2, 5, 0, 0, 0, 0, 0, 4, 0, 1, 0, 0, 0, 0, 0, 0, 0, 0, 0),
(472, 725, 49, 0, 0, 0, 0, 0, 0, 0, 0, 0, 0, 0, 12, 0, 0, 9, 0, 0, 0, 0, 0, 21, 0, 0, 0, 0, 0, 0, 0, 0, 0, 0, 0),
(473, 726, 20, 0, 0, 0, 0, 0, 0, 0, 0, 0, 0, 0, 0, 0, 0, 0, 0, 0, 0, 0, 0, 0, 0, 0, 0, 0, 0, 0, 0, 0, 0, 0, 0),
(474, 727, 9, 2, 2, 0, 0, 0, 0, 0, 0, 0, 0, 0, 0, 0, 1, 6, 0, 1, 0, 1, 0, 0, 0, 0, 0, 0, 0, 0, 0, 0, 0, 0, 0),
(475, 728, 64, 2, 2, 0, 0, 0, 0, 0, 0, 0, 0, 0, 19, 0, 1, 19, 0, 1, 0, 0, 0, 0, 0, 0, 0, 0, 0, 0, 0, 0, 0, 0, 0),
(476, 729, 72, 1, 0, 0, 0, 0, 0, 0, 0, 0, 0, 0, 0, 0, 0, 63, 0, 0, 0, 1, 0, 0, 0, 0, 0, 0, 0, 0, 0, 0, 0, 0, 0),
(477, 730, 0, 0, 0, 0, 0, 0, 0, 0, 0, 0, 0, 0, 0, 0, 0, 0, 0, 0, 0, 0, 0, 0, 0, 0, 0, 0, 0, 0, 0, 0, 0, 0, 0),
(478, 731, 58, 1, 2, 0, 0, 0, 0, 0, 0, 0, 0, 0, 34, 0, 0, 13, 0, 1, 6, 0, 1, 0, 0, 0, 0, 0, 0, 0, 0, 0, 0, 0, 0),
(479, 732, 61, 1, 0, 0, 0, 0, 0, 0, 0, 0, 0, 0, 0, 0, 0, 13, 0, 0, 0, 1, 0, 0, 0, 0, 0, 0, 0, 0, 0, 0, 0, 0, 0),
(480, 733, 21, 3, 1, 0, 0, 0, 0, 0, 0, 0, 0, 0, 1, 1, 0, 3, 0, 0, 6, 2, 1, 0, 0, 0, 0, 0, 0, 0, 0, 0, 0, 0, 0),
(481, 734, 0, 0, 0, 0, 0, 0, 0, 0, 0, 0, 0, 0, 0, 0, 0, 0, 0, 0, 0, 0, 0, 0, 0, 0, 0, 0, 0, 0, 0, 0, 0, 0, 0),
(482, 735, 66, 1, 1, 0, 0, 0, 0, 0, 0, 0, 0, 0, 0, 0, 0, 38, 1, 0, 26, 0, 1, 0, 0, 0, 0, 0, 0, 0, 0, 0, 0, 0, 0),
(483, 736, 32, 3, 2, 0, 0, 0, 0, 0, 0, 0, 0, 0, 0, 0, 2, 17, 1, 0, 0, 0, 0, 0, 0, 0, 0, 0, 0, 0, 0, 0, 0, 0, 0),
(484, 737, 8, 1, 0, 0, 0, 0, 0, 0, 0, 0, 0, 0, 1, 0, 0, 0, 0, 0, 0, 0, 0, 0, 0, 0, 0, 0, 0, 0, 0, 0, 0, 0, 0),
(485, 738, 35, 0, 2, 0, 0, 0, 0, 0, 0, 0, 0, 0, 0, 0, 0, 11, 0, 0, 0, 0, 1, 0, 0, 0, 0, 0, 0, 0, 0, 0, 0, 0, 0),
(486, 739, 30, 2, 0, 0, 0, 0, 0, 0, 0, 0, 0, 0, 0, 0, 0, 10, 0, 0, 3, 0, 2, 0, 0, 0, 0, 0, 0, 0, 0, 0, 0, 0, 0),
(487, 740, 13, 0, 1, 0, 0, 0, 0, 0, 0, 0, 0, 0, 0, 0, 0, 13, 0, 0, 0, 0, 1, 0, 0, 0, 0, 0, 0, 0, 0, 0, 0, 0, 0),
(488, 741, 14, 1, 2, 0, 0, 0, 0, 0, 0, 0, 0, 0, 1, 0, 0, 0, 0, 1, 0, 0, 0, 0, 0, 0, 0, 0, 0, 0, 0, 0, 0, 0, 0),
(489, 742, 27, 2, 1, 0, 0, 0, 0, 0, 0, 0, 0, 0, 3, 0, 0, 5, 0, 0, 6, 0, 1, 0, 0, 0, 0, 0, 0, 0, 0, 0, 0, 0, 0),
(490, 743, 5, 0, 0, 0, 0, 0, 0, 0, 0, 0, 0, 0, 0, 0, 0, 5, 0, 0, 0, 0, 0, 0, 0, 0, 0, 0, 0, 0, 0, 0, 0, 0, 0),
(491, 744, 9, 1, 0, 0, 0, 0, 0, 0, 0, 0, 0, 0, 0, 0, 0, 0, 0, 0, 0, 0, 0, 0, 0, 0, 0, 0, 0, 0, 0, 0, 0, 0, 0),
(492, 745, 102, 6, 0, 0, 0, 0, 0, 0, 0, 0, 0, 0, 3, 1, 1, 80, 1, 1, 0, 1, 0, 0, 0, 0, 0, 0, 0, 0, 0, 0, 0, 0, 0),
(493, 746, 74, 0, 1, 0, 0, 0, 0, 0, 0, 0, 0, 0, 0, 0, 0, 19, 0, 0, 26, 0, 1, 0, 0, 0, 0, 0, 0, 0, 0, 0, 0, 0, 0),
(494, 747, 75, 0, 0, 0, 0, 0, 0, 0, 0, 0, 0, 0, 0, 0, 0, 31, 0, 0, 32, 0, 0, 0, 0, 0, 0, 0, 0, 0, 0, 0, 0, 0, 0),
(495, 748, 29, 4, 0, 0, 0, 0, 0, 0, 0, 0, 0, 0, 0, 0, 0, 8, 1, 0, 9, 0, 0, 0, 0, 0, 0, 0, 0, 0, 0, 0, 0, 0, 0),
(496, 749, 4, 0, 0, 0, 0, 0, 0, 0, 0, 0, 0, 0, 0, 0, 0, 4, 0, 0, 0, 0, 0, 0, 0, 0, 0, 0, 0, 0, 0, 0, 0, 0, 0),
(497, 750, 0, 2, 0, 0, 0, 0, 0, 0, 0, 0, 0, 0, 0, 0, 1, 0, 0, 1, 0, 0, 0, 0, 0, 0, 0, 0, 0, 0, 0, 0, 0, 0, 0),
(498, 751, 24, 0, 1, 0, 0, 0, 0, 0, 0, 0, 0, 0, 0, 0, 0, 12, 0, 0, 12, 0, 1, 0, 0, 0, 0, 0, 0, 0, 0, 0, 0, 0, 0),
(499, 752, 199, 1, 0, 0, 0, 0, 0, 0, 0, 0, 0, 0, 0, 0, 0, 106, 1, 0, 0, 0, 0, 0, 0, 0, 0, 0, 0, 0, 0, 0, 0, 0, 0),
(500, 753, 22, 0, 1, 0, 0, 0, 0, 0, 0, 0, 0, 0, 1, 0, 0, 0, 0, 0, 1, 0, 0, 0, 0, 0, 0, 0, 0, 0, 0, 0, 0, 0, 0),
(501, 754, 38, 1, 0, 0, 0, 0, 0, 0, 0, 0, 0, 0, 0, 0, 0, 18, 0, 0, 0, 1, 0, 0, 0, 0, 0, 0, 0, 0, 0, 0, 0, 0, 0),
(502, 755, 6, 0, 0, 0, 0, 0, 0, 0, 0, 0, 0, 0, 0, 0, 0, 0, 0, 0, 0, 0, 0, 0, 0, 0, 0, 0, 0, 0, 0, 0, 0, 0, 0),
(503, 756, 4, 0, 1, 0, 0, 0, 0, 0, 0, 0, 0, 0, 0, 0, 1, 0, 0, 0, 0, 0, 0, 0, 0, 0, 0, 0, 0, 0, 0, 0, 0, 0, 0),
(504, 757, 19, 1, 1, 0, 0, 0, 0, 0, 0, 0, 0, 0, 0, 0, 0, 0, 0, 0, 8, 0, 0, 0, 0, 0, 0, 0, 0, 0, 0, 0, 0, 0, 0),
(505, 758, 15, 0, 1, 0, 0, 0, 0, 0, 0, 0, 0, 0, 7, 0, 0, 0, 0, 0, 0, 0, 0, 0, 0, 0, 0, 0, 0, 0, 0, 0, 0, 0, 0),
(506, 759, 0, 0, 1, 0, 0, 0, 0, 0, 0, 0, 0, 0, 0, 0, 0, 0, 0, 0, 0, 0, 0, 0, 0, 0, 0, 0, 0, 0, 0, 0, 0, 0, 0),
(507, 760, 49, 6, 0, 0, 0, 0, 0, 0, 0, 0, 0, 0, 13, 2, 0, 6, 0, 0, 8, 0, 0, 0, 0, 0, 0, 0, 0, 0, 0, 0, 0, 0, 0),
(508, 761, 0, 0, 0, 0, 0, 0, 0, 0, 0, 0, 0, 0, 0, 0, 0, 0, 0, 0, 0, 0, 0, 0, 0, 0, 0, 0, 0, 0, 0, 0, 0, 0, 0),
(509, 762, 47, 4, 1, 0, 0, 0, 0, 0, 0, 0, 0, 0, 5, 2, 0, 11, 1, 0, 18, 1, 0, 0, 0, 0, 0, 0, 0, 0, 0, 0, 0, 0, 0),
(510, 763, 31, 0, 1, 0, 0, 0, 0, 0, 0, 0, 0, 0, 0, 0, 0, 13, 0, 0, 0, 0, 0, 0, 0, 0, 0, 0, 0, 0, 0, 0, 0, 0, 0),
(511, 764, 30, 0, 0, 0, 0, 0, 0, 0, 0, 0, 0, 0, 1, 0, 0, 19, 0, 0, 8, 0, 0, 0, 0, 0, 0, 0, 0, 0, 0, 0, 0, 0, 0),
(512, 765, 56, 2, 2, 0, 0, 0, 0, 0, 0, 0, 0, 0, 5, 2, 1, 17, 0, 0, 16, 0, 0, 0, 0, 0, 0, 0, 0, 0, 0, 0, 0, 0, 0),
(513, 766, 23, 2, 1, 0, 0, 0, 0, 0, 0, 0, 0, 0, 2, 0, 1, 0, 0, 0, 7, 0, 0, 0, 0, 0, 0, 0, 0, 0, 0, 0, 0, 0, 0),
(514, 767, 2, 2, 0, 0, 0, 0, 0, 0, 0, 0, 0, 0, 0, 0, 0, 1, 0, 0, 1, 0, 0, 0, 0, 0, 0, 0, 0, 0, 0, 0, 0, 0, 0),
(515, 768, 111, 0, 1, 0, 0, 0, 0, 0, 0, 0, 0, 0, 22, 0, 0, 13, 0, 0, 38, 0, 1, 0, 0, 0, 0, 0, 0, 0, 0, 0, 0, 0, 0),
(516, 769, 46, 9, 1, 0, 0, 0, 0, 0, 0, 0, 0, 0, 2, 2, 0, 2, 0, 0, 4, 2, 2, 0, 0, 0, 0, 0, 0, 0, 0, 0, 0, 0, 0),
(517, 770, 1, 0, 1, 0, 0, 0, 0, 0, 0, 0, 0, 0, 0, 0, 0, 1, 0, 0, 0, 0, 0, 0, 0, 0, 0, 0, 0, 0, 0, 0, 0, 0, 0),
(518, 771, 7, 4, 2, 0, 0, 0, 0, 0, 0, 0, 0, 0, 0, 2, 0, 0, 0, 0, 7, 0, 0, 0, 0, 0, 0, 0, 0, 0, 0, 0, 0, 0, 0),
(519, 772, 3, 1, 0, 0, 0, 0, 0, 0, 0, 0, 0, 0, 0, 0, 0, 0, 0, 1, 3, 0, 1, 0, 0, 0, 0, 0, 0, 0, 0, 0, 0, 0, 0),
(520, 773, 44, 0, 0, 0, 0, 0, 0, 0, 0, 0, 0, 0, 0, 0, 0, 21, 0, 0, 17, 0, 0, 0, 0, 0, 0, 0, 0, 0, 0, 0, 0, 0, 0),
(521, 774, 36, 1, 1, 0, 0, 0, 0, 0, 0, 0, 0, 0, 0, 1, 0, 14, 0, 0, 16, 0, 0, 0, 0, 0, 0, 0, 0, 0, 0, 0, 0, 0, 0),
(522, 775, 11, 0, 0, 0, 0, 0, 0, 0, 0, 0, 0, 0, 3, 0, 0, 6, 0, 0, 2, 0, 0, 0, 0, 0, 0, 0, 0, 0, 0, 0, 0, 0, 0),
(523, 776, 35, 2, 0, 0, 0, 0, 0, 0, 0, 0, 0, 0, 0, 0, 0, 6, 0, 0, 25, 0, 0, 0, 0, 0, 0, 0, 0, 0, 0, 0, 0, 0, 0),
(524, 777, 110, 0, 2, 0, 0, 0, 0, 0, 0, 0, 0, 0, 23, 0, 0, 14, 0, 0, 38, 0, 1, 0, 0, 0, 0, 0, 0, 0, 0, 0, 0, 0, 0),
(525, 778, 23, 1, 0, 0, 0, 0, 0, 0, 0, 0, 0, 0, 0, 0, 0, 0, 1, 0, 0, 0, 0, 0, 0, 0, 0, 0, 0, 0, 0, 0, 0, 0, 0),
(526, 779, 21, 2, 1, 0, 0, 0, 0, 0, 0, 0, 0, 0, 0, 2, 0, 3, 0, 1, 18, 0, 0, 0, 0, 0, 0, 0, 0, 0, 0, 0, 0, 0, 0),
(527, 780, 6, 0, 2, 0, 0, 0, 0, 0, 0, 0, 0, 0, 6, 0, 0, 0, 0, 0, 0, 0, 0, 0, 0, 0, 0, 0, 0, 0, 0, 0, 0, 0, 0),
(528, 781, 39, 0, 1, 0, 0, 0, 0, 0, 0, 0, 0, 0, 0, 0, 0, 0, 0, 0, 39, 0, 1, 0, 0, 0, 0, 0, 0, 0, 0, 0, 0, 0, 0),
(529, 782, 35, 1, 2, 0, 0, 0, 0, 0, 0, 0, 0, 0, 0, 0, 0, 7, 0, 0, 4, 0, 0, 0, 0, 0, 0, 0, 0, 0, 0, 0, 0, 0, 0),
(530, 783, 59, 2, 0, 0, 0, 0, 0, 0, 0, 0, 0, 0, 10, 0, 0, 10, 0, 0, 6, 0, 0, 0, 0, 0, 0, 0, 0, 0, 0, 0, 0, 0, 0),
(531, 784, 30, 4, 2, 0, 0, 0, 0, 0, 0, 0, 0, 0, 1, 2, 2, 13, 0, 0, 0, 0, 0, 0, 0, 0, 0, 0, 0, 0, 0, 0, 0, 0, 0),
(532, 785, 8, 5, 1, 0, 0, 0, 0, 0, 0, 0, 0, 0, 1, 0, 1, 1, 1, 0, 0, 0, 0, 0, 0, 0, 0, 0, 0, 0, 0, 0, 0, 0, 0),
(533, 786, 21, 1, 0, 0, 0, 0, 0, 0, 0, 0, 0, 0, 6, 0, 0, 11, 0, 0, 0, 0, 0, 0, 0, 0, 0, 0, 0, 0, 0, 0, 0, 0, 0),
(534, 787, 14, 0, 0, 0, 0, 0, 0, 0, 0, 0, 0, 0, 7, 0, 0, 0, 0, 0, 7, 0, 0, 0, 0, 0, 0, 0, 0, 0, 0, 0, 0, 0, 0),
(535, 788, 17, 3, 0, 0, 0, 0, 0, 0, 0, 0, 0, 0, 0, 0, 1, 16, 0, 0, 1, 0, 1, 0, 0, 0, 0, 0, 0, 0, 0, 0, 0, 0, 0),
(536, 789, 57, 3, 0, 0, 0, 0, 0, 0, 0, 0, 0, 0, 9, 0, 0, 21, 0, 0, 3, 0, 0, 0, 0, 0, 0, 0, 0, 0, 0, 0, 0, 0, 0),
(537, 790, 52, 0, 0, 0, 0, 0, 0, 0, 0, 0, 0, 0, 22, 0, 0, 2, 0, 0, 0, 0, 0, 0, 0, 0, 0, 0, 0, 0, 0, 0, 0, 0, 0),
(538, 791, 14, 0, 0, 0, 0, 0, 0, 0, 0, 0, 0, 0, 0, 0, 0, 0, 0, 0, 0, 0, 0, 0, 0, 0, 0, 0, 0, 0, 0, 0, 0, 0, 0),
(539, 792, 8, 3, 2, 0, 0, 0, 0, 0, 0, 0, 0, 0, 7, 0, 1, 0, 3, 0, 1, 0, 0, 0, 0, 0, 0, 0, 0, 0, 0, 0, 0, 0, 0),
(540, 793, 27, 0, 0, 0, 0, 0, 0, 0, 0, 0, 0, 0, 0, 0, 0, 8, 0, 0, 0, 0, 0, 0, 0, 0, 0, 0, 0, 0, 0, 0, 0, 0, 0),
(541, 794, 0, 0, 0, 0, 0, 0, 0, 0, 0, 0, 0, 0, 0, 0, 0, 0, 0, 0, 0, 0, 0, 0, 0, 0, 0, 0, 0, 0, 0, 0, 0, 0, 0),
(542, 795, 15, 0, 0, 0, 0, 0, 0, 0, 0, 0, 0, 0, 0, 0, 0, 0, 0, 0, 0, 0, 0, 0, 0, 0, 0, 0, 0, 0, 0, 0, 0, 0, 0),
(543, 796, 19, 0, 0, 0, 0, 0, 0, 0, 0, 0, 0, 0, 0, 0, 0, 0, 0, 0, 8, 0, 0, 0, 0, 0, 0, 0, 0, 0, 0, 0, 0, 0, 0),
(544, 797, 13, 0, 0, 0, 0, 0, 0, 0, 0, 0, 0, 0, 0, 0, 0, 0, 0, 0, 0, 0, 0, 0, 0, 0, 0, 0, 0, 0, 0, 0, 0, 0, 0),
(545, 798, 36, 1, 0, 0, 0, 0, 0, 0, 0, 0, 0, 0, 29, 0, 0, 0, 0, 0, 0, 0, 0, 0, 0, 0, 0, 0, 0, 0, 0, 0, 0, 0, 0),
(546, 799, 7, 5, 2, 0, 0, 0, 0, 0, 0, 0, 0, 0, 0, 1, 0, 0, 0, 0, 0, 0, 0, 0, 0, 0, 0, 0, 0, 0, 0, 0, 0, 0, 0),
(547, 800, 48, 2, 2, 0, 0, 0, 0, 0, 0, 0, 0, 0, 2, 0, 1, 5, 0, 1, 0, 0, 0, 0, 0, 0, 0, 0, 0, 0, 0, 0, 0, 0, 0),
(548, 801, 68, 11, 0, 0, 0, 0, 0, 0, 0, 0, 0, 0, 2, 0, 2, 12, 0, 1, 33, 0, 0, 0, 0, 0, 0, 0, 0, 0, 0, 0, 0, 0, 0),
(549, 802, 31, 0, 0, 0, 0, 0, 0, 0, 0, 0, 0, 0, 0, 0, 0, 1, 0, 0, 30, 0, 0, 0, 0, 0, 0, 0, 0, 0, 0, 0, 0, 0, 0),
(550, 803, 61, 0, 2, 0, 0, 0, 0, 0, 0, 0, 0, 0, 30, 0, 0, 1, 0, 0, 7, 0, 0, 0, 0, 0, 0, 0, 0, 0, 0, 0, 0, 0, 0),
(551, 804, 25, 1, 0, 0, 0, 0, 0, 0, 0, 0, 0, 0, 0, 0, 0, 7, 0, 0, 17, 0, 0, 0, 0, 0, 0, 0, 0, 0, 0, 0, 0, 0, 0),
(552, 805, 28, 4, 0, 0, 0, 0, 0, 0, 0, 0, 0, 0, 0, 0, 0, 2, 0, 1, 2, 0, 0, 0, 0, 0, 0, 0, 0, 0, 0, 0, 0, 0, 0),
(553, 806, 24, 1, 1, 0, 0, 0, 0, 0, 0, 0, 0, 0, 0, 0, 0, 0, 0, 0, 0, 1, 0, 0, 0, 0, 0, 0, 0, 0, 0, 0, 0, 0, 0),
(554, 807, 3, 0, 2, 0, 0, 0, 0, 0, 0, 0, 0, 0, 1, 0, 0, 0, 0, 1, 0, 0, 0, 1, 0, 0, 0, 0, 0, 0, 0, 0, 0, 0, 0),
(555, 808, 119, 3, 1, 0, 0, 0, 0, 0, 0, 0, 0, 0, 6, 1, 0, 0, 0, 0, 8, 0, 0, 32, 1, 0, 0, 0, 0, 0, 0, 0, 0, 0, 0),
(556, 809, 3, 1, 2, 0, 0, 0, 0, 0, 0, 0, 0, 0, 0, 0, 0, 2, 0, 1, 0, 0, 0, 1, 1, 0, 0, 0, 0, 0, 0, 0, 0, 0, 0),
(557, 810, 53, 1, 0, 0, 0, 0, 0, 0, 0, 0, 0, 0, 5, 0, 0, 4, 0, 1, 2, 0, 1, 9, 0, 0, 0, 0, 0, 0, 0, 0, 0, 0, 0),
(558, 811, 48, 0, 1, 0, 0, 0, 0, 0, 0, 0, 0, 0, 0, 0, 0, 20, 0, 1, 2, 0, 0, 4, 0, 0, 0, 0, 0, 0, 0, 0, 0, 0, 0),
(559, 812, 93, 2, 0, 0, 0, 0, 0, 0, 0, 0, 0, 0, 1, 0, 0, 3, 1, 0, 27, 0, 0, 28, 0, 2, 0, 0, 0, 0, 0, 0, 0, 0, 0),
(560, 813, 2, 0, 0, 0, 0, 0, 0, 0, 0, 0, 0, 0, 0, 0, 0, 0, 0, 0, 0, 0, 0, 2, 0, 0, 0, 0, 0, 0, 0, 0, 0, 0, 0),
(561, 814, 35, 2, 2, 0, 0, 0, 0, 0, 0, 0, 0, 0, 1, 0, 0, 0, 1, 0, 2, 0, 0, 22, 0, 0, 0, 0, 0, 0, 0, 0, 0, 0, 0),
(562, 815, 14, 1, 1, 0, 0, 0, 0, 0, 0, 0, 0, 0, 2, 0, 1, 0, 0, 0, 0, 0, 0, 4, 0, 0, 0, 0, 0, 0, 0, 0, 0, 0, 0),
(563, 816, 46, 1, 0, 0, 0, 0, 0, 0, 0, 0, 0, 0, 10, 0, 0, 32, 0, 0, 0, 0, 0, 4, 0, 0, 0, 0, 0, 0, 0, 0, 0, 0, 0),
(564, 817, 44, 2, 0, 0, 0, 0, 0, 0, 0, 0, 0, 0, 3, 0, 0, 19, 0, 0, 0, 0, 0, 6, 0, 0, 0, 0, 0, 0, 0, 0, 0, 0, 0),
(565, 818, 48, 1, 1, 0, 0, 0, 0, 0, 0, 0, 0, 0, 0, 1, 1, 9, 0, 0, 0, 0, 0, 39, 0, 0, 0, 0, 0, 0, 0, 0, 0, 0, 0),
(566, 819, 64, 0, 0, 0, 0, 0, 0, 0, 0, 0, 0, 0, 37, 0, 0, 1, 0, 0, 21, 0, 0, 0, 0, 0, 0, 0, 0, 0, 0, 0, 0, 0, 0),
(567, 820, 16, 2, 0, 0, 0, 0, 0, 0, 0, 0, 0, 0, 0, 0, 1, 0, 0, 1, 0, 0, 0, 4, 0, 1, 0, 0, 0, 0, 0, 0, 0, 0, 0),
(568, 821, 61, 2, 0, 0, 0, 0, 0, 0, 0, 0, 0, 0, 6, 1, 1, 12, 0, 1, 6, 0, 0, 10, 0, 1, 0, 0, 0, 0, 0, 0, 0, 0, 0),
(569, 822, 35, 2, 1, 0, 0, 0, 0, 0, 0, 0, 0, 0, 0, 0, 0, 7, 0, 2, 6, 0, 1, 0, 0, 0, 0, 0, 0, 0, 0, 0, 0, 0, 0),
(570, 823, 87, 1, 2, 0, 0, 0, 0, 0, 0, 0, 0, 0, 22, 0, 1, 10, 0, 0, 11, 0, 0, 17, 1, 1, 0, 0, 0, 0, 0, 0, 0, 0, 0),
(571, 824, 50, 1, 1, 0, 0, 0, 0, 0, 0, 0, 0, 0, 1, 1, 0, 9, 0, 0, 2, 0, 0, 1, 0, 0, 0, 0, 0, 0, 0, 0, 0, 0, 0),
(572, 825, 35, 2, 2, 0, 0, 0, 0, 0, 0, 0, 0, 0, 2, 0, 0, 6, 0, 0, 9, 0, 0, 15, 0, 0, 0, 0, 0, 0, 0, 0, 0, 0, 0),
(573, 826, 31, 2, 1, 0, 0, 0, 0, 0, 0, 0, 0, 0, 2, 0, 0, 1, 0, 0, 2, 0, 0, 1, 1, 0, 0, 0, 0, 0, 0, 0, 0, 0, 0),
(574, 827, 8, 1, 1, 0, 0, 0, 0, 0, 0, 0, 0, 0, 0, 0, 0, 8, 0, 1, 0, 0, 0, 0, 0, 2, 0, 0, 0, 0, 0, 0, 0, 0, 0),
(575, 828, 91, 2, 2, 0, 0, 0, 0, 0, 0, 0, 0, 0, 12, 0, 1, 26, 0, 1, 7, 0, 0, 21, 0, 0, 0, 0, 0, 0, 0, 0, 0, 0, 0),
(576, 829, 38, 1, 1, 0, 0, 0, 0, 0, 0, 0, 0, 0, 1, 0, 0, 0, 0, 0, 0, 0, 0, 21, 0, 0, 0, 0, 0, 0, 0, 0, 0, 0, 0),
(577, 830, 54, 2, 0, 0, 0, 0, 0, 0, 0, 0, 0, 0, 3, 0, 0, 14, 0, 2, 0, 0, 0, 23, 1, 0, 0, 0, 0, 0, 0, 0, 0, 0, 0),
(578, 831, 22, 0, 1, 0, 0, 0, 0, 0, 0, 0, 0, 0, 3, 0, 1, 6, 0, 0, 0, 0, 0, 7, 0, 0, 0, 0, 0, 0, 0, 0, 0, 0, 0),
(579, 832, 95, 1, 0, 0, 0, 0, 0, 0, 0, 0, 0, 0, 7, 0, 1, 10, 0, 1, 16, 0, 0, 40, 0, 1, 0, 0, 0, 0, 0, 0, 0, 0, 0),
(580, 833, 45, 1, 1, 0, 0, 0, 0, 0, 0, 0, 0, 0, 6, 0, 0, 17, 0, 1, 0, 0, 0, 0, 1, 0, 0, 0, 0, 0, 0, 0, 0, 0, 0),
(581, 834, 16, 2, 0, 0, 0, 0, 0, 0, 0, 0, 0, 0, 2, 0, 0, 2, 0, 0, 0, 0, 0, 1, 0, 1, 0, 0, 0, 0, 0, 0, 0, 0, 0),
(582, 835, 15, 1, 1, 0, 0, 0, 0, 0, 0, 0, 0, 0, 1, 0, 0, 7, 0, 0, 0, 0, 0, 4, 0, 1, 0, 0, 0, 0, 0, 0, 0, 0, 0),
(583, 836, 43, 0, 0, 0, 0, 0, 0, 0, 0, 0, 0, 0, 0, 0, 0, 0, 0, 0, 2, 0, 0, 4, 0, 0, 0, 0, 0, 0, 0, 0, 0, 0, 0),
(584, 837, 22, 0, 1, 0, 0, 0, 0, 0, 0, 0, 0, 0, 16, 0, 0, 2, 0, 0, 1, 0, 0, 2, 0, 0, 0, 0, 0, 0, 0, 0, 0, 0, 0),
(585, 838, 31, 0, 1, 0, 0, 0, 0, 0, 0, 0, 0, 0, 4, 0, 0, 6, 0, 0, 0, 0, 0, 4, 0, 1, 0, 0, 0, 0, 0, 0, 0, 0, 0),
(586, 839, 32, 0, 1, 0, 0, 0, 0, 0, 0, 0, 0, 0, 1, 0, 0, 0, 0, 0, 1, 0, 0, 0, 0, 0, 0, 0, 0, 0, 0, 0, 0, 0, 0),
(587, 840, 5, 0, 2, 0, 0, 0, 0, 0, 0, 0, 0, 0, 0, 0, 0, 2, 0, 0, 2, 0, 0, 0, 0, 1, 0, 0, 0, 0, 0, 0, 0, 0, 0),
(588, 841, 92, 0, 0, 0, 0, 0, 0, 0, 0, 0, 0, 0, 20, 0, 0, 18, 0, 0, 0, 0, 0, 0, 0, 0, 0, 0, 0, 0, 0, 0, 0, 0, 0),
(589, 842, 59, 3, 1, 0, 0, 0, 0, 0, 0, 0, 0, 0, 6, 0, 0, 11, 0, 0, 31, 0, 0, 3, 0, 1, 0, 0, 0, 0, 0, 0, 0, 0, 0),
(590, 843, 33, 2, 0, 0, 0, 0, 0, 0, 0, 0, 0, 0, 4, 0, 0, 3, 0, 1, 0, 0, 0, 0, 0, 1, 0, 0, 0, 0, 0, 0, 0, 0, 0),
(591, 844, 17, 0, 0, 0, 0, 0, 0, 0, 0, 0, 0, 0, 1, 0, 0, 5, 0, 0, 0, 0, 0, 5, 0, 0, 0, 0, 0, 0, 0, 0, 0, 0, 0),
(592, 845, 24, 0, 1, 0, 0, 0, 0, 0, 0, 0, 0, 0, 0, 0, 0, 0, 0, 0, 0, 0, 0, 16, 0, 0, 0, 0, 0, 0, 0, 0, 0, 0, 0),
(593, 846, 1, 0, 0, 0, 0, 0, 0, 0, 0, 0, 0, 0, 0, 0, 0, 1, 0, 0, 0, 0, 0, 0, 0, 0, 0, 0, 0, 0, 0, 0, 0, 0, 0),
(594, 847, 28, 0, 0, 0, 0, 0, 0, 0, 0, 0, 0, 0, 14, 0, 0, 14, 0, 0, 0, 0, 0, 0, 0, 0, 0, 0, 0, 0, 0, 0, 0, 0, 0),
(595, 848, 3, 1, 2, 0, 0, 0, 0, 0, 0, 0, 0, 0, 0, 0, 0, 1, 0, 0, 0, 0, 0, 0, 0, 0, 0, 0, 0, 0, 0, 0, 0, 0, 0),
(596, 849, 5, 1, 1, 0, 0, 0, 0, 0, 0, 0, 0, 0, 0, 0, 0, 1, 0, 0, 1, 0, 0, 2, 1, 0, 0, 0, 0, 0, 0, 0, 0, 0, 0),
(597, 850, 35, 2, 0, 0, 0, 0, 0, 0, 0, 0, 0, 0, 2, 0, 0, 9, 0, 0, 1, 0, 0, 11, 1, 1, 0, 0, 0, 0, 0, 0, 0, 0, 0),
(598, 851, 26, 0, 0, 0, 0, 0, 0, 0, 0, 0, 0, 0, 11, 0, 0, 3, 0, 0, 0, 0, 0, 11, 0, 0, 0, 0, 0, 0, 0, 0, 0, 0, 0),
(599, 852, 26, 0, 1, 0, 0, 0, 0, 0, 0, 0, 0, 0, 1, 0, 0, 3, 0, 0, 0, 0, 0, 22, 0, 0, 0, 0, 0, 0, 0, 0, 0, 0, 0),
(600, 853, 22, 0, 0, 0, 0, 0, 0, 0, 0, 0, 0, 0, 0, 0, 0, 0, 0, 0, 0, 0, 0, 9, 0, 0, 0, 0, 0, 0, 0, 0, 0, 0, 0),
(601, 854, 54, 2, 1, 0, 0, 0, 0, 0, 0, 0, 0, 0, 2, 0, 0, 15, 0, 1, 2, 0, 0, 5, 0, 0, 0, 0, 0, 0, 0, 0, 0, 0, 0),
(602, 855, 29, 1, 2, 0, 0, 0, 0, 0, 0, 0, 0, 0, 1, 0, 0, 4, 0, 0, 24, 0, 0, 0, 1, 1, 0, 0, 0, 0, 0, 0, 0, 0, 0),
(603, 856, 33, 0, 1, 0, 0, 0, 0, 0, 0, 0, 0, 0, 0, 0, 0, 3, 0, 0, 27, 0, 0, 0, 0, 1, 0, 0, 0, 0, 0, 0, 0, 0, 0),
(604, 857, 59, 2, 0, 0, 0, 0, 0, 0, 0, 0, 0, 0, 5, 0, 0, 4, 0, 0, 0, 0, 0, 34, 1, 0, 0, 0, 0, 0, 0, 0, 0, 0, 0),
(605, 858, 77, 0, 0, 0, 0, 0, 0, 0, 0, 0, 0, 0, 10, 0, 0, 11, 0, 0, 21, 0, 0, 17, 0, 0, 0, 0, 0, 0, 0, 0, 0, 0, 0),
(606, 859, 98, 5, 0, 0, 0, 0, 0, 0, 0, 0, 0, 0, 2, 0, 0, 15, 0, 1, 10, 0, 0, 14, 0, 1, 0, 0, 0, 0, 0, 0, 0, 0, 0),
(607, 860, 0, 0, 0, 0, 0, 0, 0, 0, 0, 0, 0, 0, 0, 0, 0, 0, 0, 0, 0, 0, 0, 0, 0, 0, 0, 0, 0, 0, 0, 0, 0, 0, 0),
(608, 861, 39, 0, 0, 0, 0, 0, 0, 0, 0, 0, 0, 0, 8, 0, 0, 1, 0, 0, 0, 0, 0, 1, 0, 0, 0, 0, 0, 0, 0, 0, 0, 0, 0),
(609, 862, 0, 0, 0, 0, 0, 0, 0, 0, 0, 0, 0, 0, 0, 0, 0, 0, 0, 0, 0, 0, 0, 0, 0, 0, 0, 0, 0, 0, 0, 0, 0, 0, 0),
(610, 863, 41, 0, 2, 0, 0, 0, 0, 0, 0, 0, 0, 0, 0, 0, 0, 18, 0, 2, 18, 0, 0, 1, 0, 0, 0, 0, 0, 0, 0, 0, 0, 0, 0),
(611, 864, 17, 1, 1, 0, 0, 0, 0, 0, 0, 0, 0, 0, 0, 0, 0, 2, 0, 0, 1, 1, 0, 1, 0, 0, 0, 0, 0, 0, 0, 0, 0, 0, 0),
(612, 866, 21, 2, 1, 0, 0, 0, 0, 0, 0, 0, 0, 0, 12, 0, 0, 1, 1, 0, 1, 0, 0, 0, 0, 1, 0, 0, 0, 0, 0, 0, 0, 0, 0),
(613, 867, 27, 7, 1, 0, 0, 0, 0, 0, 0, 0, 0, 0, 7, 2, 2, 6, 0, 1, 5, 2, 0, 0, 0, 1, 0, 0, 0, 0, 0, 0, 0, 0, 0),
(614, 868, 25, 0, 0, 0, 0, 0, 0, 0, 0, 0, 0, 0, 0, 0, 0, 1, 0, 0, 0, 0, 0, 17, 0, 0, 0, 0, 0, 0, 0, 0, 0, 0, 0),
(615, 869, 17, 0, 1, 0, 0, 0, 0, 0, 0, 0, 0, 0, 1, 0, 0, 6, 0, 0, 0, 0, 0, 0, 0, 0, 0, 0, 0, 0, 0, 0, 0, 0, 0),
(616, 870, 11, 0, 0, 0, 0, 0, 0, 0, 0, 0, 0, 0, 0, 0, 0, 4, 0, 0, 0, 0, 0, 0, 0, 0, 0, 0, 0, 0, 0, 0, 0, 0, 0),
(617, 871, 7, 0, 1, 0, 0, 0, 0, 0, 0, 0, 0, 0, 0, 0, 0, 0, 0, 0, 0, 0, 0, 7, 0, 0, 0, 0, 0, 0, 0, 0, 0, 0, 0),
(618, 872, 37, 2, 1, 0, 0, 0, 0, 0, 0, 0, 0, 0, 3, 1, 0, 14, 0, 0, 7, 1, 0, 1, 0, 0, 0, 0, 0, 0, 0, 0, 0, 0, 0),
(619, 873, 42, 0, 1, 0, 0, 0, 0, 0, 0, 0, 0, 0, 0, 0, 0, 11, 0, 0, 0, 0, 0, 0, 0, 0, 0, 0, 0, 0, 0, 0, 0, 0, 0),
(620, 874, 110, 3, 2, 0, 0, 0, 0, 0, 0, 0, 0, 0, 6, 0, 2, 24, 0, 1, 20, 0, 2, 16, 0, 0, 0, 0, 0, 0, 0, 0, 0, 0, 0),
(621, 875, 55, 0, 0, 0, 0, 0, 0, 0, 0, 0, 0, 0, 0, 0, 0, 30, 0, 0, 8, 0, 0, 3, 0, 0, 0, 0, 0, 0, 0, 0, 0, 0, 0),
(622, 876, 26, 2, 0, 0, 0, 0, 0, 0, 0, 0, 0, 0, 2, 0, 0, 4, 0, 1, 0, 0, 0, 1, 0, 0, 0, 0, 0, 0, 0, 0, 0, 0, 0),
(623, 878, 31, 0, 1, 0, 0, 0, 0, 0, 0, 0, 0, 0, 7, 0, 0, 1, 0, 0, 0, 0, 0, 0, 0, 0, 0, 0, 0, 0, 0, 0, 0, 0, 0),
(624, 879, 5, 0, 0, 0, 0, 0, 0, 0, 0, 0, 0, 0, 0, 0, 0, 4, 0, 0, 0, 0, 0, 1, 0, 0, 0, 0, 0, 0, 0, 0, 0, 0, 0),
(625, 880, 24, 0, 0, 0, 0, 0, 0, 0, 0, 0, 0, 0, 0, 0, 0, 8, 0, 0, 0, 0, 0, 6, 0, 0, 0, 0, 0, 0, 0, 0, 0, 0, 0),
(626, 881, 68, 0, 1, 0, 0, 0, 0, 0, 0, 0, 0, 0, 5, 0, 0, 11, 0, 0, 0, 0, 0, 9, 0, 0, 0, 0, 0, 0, 0, 0, 0, 0, 0),
(627, 882, 4, 0, 0, 0, 0, 0, 0, 0, 0, 0, 0, 0, 0, 0, 0, 4, 0, 0, 0, 0, 0, 0, 0, 0, 0, 0, 0, 0, 0, 0, 0, 0, 0),
(628, 883, 0, 0, 0, 0, 0, 0, 0, 0, 0, 0, 0, 0, 0, 0, 0, 0, 0, 0, 0, 0, 0, 0, 0, 0, 0, 0, 0, 0, 0, 0, 0, 0, 0),
(629, 884, 31, 4, 2, 0, 0, 0, 0, 0, 0, 0, 0, 0, 6, 0, 1, 7, 1, 0, 0, 1, 0, 9, 0, 1, 0, 0, 0, 0, 0, 0, 0, 0, 0),
(630, 885, 12, 0, 2, 0, 0, 0, 0, 0, 0, 0, 0, 0, 0, 0, 0, 1, 0, 2, 0, 0, 0, 0, 0, 0, 0, 0, 0, 0, 0, 0, 0, 0, 0),
(631, 886, 26, 4, 2, 0, 0, 0, 0, 0, 0, 0, 0, 0, 0, 1, 1, 4, 0, 0, 21, 1, 0, 0, 0, 0, 0, 0, 0, 0, 0, 0, 0, 0, 0),
(632, 887, 2, 0, 0, 0, 0, 0, 0, 0, 0, 0, 0, 0, 0, 0, 0, 2, 0, 0, 0, 0, 0, 0, 0, 0, 0, 0, 0, 0, 0, 0, 0, 0, 0),
(633, 888, 48, 0, 0, 0, 0, 0, 0, 0, 0, 0, 0, 0, 1, 0, 0, 10, 0, 0, 3, 0, 0, 0, 0, 0, 0, 0, 0, 0, 0, 0, 0, 0, 0),
(634, 889, 3, 0, 1, 0, 0, 0, 0, 0, 0, 0, 0, 0, 0, 0, 0, 0, 0, 0, 3, 0, 1, 0, 0, 0, 0, 0, 0, 0, 0, 0, 0, 0, 0),
(635, 890, 83, 0, 1, 0, 0, 0, 0, 0, 0, 0, 0, 0, 5, 0, 0, 45, 0, 0, 22, 0, 0, 0, 0, 0, 0, 0, 0, 0, 0, 0, 0, 0, 0),
(636, 891, 14, 0, 0, 0, 0, 0, 0, 0, 0, 0, 0, 0, 0, 0, 0, 0, 0, 0, 14, 0, 0, 0, 0, 0, 0, 0, 0, 0, 0, 0, 0, 0, 0),
(637, 892, 34, 0, 0, 0, 0, 0, 0, 0, 0, 0, 0, 0, 0, 0, 0, 21, 0, 0, 0, 0, 0, 0, 0, 0, 0, 0, 0, 0, 0, 0, 0, 0, 0),
(638, 893, 21, 0, 0, 0, 0, 0, 0, 0, 0, 0, 0, 0, 2, 0, 0, 0, 0, 0, 5, 0, 0, 0, 0, 0, 0, 0, 0, 0, 0, 0, 0, 0, 0),
(639, 894, 41, 0, 0, 0, 0, 0, 0, 0, 0, 0, 0, 0, 0, 0, 0, 28, 0, 0, 0, 0, 0, 0, 0, 0, 0, 0, 0, 0, 0, 0, 0, 0, 0),
(640, 895, 108, 0, 0, 0, 0, 0, 0, 0, 0, 0, 0, 0, 5, 0, 0, 41, 0, 0, 22, 0, 0, 0, 0, 0, 0, 0, 0, 0, 0, 0, 0, 0, 0),
(641, 896, 68, 0, 0, 0, 0, 0, 0, 0, 0, 0, 0, 0, 2, 0, 0, 38, 0, 0, 4, 0, 0, 0, 0, 0, 0, 0, 0, 0, 0, 0, 0, 0, 0),
(642, 897, 37, 0, 0, 0, 0, 0, 0, 0, 0, 0, 0, 0, 0, 0, 0, 11, 0, 0, 4, 0, 0, 0, 0, 0, 0, 0, 0, 0, 0, 0, 0, 0, 0),
(643, 898, 2, 0, 0, 0, 0, 0, 0, 0, 0, 0, 0, 0, 0, 0, 0, 1, 0, 0, 0, 0, 0, 0, 0, 0, 0, 0, 0, 0, 0, 0, 0, 0, 0),
(644, 899, 13, 0, 0, 0, 0, 0, 0, 0, 0, 0, 0, 0, 0, 0, 0, 7, 0, 0, 2, 0, 0, 0, 0, 0, 0, 0, 0, 0, 0, 0, 0, 0, 0),
(645, 900, 16, 1, 0, 0, 0, 0, 0, 0, 0, 0, 0, 0, 1, 0, 0, 10, 0, 0, 2, 1, 0, 0, 0, 0, 0, 0, 0, 0, 0, 0, 0, 0, 0),
(646, 901, 90, 0, 0, 0, 0, 0, 0, 0, 0, 0, 0, 0, 5, 0, 0, 34, 0, 0, 56, 0, 0, 0, 0, 0, 0, 0, 0, 0, 0, 0, 0, 0, 0),
(647, 902, 28, 0, 1, 0, 0, 0, 0, 0, 0, 0, 0, 0, 0, 0, 0, 8, 0, 0, 14, 0, 0, 0, 0, 0, 0, 0, 0, 0, 0, 0, 0, 0, 0),
(648, 903, 16, 1, 0, 0, 0, 0, 0, 0, 0, 0, 0, 0, 2, 0, 0, 4, 0, 0, 2, 1, 0, 0, 0, 0, 0, 0, 0, 0, 0, 0, 0, 0, 0),
(649, 904, 63, 0, 0, 0, 0, 0, 0, 0, 0, 0, 0, 0, 6, 0, 0, 20, 0, 0, 30, 0, 0, 0, 0, 0, 0, 0, 0, 0, 0, 0, 0, 0, 0),
(650, 905, 135, 1, 0, 0, 0, 0, 0, 0, 0, 0, 0, 0, 0, 0, 0, 7, 0, 0, 27, 1, 0, 0, 0, 0, 0, 0, 0, 0, 0, 0, 0, 0, 0),
(651, 906, 0, 0, 0, 0, 0, 0, 0, 0, 0, 0, 0, 0, 0, 0, 0, 0, 0, 0, 0, 0, 0, 0, 0, 0, 0, 0, 0, 0, 0, 0, 0, 0, 0),
(652, 907, 18, 0, 0, 0, 0, 0, 0, 0, 0, 0, 0, 0, 1, 0, 0, 1, 0, 0, 0, 0, 0, 0, 0, 0, 0, 0, 0, 0, 0, 0, 0, 0, 0),
(653, 908, 0, 0, 0, 0, 0, 0, 0, 0, 0, 0, 0, 0, 0, 0, 0, 0, 0, 0, 0, 0, 0, 0, 0, 0, 0, 0, 0, 0, 0, 0, 0, 0, 0),
(654, 909, 57, 1, 0, 0, 0, 0, 0, 0, 0, 0, 0, 0, 3, 0, 0, 23, 0, 0, 17, 1, 0, 0, 0, 0, 0, 0, 0, 0, 0, 0, 0, 0, 0),
(655, 910, 31, 0, 0, 0, 0, 0, 0, 0, 0, 0, 0, 0, 0, 0, 0, 5, 0, 0, 0, 0, 0, 0, 0, 0, 0, 0, 0, 0, 0, 0, 0, 0, 0),
(656, 911, 24, 0, 0, 0, 0, 0, 0, 0, 0, 0, 0, 0, 0, 0, 0, 0, 0, 0, 24, 0, 0, 0, 0, 0, 0, 0, 0, 0, 0, 0, 0, 0, 0),
(657, 912, 51, 0, 0, 0, 0, 0, 0, 0, 0, 0, 0, 0, 10, 0, 0, 40, 0, 0, 0, 0, 0, 0, 0, 0, 0, 0, 0, 0, 0, 0, 0, 0, 0),
(658, 913, 2, 0, 0, 0, 0, 0, 0, 0, 0, 0, 0, 0, 0, 0, 0, 0, 0, 0, 0, 0, 0, 0, 0, 0, 0, 0, 0, 0, 0, 0, 0, 0, 0),
(659, 914, 92, 0, 0, 0, 0, 0, 0, 0, 0, 0, 0, 0, 6, 0, 0, 48, 0, 0, 16, 0, 0, 0, 0, 0, 0, 0, 0, 0, 0, 0, 0, 0, 0),
(660, 915, 12, 1, 0, 0, 0, 0, 0, 0, 0, 0, 0, 0, 0, 0, 0, 8, 0, 1, 0, 0, 0, 0, 0, 0, 0, 0, 0, 0, 0, 0, 0, 0, 0),
(661, 916, 24, 0, 0, 0, 0, 0, 0, 0, 0, 0, 0, 0, 0, 0, 0, 10, 0, 0, 0, 0, 0, 0, 0, 0, 0, 0, 0, 0, 0, 0, 0, 0, 0),
(662, 917, 18, 0, 0, 0, 0, 0, 0, 0, 0, 0, 0, 0, 0, 0, 0, 0, 0, 0, 0, 0, 0, 0, 0, 0, 0, 0, 0, 0, 0, 0, 0, 0, 0),
(663, 918, 29, 0, 0, 0, 0, 0, 0, 0, 0, 0, 0, 0, 0, 0, 0, 17, 0, 0, 0, 0, 0, 0, 0, 0, 0, 0, 0, 0, 0, 0, 0, 0, 0),
(664, 919, 17, 0, 0, 0, 0, 0, 0, 0, 0, 0, 0, 0, 0, 0, 0, 7, 0, 0, 0, 0, 0, 0, 0, 0, 0, 0, 0, 0, 0, 0, 0, 0, 0),
(665, 920, 6, 0, 1, 0, 0, 0, 0, 0, 0, 0, 0, 0, 1, 0, 0, 5, 0, 0, 0, 0, 0, 0, 0, 0, 0, 0, 0, 0, 0, 0, 0, 0, 0),
(666, 921, 65, 0, 0, 0, 0, 0, 0, 0, 0, 0, 0, 0, 0, 0, 0, 29, 0, 0, 0, 0, 0, 0, 0, 0, 0, 0, 0, 0, 0, 0, 0, 0, 0),
(667, 922, 26, 0, 1, 0, 0, 0, 0, 0, 0, 0, 0, 0, 8, 0, 0, 0, 0, 0, 4, 0, 0, 0, 0, 0, 0, 0, 0, 0, 0, 0, 0, 0, 0),
(668, 923, 15, 0, 1, 0, 0, 0, 0, 0, 0, 0, 0, 0, 0, 0, 0, 1, 0, 1, 13, 0, 0, 0, 0, 0, 0, 0, 0, 0, 0, 0, 0, 0, 0),
(669, 925, 62, 0, 1, 0, 0, 0, 0, 0, 0, 0, 0, 0, 0, 0, 1, 7, 0, 0, 14, 0, 0, 0, 0, 0, 0, 0, 0, 0, 0, 0, 0, 0, 0),
(670, 926, 0, 0, 0, 0, 0, 0, 0, 0, 0, 0, 0, 0, 0, 0, 0, 0, 0, 0, 0, 0, 0, 0, 0, 0, 0, 0, 0, 0, 0, 0, 0, 0, 0),
(671, 927, 3, 0, 0, 0, 0, 0, 0, 0, 0, 0, 0, 0, 0, 0, 0, 0, 0, 0, 0, 0, 0, 0, 0, 0, 0, 0, 0, 0, 0, 0, 0, 0, 0),
(672, 928, 37, 0, 0, 0, 0, 0, 0, 0, 0, 0, 0, 0, 0, 0, 0, 8, 0, 0, 1, 0, 0, 0, 0, 0, 0, 0, 0, 0, 0, 0, 0, 0, 0),
(673, 929, 20, 0, 1, 0, 0, 0, 0, 0, 0, 0, 0, 0, 0, 0, 0, 20, 0, 0, 0, 0, 0, 0, 0, 0, 0, 0, 0, 0, 0, 0, 0, 0, 0),
(674, 930, 15, 0, 1, 0, 0, 0, 0, 0, 0, 0, 0, 0, 0, 0, 0, 0, 0, 0, 10, 0, 0, 0, 0, 0, 0, 0, 0, 0, 0, 0, 0, 0, 0),
(675, 931, 53, 0, 2, 0, 0, 0, 0, 0, 0, 0, 0, 0, 0, 0, 0, 10, 0, 1, 0, 0, 0, 0, 0, 0, 0, 0, 0, 0, 0, 0, 0, 0, 0),
(676, 932, 30, 0, 0, 0, 0, 0, 0, 0, 0, 0, 0, 0, 0, 0, 0, 17, 0, 0, 2, 0, 0, 0, 0, 0, 0, 0, 0, 0, 0, 0, 0, 0, 0),
(677, 933, 2, 0, 1, 0, 0, 0, 0, 0, 0, 0, 0, 0, 0, 0, 1, 0, 0, 0, 0, 0, 0, 0, 0, 0, 0, 0, 0, 0, 0, 0, 0, 0, 0),
(678, 934, 54, 0, 0, 0, 0, 0, 0, 0, 0, 0, 0, 0, 0, 0, 0, 32, 0, 0, 0, 0, 0, 0, 0, 0, 0, 0, 0, 0, 0, 0, 0, 0, 0),
(679, 935, 0, 0, 0, 0, 0, 0, 0, 0, 0, 0, 0, 0, 0, 0, 0, 0, 0, 0, 0, 0, 0, 0, 0, 0, 0, 0, 0, 0, 0, 0, 0, 0, 0),
(680, 936, 69, 1, 1, 0, 0, 0, 0, 0, 0, 0, 0, 0, 3, 1, 0, 27, 0, 0, 0, 0, 0, 0, 0, 0, 0, 0, 0, 0, 0, 0, 0, 0, 0),
(681, 937, 21, 0, 0, 0, 0, 0, 0, 0, 0, 0, 0, 0, 0, 0, 0, 5, 0, 0, 0, 0, 0, 0, 0, 0, 0, 0, 0, 0, 0, 0, 0, 0, 0),
(682, 938, 77, 0, 0, 0, 0, 0, 0, 0, 0, 0, 0, 0, 0, 0, 0, 14, 0, 0, 0, 0, 0, 0, 0, 0, 0, 0, 0, 0, 0, 0, 0, 0, 0),
(683, 939, 5, 0, 1, 0, 0, 0, 0, 0, 0, 0, 0, 0, 0, 0, 0, 0, 0, 1, 0, 0, 0, 0, 0, 0, 0, 0, 0, 0, 0, 0, 0, 0, 0),
(684, 940, 12, 0, 2, 0, 0, 0, 0, 0, 0, 0, 0, 0, 0, 0, 0, 0, 0, 0, 0, 0, 1, 0, 0, 0, 0, 0, 0, 0, 0, 0, 0, 0, 0),
(685, 941, 0, 0, 0, 0, 0, 0, 0, 0, 0, 0, 0, 0, 0, 0, 0, 0, 0, 0, 0, 0, 0, 0, 0, 0, 0, 0, 0, 0, 0, 0, 0, 0, 0),
(686, 942, 77, 1, 0, 0, 0, 0, 0, 0, 0, 0, 0, 0, 13, 0, 0, 18, 0, 0, 27, 1, 0, 0, 0, 0, 0, 0, 0, 0, 0, 0, 0, 0, 0),
(687, 944, 15, 0, 0, 0, 0, 0, 0, 0, 0, 0, 0, 0, 4, 0, 0, 0, 0, 0, 11, 0, 0, 0, 0, 0, 0, 0, 0, 0, 0, 0, 0, 0, 0),
(688, 945, 82, 0, 0, 0, 0, 0, 0, 0, 0, 0, 0, 0, 0, 0, 0, 21, 0, 0, 0, 0, 0, 31, 0, 0, 0, 0, 0, 0, 0, 0, 0, 0, 0),
(689, 946, 13, 0, 0, 0, 0, 0, 0, 0, 0, 0, 0, 0, 0, 0, 0, 6, 0, 0, 0, 0, 0, 7, 0, 0, 0, 0, 0, 0, 0, 0, 0, 0, 0),
(690, 947, 36, 0, 0, 0, 0, 0, 0, 0, 0, 0, 0, 0, 0, 0, 0, 0, 0, 0, 0, 0, 0, 36, 0, 0, 0, 0, 0, 0, 0, 0, 0, 0, 0),
(691, 948, 57, 0, 1, 0, 0, 0, 0, 0, 0, 0, 0, 0, 11, 0, 0, 5, 0, 0, 0, 0, 0, 20, 0, 0, 0, 0, 0, 0, 0, 0, 0, 0, 0),
(692, 949, 10, 0, 0, 0, 0, 0, 0, 0, 0, 0, 0, 0, 10, 0, 0, 0, 0, 0, 0, 0, 0, 0, 0, 0, 0, 0, 0, 0, 0, 0, 0, 0, 0),
(693, 950, 37, 2, 2, 0, 0, 0, 0, 0, 0, 0, 0, 0, 0, 0, 0, 0, 0, 1, 0, 0, 1, 17, 0, 0, 0, 0, 0, 0, 0, 0, 0, 0, 0),
(694, 951, 78, 1, 0, 0, 0, 0, 0, 0, 0, 0, 0, 0, 0, 0, 0, 30, 0, 0, 0, 0, 2, 0, 0, 0, 0, 0, 0, 0, 0, 0, 0, 0, 0),
(695, 952, 118, 1, 2, 0, 0, 0, 0, 0, 0, 0, 0, 0, 5, 0, 0, 30, 0, 0, 18, 0, 1, 52, 0, 1, 0, 0, 0, 0, 0, 0, 0, 0, 0),
(696, 953, 19, 1, 1, 0, 0, 0, 0, 0, 0, 0, 0, 0, 6, 0, 0, 0, 0, 0, 0, 1, 0, 13, 0, 0, 0, 0, 0, 0, 0, 0, 0, 0, 0),
(697, 954, 5, 0, 0, 0, 0, 0, 0, 0, 0, 0, 0, 0, 0, 0, 0, 0, 0, 0, 0, 0, 0, 0, 0, 0, 0, 0, 0, 0, 0, 0, 0, 0, 0),
(698, 955, 10, 4, 1, 0, 0, 0, 0, 0, 0, 0, 0, 0, 0, 2, 0, 0, 0, 0, 10, 0, 0, 0, 0, 0, 0, 0, 0, 0, 0, 0, 0, 0, 0),
(699, 956, 52, 1, 2, 0, 0, 0, 0, 0, 0, 0, 0, 0, 3, 0, 0, 13, 0, 0, 3, 0, 1, 25, 0, 0, 0, 0, 0, 0, 0, 0, 0, 0, 0),
(700, 957, 5, 0, 0, 0, 0, 0, 0, 0, 0, 0, 0, 0, 0, 0, 0, 0, 0, 0, 0, 0, 0, 0, 0, 0, 0, 0, 0, 0, 0, 0, 0, 0, 0),
(701, 958, 14, 0, 0, 0, 0, 0, 0, 0, 0, 0, 0, 0, 0, 0, 0, 0, 0, 0, 0, 0, 0, 0, 0, 0, 0, 0, 0, 0, 0, 0, 0, 0, 0),
(702, 959, 2, 0, 2, 0, 0, 0, 0, 0, 0, 0, 0, 0, 0, 0, 0, 0, 0, 0, 0, 0, 2, 2, 0, 0, 0, 0, 0, 0, 0, 0, 0, 0, 0),
(703, 960, 12, 0, 0, 0, 0, 0, 0, 0, 0, 0, 0, 0, 0, 0, 0, 0, 0, 0, 0, 0, 0, 0, 0, 0, 0, 0, 0, 0, 0, 0, 0, 0, 0),
(704, 961, 35, 1, 0, 0, 0, 0, 0, 0, 0, 0, 0, 0, 0, 0, 0, 0, 0, 2, 24, 0, 0, 0, 0, 0, 0, 0, 0, 0, 0, 0, 0, 0, 0),
(705, 962, 5, 0, 0, 0, 0, 0, 0, 0, 0, 0, 0, 0, 0, 0, 0, 0, 0, 0, 5, 0, 0, 0, 0, 0, 0, 0, 0, 0, 0, 0, 0, 0, 0),
(706, 963, 31, 0, 0, 0, 0, 0, 0, 0, 0, 0, 0, 0, 0, 0, 0, 0, 0, 0, 0, 0, 0, 0, 0, 0, 0, 0, 0, 0, 0, 0, 0, 0, 0),
(707, 964, 47, 0, 1, 0, 0, 0, 0, 0, 0, 0, 0, 0, 7, 0, 0, 0, 0, 0, 28, 0, 0, 0, 0, 0, 0, 0, 0, 0, 0, 0, 0, 0, 0),
(708, 965, 60, 0, 0, 0, 0, 0, 0, 0, 0, 0, 0, 0, 0, 0, 0, 0, 0, 0, 0, 0, 0, 32, 0, 0, 0, 0, 0, 0, 0, 0, 0, 0, 0),
(709, 966, 48, 0, 0, 0, 0, 0, 0, 0, 0, 0, 0, 0, 0, 0, 0, 0, 0, 0, 0, 0, 0, 18, 0, 0, 0, 0, 0, 0, 0, 0, 0, 0, 0),
(710, 967, 90, 0, 0, 0, 0, 0, 0, 0, 0, 0, 0, 0, 12, 0, 0, 13, 0, 0, 21, 0, 0, 5, 0, 0, 0, 0, 0, 0, 0, 0, 0, 0, 0),
(711, 968, 65, 0, 1, 0, 0, 0, 0, 0, 0, 0, 0, 0, 0, 0, 0, 14, 0, 1, 49, 0, 0, 0, 0, 0, 0, 0, 0, 0, 0, 0, 0, 0, 0),
(712, 969, 25, 0, 0, 0, 0, 0, 0, 0, 0, 0, 0, 0, 0, 0, 0, 19, 0, 0, 6, 0, 0, 0, 0, 0, 0, 0, 0, 0, 0, 0, 0, 0, 0),
(713, 970, 67, 0, 1, 0, 0, 0, 0, 0, 0, 0, 0, 0, 15, 0, 0, 13, 0, 0, 39, 0, 0, 0, 0, 0, 0, 0, 0, 0, 0, 0, 0, 0, 0),
(714, 971, 125, 2, 1, 0, 0, 0, 0, 0, 0, 0, 0, 0, 4, 2, 0, 23, 0, 0, 43, 0, 0, 0, 0, 0, 0, 0, 0, 0, 0, 0, 0, 0, 0),
(715, 972, 7, 0, 0, 0, 0, 0, 0, 0, 0, 0, 0, 0, 0, 0, 0, 7, 0, 0, 0, 0, 0, 0, 0, 0, 0, 0, 0, 0, 0, 0, 0, 0, 0),
(716, 973, 97, 2, 2, 0, 0, 0, 0, 0, 0, 0, 0, 0, 3, 0, 1, 18, 0, 2, 33, 0, 1, 0, 0, 0, 0, 0, 0, 0, 0, 0, 0, 0, 0),
(717, 974, 26, 0, 0, 0, 0, 0, 0, 0, 0, 0, 0, 0, 0, 0, 0, 21, 0, 0, 5, 0, 0, 0, 0, 0, 0, 0, 0, 0, 0, 0, 0, 0, 0),
(718, 975, 30, 0, 2, 0, 0, 0, 0, 0, 0, 0, 0, 0, 0, 0, 1, 12, 0, 1, 13, 0, 0, 0, 0, 0, 0, 0, 0, 0, 0, 0, 0, 0, 0),
(719, 976, 1, 0, 0, 0, 0, 0, 0, 0, 0, 0, 0, 0, 0, 0, 0, 1, 0, 0, 0, 0, 0, 0, 0, 0, 0, 0, 0, 0, 0, 0, 0, 0, 0),
(720, 977, 135, 0, 1, 0, 0, 0, 0, 0, 0, 0, 0, 0, 6, 0, 0, 5, 0, 0, 45, 0, 0, 0, 0, 0, 0, 0, 0, 0, 0, 0, 0, 0, 0),
(721, 978, 15, 0, 0, 0, 0, 0, 0, 0, 0, 0, 0, 0, 0, 0, 0, 5, 0, 0, 5, 0, 0, 0, 0, 0, 0, 0, 0, 0, 0, 0, 0, 0, 0),
(722, 980, 29, 0, 0, 0, 0, 0, 0, 0, 0, 0, 0, 0, 0, 0, 0, 20, 0, 0, 9, 0, 0, 0, 0, 0, 0, 0, 0, 0, 0, 0, 0, 0, 0),
(723, 981, 16, 0, 1, 0, 0, 0, 0, 0, 0, 0, 0, 0, 0, 0, 0, 0, 0, 0, 1, 0, 1, 0, 0, 0, 0, 0, 0, 0, 0, 0, 0, 0, 0),
(724, 982, 53, 1, 0, 0, 0, 0, 0, 0, 0, 0, 0, 0, 0, 0, 0, 14, 0, 1, 15, 0, 0, 0, 0, 0, 0, 0, 0, 0, 0, 0, 0, 0, 0),
(725, 983, 27, 0, 0, 0, 0, 0, 0, 0, 0, 0, 0, 0, 0, 0, 0, 3, 0, 0, 6, 0, 0, 0, 0, 0, 0, 0, 0, 0, 0, 0, 0, 0, 0),
(726, 984, 41, 1, 1, 0, 0, 0, 0, 0, 0, 0, 0, 0, 5, 0, 2, 18, 0, 1, 5, 0, 1, 0, 0, 0, 0, 0, 0, 0, 0, 0, 0, 0, 0),
(727, 985, 12, 0, 0, 0, 0, 0, 0, 0, 0, 0, 0, 0, 0, 0, 0, 0, 0, 0, 12, 0, 0, 0, 0, 0, 0, 0, 0, 0, 0, 0, 0, 0, 0),
(728, 986, 11, 1, 0, 0, 0, 0, 0, 0, 0, 0, 0, 0, 0, 0, 1, 3, 0, 1, 3, 0, 1, 0, 0, 0, 0, 0, 0, 0, 0, 0, 0, 0, 0),
(729, 987, 11, 0, 0, 0, 0, 0, 0, 0, 0, 0, 0, 0, 0, 0, 0, 0, 0, 0, 0, 0, 0, 0, 0, 0, 0, 0, 0, 0, 0, 0, 0, 0, 0),
(730, 988, 63, 1, 2, 0, 0, 0, 0, 0, 0, 0, 0, 0, 6, 1, 0, 13, 0, 1, 18, 0, 0, 0, 0, 0, 0, 0, 0, 0, 0, 0, 0, 0, 0),
(731, 989, 33, 2, 1, 0, 0, 0, 0, 0, 0, 0, 0, 0, 6, 0, 1, 12, 0, 1, 3, 0, 1, 0, 0, 0, 0, 0, 0, 0, 0, 0, 0, 0, 0),
(732, 990, 72, 0, 0, 0, 0, 0, 0, 0, 0, 0, 0, 0, 0, 0, 0, 57, 0, 0, 3, 0, 0, 0, 0, 0, 0, 0, 0, 0, 0, 0, 0, 0, 0),
(733, 991, 8, 0, 0, 0, 0, 0, 0, 0, 0, 0, 0, 0, 0, 0, 0, 0, 0, 0, 0, 0, 0, 0, 0, 0, 0, 0, 0, 0, 0, 0, 0, 0, 0),
(734, 992, 24, 2, 2, 0, 0, 0, 0, 0, 0, 0, 0, 0, 3, 1, 0, 7, 0, 0, 6, 0, 0, 0, 0, 0, 0, 0, 0, 0, 0, 0, 0, 0, 0),
(735, 993, 30, 0, 1, 0, 0, 0, 0, 0, 0, 0, 0, 0, 0, 0, 0, 13, 0, 0, 5, 0, 1, 0, 0, 0, 0, 0, 0, 0, 0, 0, 0, 0, 0),
(736, 994, 35, 0, 2, 0, 0, 0, 0, 0, 0, 0, 0, 0, 0, 0, 1, 14, 0, 1, 2, 0, 0, 0, 0, 0, 0, 0, 0, 0, 0, 0, 0, 0, 0),
(737, 995, 1, 0, 0, 0, 0, 0, 0, 0, 0, 0, 0, 0, 0, 0, 0, 0, 0, 0, 1, 0, 0, 0, 0, 0, 0, 0, 0, 0, 0, 0, 0, 0, 0),
(738, 996, 93, 8, 2, 0, 0, 0, 0, 0, 0, 0, 0, 0, 11, 1, 2, 27, 1, 1, 16, 0, 2, 0, 0, 0, 0, 0, 0, 0, 0, 0, 0, 0, 0),
(739, 998, 33, 6, 0, 0, 0, 0, 0, 0, 0, 0, 0, 0, 1, 0, 1, 10, 1, 0, 11, 0, 1, 0, 0, 0, 0, 0, 0, 0, 0, 0, 0, 0, 0),
(740, 999, 26, 1, 0, 0, 0, 0, 0, 0, 0, 0, 0, 0, 17, 0, 2, 9, 0, 0, 0, 0, 1, 0, 0, 0, 0, 0, 0, 0, 0, 0, 0, 0, 0),
(741, 1000, 9, 1, 0, 0, 0, 0, 0, 0, 0, 0, 0, 0, 0, 0, 0, 9, 0, 1, 0, 0, 0, 0, 0, 0, 0, 0, 0, 0, 0, 0, 0, 0, 0),
(742, 1001, 1, 0, 1, 0, 0, 0, 0, 0, 0, 0, 0, 0, 0, 0, 0, 1, 0, 0, 0, 0, 0, 0, 0, 0, 0, 0, 0, 0, 0, 0, 0, 0, 0),
(743, 1002, 1, 0, 0, 0, 0, 0, 0, 0, 0, 0, 0, 0, 0, 0, 0, 1, 0, 0, 0, 0, 0, 0, 0, 0, 0, 0, 0, 0, 0, 0, 0, 0, 0),
(744, 1003, 6, 0, 0, 0, 0, 0, 0, 0, 0, 0, 0, 0, 0, 0, 0, 0, 0, 0, 0, 0, 0, 0, 0, 0, 0, 0, 0, 0, 0, 0, 0, 0, 0),
(745, 1004, 65, 1, 0, 0, 0, 0, 0, 0, 0, 0, 0, 0, 11, 0, 0, 18, 0, 0, 7, 0, 0, 0, 0, 0, 0, 0, 0, 0, 0, 0, 0, 0, 0),
(746, 1005, 55, 3, 2, 0, 0, 0, 0, 0, 0, 0, 0, 0, 7, 1, 0, 12, 0, 0, 11, 0, 0, 0, 0, 0, 0, 0, 0, 0, 0, 0, 0, 0, 0),
(747, 1006, 7, 0, 0, 0, 0, 0, 0, 0, 0, 0, 0, 0, 0, 0, 0, 1, 0, 0, 0, 0, 0, 0, 0, 0, 0, 0, 0, 0, 0, 0, 0, 0, 0),
(748, 1007, 25, 1, 0, 0, 0, 0, 0, 0, 0, 0, 0, 0, 9, 0, 0, 10, 0, 0, 4, 0, 0, 0, 0, 0, 0, 0, 0, 0, 0, 0, 0, 0, 0),
(749, 1008, 34, 1, 0, 0, 0, 0, 0, 0, 0, 0, 0, 0, 8, 1, 0, 8, 0, 0, 0, 0, 0, 0, 0, 0, 0, 0, 0, 0, 0, 0, 0, 0, 0),
(750, 1009, 0, 0, 0, 0, 0, 0, 0, 0, 0, 0, 0, 0, 0, 0, 0, 0, 0, 0, 0, 0, 0, 0, 0, 0, 0, 0, 0, 0, 0, 0, 0, 0, 0),
(751, 1010, 20, 0, 1, 0, 0, 0, 0, 0, 0, 0, 0, 0, 0, 0, 1, 8, 0, 0, 2, 0, 0, 0, 0, 0, 0, 0, 0, 0, 0, 0, 0, 0, 0),
(752, 1011, 28, 0, 0, 0, 0, 0, 0, 0, 0, 0, 0, 0, 7, 0, 0, 0, 0, 0, 0, 0, 0, 0, 0, 0, 0, 0, 0, 0, 0, 0, 0, 0, 0),
(753, 1012, 60, 1, 1, 0, 0, 0, 0, 0, 0, 0, 0, 0, 11, 0, 0, 10, 0, 1, 18, 0, 0, 0, 0, 0, 0, 0, 0, 0, 0, 0, 0, 0, 0),
(754, 1013, 14, 0, 0, 0, 0, 0, 0, 0, 0, 0, 0, 0, 7, 0, 0, 7, 0, 0, 0, 0, 0, 0, 0, 0, 0, 0, 0, 0, 0, 0, 0, 0, 0),
(755, 1014, 0, 0, 2, 0, 0, 0, 0, 0, 0, 0, 0, 0, 0, 0, 0, 0, 0, 1, 0, 0, 0, 0, 0, 0, 0, 0, 0, 0, 0, 0, 0, 0, 0),
(756, 1015, 125, 4, 1, 0, 0, 0, 0, 0, 0, 0, 0, 0, 14, 1, 0, 31, 2, 0, 41, 0, 0, 0, 0, 0, 0, 0, 0, 0, 0, 0, 0, 0, 0),
(757, 1016, 19, 2, 0, 0, 0, 0, 0, 0, 0, 0, 0, 0, 1, 0, 0, 8, 0, 1, 1, 0, 1, 0, 0, 0, 0, 0, 0, 0, 0, 0, 0, 0, 0),
(758, 1017, 86, 0, 0, 0, 0, 0, 0, 0, 0, 0, 0, 0, 47, 0, 0, 8, 0, 0, 23, 0, 0, 0, 0, 0, 0, 0, 0, 0, 0, 0, 0, 0, 0),
(759, 1018, 45, 1, 1, 0, 0, 0, 0, 0, 0, 0, 0, 0, 0, 0, 0, 28, 0, 0, 5, 0, 0, 0, 0, 0, 0, 0, 0, 0, 0, 0, 0, 0, 0),
(760, 1019, 6, 1, 0, 0, 0, 0, 0, 0, 0, 0, 0, 0, 0, 0, 0, 0, 0, 0, 0, 0, 0, 0, 0, 0, 0, 0, 0, 0, 0, 0, 0, 0, 0),
(761, 1020, 117, 4, 0, 0, 0, 0, 0, 0, 0, 0, 0, 0, 21, 0, 0, 38, 2, 2, 25, 0, 1, 0, 0, 0, 0, 0, 0, 0, 0, 0, 0, 0, 0),
(762, 1021, 68, 0, 2, 0, 0, 0, 0, 0, 0, 0, 0, 0, 4, 0, 0, 19, 0, 0, 30, 0, 0, 0, 0, 0, 0, 0, 0, 0, 0, 0, 0, 0, 0),
(763, 1022, 22, 3, 1, 0, 0, 0, 0, 0, 0, 0, 0, 0, 0, 0, 0, 0, 0, 2, 3, 0, 0, 7, 2, 0, 0, 0, 0, 0, 0, 0, 0, 0, 0),
(764, 1023, 8, 5, 0, 0, 0, 0, 0, 0, 0, 0, 0, 0, 6, 0, 0, 0, 3, 0, 1, 1, 0, 1, 1, 0, 0, 0, 0, 0, 0, 0, 0, 0, 0),
(765, 1024, 87, 3, 1, 0, 0, 0, 0, 0, 0, 0, 0, 0, 0, 0, 0, 12, 1, 1, 8, 0, 0, 51, 1, 0, 0, 0, 0, 0, 0, 0, 0, 0, 0),
(766, 1025, 172, 3, 2, 0, 0, 0, 0, 0, 0, 0, 0, 0, 8, 1, 1, 13, 0, 0, 40, 0, 1, 102, 0, 0, 0, 0, 0, 0, 0, 0, 0, 0, 0),
(767, 1026, 145, 9, 0, 0, 0, 0, 0, 0, 0, 0, 0, 0, 35, 0, 0, 25, 1, 1, 49, 0, 1, 18, 0, 1, 0, 0, 0, 0, 0, 0, 0, 0, 0),
(768, 1027, 62, 3, 2, 0, 0, 0, 0, 0, 0, 0, 0, 0, 11, 0, 1, 16, 0, 0, 1, 0, 0, 6, 0, 0, 0, 0, 0, 0, 0, 0, 0, 0, 0),
(769, 1028, 75, 4, 0, 0, 0, 0, 0, 0, 0, 0, 0, 0, 4, 0, 0, 10, 1, 0, 29, 0, 0, 6, 3, 0, 0, 0, 0, 0, 0, 0, 0, 0, 0),
(770, 1029, 129, 4, 2, 0, 0, 0, 0, 0, 0, 0, 0, 0, 25, 0, 0, 23, 0, 1, 9, 1, 1, 46, 1, 0, 0, 0, 0, 0, 0, 0, 0, 0, 0),
(771, 1030, 20, 6, 0, 0, 0, 0, 0, 0, 0, 0, 0, 0, 7, 1, 0, 0, 1, 0, 0, 0, 1, 12, 1, 0, 0, 0, 0, 0, 0, 0, 0, 0, 0),
(772, 1031, 108, 0, 2, 0, 0, 0, 0, 0, 0, 0, 0, 0, 0, 0, 0, 0, 0, 0, 0, 0, 1, 12, 0, 0, 0, 0, 0, 0, 0, 0, 0, 0, 0),
(773, 1032, 78, 0, 0, 0, 0, 0, 0, 0, 0, 0, 0, 0, 0, 0, 0, 6, 0, 0, 33, 0, 0, 0, 0, 0, 0, 0, 0, 0, 0, 0, 0, 0, 0),
(774, 1033, 76, 0, 0, 0, 0, 0, 0, 0, 0, 0, 0, 0, 16, 0, 0, 1, 0, 0, 23, 0, 0, 7, 0, 0, 0, 0, 0, 0, 0, 0, 0, 0, 0),
(775, 1034, 49, 0, 2, 0, 0, 0, 0, 0, 0, 0, 0, 0, 16, 0, 0, 22, 0, 0, 0, 0, 0, 11, 0, 1, 0, 0, 0, 0, 0, 0, 0, 0, 0),
(776, 1035, 30, 5, 1, 0, 0, 0, 0, 0, 0, 0, 0, 0, 0, 0, 0, 10, 0, 2, 4, 0, 2, 10, 1, 2, 0, 0, 0, 0, 0, 0, 0, 0, 0),
(777, 1036, 0, 2, 2, 0, 0, 0, 0, 0, 0, 0, 0, 0, 0, 1, 0, 0, 0, 0, 0, 1, 0, 0, 0, 0, 0, 0, 0, 0, 0, 0, 0, 0, 0),
(778, 1037, 10, 6, 0, 0, 0, 0, 0, 0, 0, 0, 0, 0, 0, 2, 0, 6, 0, 1, 3, 1, 0, 1, 1, 1, 0, 0, 0, 0, 0, 0, 0, 0, 0),
(779, 1038, 25, 2, 1, 0, 0, 0, 0, 0, 0, 0, 0, 0, 0, 0, 0, 0, 0, 0, 4, 0, 1, 9, 1, 2, 0, 0, 0, 0, 0, 0, 0, 0, 0),
(780, 1039, 92, 3, 1, 0, 0, 0, 0, 0, 0, 0, 0, 0, 32, 0, 1, 16, 0, 1, 26, 0, 0, 10, 0, 1, 0, 0, 0, 0, 0, 0, 0, 0, 0),
(781, 1040, 64, 3, 0, 0, 0, 0, 0, 0, 0, 0, 0, 0, 2, 0, 0, 33, 0, 0, 0, 0, 1, 24, 1, 0, 0, 0, 0, 0, 0, 0, 0, 0, 0),
(782, 1041, 40, 1, 0, 0, 0, 0, 0, 0, 0, 0, 0, 0, 0, 1, 0, 0, 0, 0, 1, 0, 0, 10, 0, 0, 0, 0, 0, 0, 0, 0, 0, 0, 0),
(783, 1042, 44, 8, 1, 0, 0, 0, 0, 0, 0, 0, 0, 0, 2, 0, 0, 5, 1, 0, 32, 0, 0, 5, 5, 0, 0, 0, 0, 0, 0, 0, 0, 0, 0),
(784, 1043, 156, 4, 1, 0, 0, 0, 0, 0, 0, 0, 0, 0, 16, 1, 0, 23, 0, 0, 28, 0, 0, 20, 0, 0, 0, 0, 0, 0, 0, 0, 0, 0, 0),
(785, 1044, 33, 8, 1, 0, 0, 0, 0, 0, 0, 0, 0, 0, 0, 0, 0, 11, 1, 0, 0, 2, 0, 0, 2, 0, 0, 0, 0, 0, 0, 0, 0, 0, 0),
(786, 1047, 31, 0, 1, 0, 0, 0, 0, 0, 0, 0, 0, 0, 0, 0, 0, 1, 0, 0, 25, 0, 0, 0, 0, 0, 0, 0, 0, 0, 0, 0, 0, 0, 0),
(787, 1048, 13, 1, 1, 0, 0, 0, 0, 0, 0, 0, 0, 0, 0, 0, 0, 0, 1, 0, 4, 0, 0, 1, 0, 0, 0, 0, 0, 0, 0, 0, 0, 0, 0),
(788, 1049, 56, 1, 2, 0, 0, 0, 0, 0, 0, 0, 0, 0, 0, 0, 0, 32, 0, 0, 6, 0, 0, 6, 1, 0, 0, 0, 0, 0, 0, 0, 0, 0, 0),
(789, 1050, 14, 3, 1, 0, 0, 0, 0, 0, 0, 0, 0, 0, 0, 0, 0, 6, 1, 0, 0, 1, 1, 8, 1, 0, 0, 0, 0, 0, 0, 0, 0, 0, 0),
(790, 1051, 38, 2, 0, 0, 0, 0, 0, 0, 0, 0, 0, 0, 0, 0, 0, 0, 2, 0, 0, 0, 0, 35, 0, 0, 0, 0, 0, 0, 0, 0, 0, 0, 0),
(791, 1052, 151, 1, 2, 0, 0, 0, 0, 0, 0, 0, 0, 0, 12, 0, 1, 29, 0, 0, 10, 0, 0, 7, 0, 1, 0, 0, 0, 0, 0, 0, 0, 0, 0),
(792, 1053, 0, 0, 2, 0, 0, 0, 0, 0, 0, 0, 0, 0, 0, 0, 0, 0, 0, 2, 0, 0, 0, 0, 0, 0, 0, 0, 0, 0, 0, 0, 0, 0, 0),
(793, 1054, 56, 2, 1, 0, 0, 0, 0, 0, 0, 0, 0, 0, 5, 0, 0, 0, 1, 0, 5, 0, 0, 0, 1, 0, 0, 0, 0, 0, 0, 0, 0, 0, 0),
(794, 1055, 67, 1, 0, 0, 0, 0, 0, 0, 0, 0, 0, 0, 33, 0, 0, 34, 0, 0, 0, 0, 0, 0, 0, 0, 0, 0, 0, 0, 0, 0, 0, 0, 0),
(795, 1056, 23, 2, 0, 0, 0, 0, 0, 0, 0, 0, 0, 0, 0, 0, 0, 10, 0, 1, 0, 0, 2, 0, 1, 0, 0, 0, 0, 0, 0, 0, 0, 0, 0),
(796, 1057, 5, 1, 0, 0, 0, 0, 0, 0, 0, 0, 0, 0, 0, 0, 0, 2, 0, 0, 0, 0, 0, 0, 1, 0, 0, 0, 0, 0, 0, 0, 0, 0, 0),
(797, 1058, 117, 0, 1, 0, 0, 0, 0, 0, 0, 0, 0, 0, 9, 0, 1, 8, 0, 0, 20, 0, 0, 7, 0, 0, 0, 0, 0, 0, 0, 0, 0, 0, 0),
(798, 1059, 0, 0, 0, 0, 0, 0, 0, 0, 0, 0, 0, 0, 0, 0, 0, 0, 0, 0, 0, 0, 0, 0, 0, 0, 0, 0, 0, 0, 0, 0, 0, 0, 0),
(799, 1060, 87, 6, 0, 0, 0, 0, 0, 0, 0, 0, 0, 0, 10, 0, 0, 20, 0, 1, 7, 1, 1, 12, 1, 0, 0, 0, 0, 0, 0, 0, 0, 0, 0),
(800, 1061, 29, 0, 0, 0, 0, 0, 0, 0, 0, 0, 0, 0, 0, 0, 0, 0, 0, 0, 6, 0, 0, 10, 0, 0, 0, 0, 0, 0, 0, 0, 0, 0, 0),
(801, 1063, 111, 6, 2, 0, 0, 0, 0, 0, 0, 0, 0, 0, 24, 0, 0, 13, 0, 0, 4, 1, 0, 14, 1, 1, 0, 0, 0, 0, 0, 0, 0, 0, 0),
(802, 1064, 16, 0, 2, 0, 0, 0, 0, 0, 0, 0, 0, 0, 13, 0, 0, 3, 0, 0, 0, 0, 0, 0, 0, 1, 0, 0, 0, 0, 0, 0, 0, 0, 0),
(803, 1065, 133, 4, 2, 0, 0, 0, 0, 0, 0, 0, 0, 0, 5, 0, 0, 38, 0, 1, 14, 0, 2, 31, 0, 2, 0, 0, 0, 0, 0, 0, 0, 0, 0),
(804, 1066, 50, 2, 0, 0, 0, 0, 0, 0, 0, 0, 0, 0, 0, 0, 0, 30, 0, 1, 0, 0, 0, 0, 1, 1, 0, 0, 0, 0, 0, 0, 0, 0, 0),
(805, 1067, 41, 3, 0, 0, 0, 0, 0, 0, 0, 0, 0, 0, 13, 0, 0, 14, 1, 0, 0, 0, 0, 0, 0, 2, 0, 0, 0, 0, 0, 0, 0, 0, 0),
(806, 1068, 15, 1, 0, 0, 0, 0, 0, 0, 0, 0, 0, 0, 0, 0, 0, 12, 0, 0, 0, 0, 0, 3, 1, 0, 0, 0, 0, 0, 0, 0, 0, 0, 0),
(807, 1069, 18, 0, 2, 0, 0, 0, 0, 0, 0, 0, 0, 0, 0, 0, 0, 5, 0, 0, 0, 0, 0, 13, 0, 1, 0, 0, 0, 0, 0, 0, 0, 0, 0),
(808, 1070, 50, 2, 1, 0, 0, 0, 0, 0, 0, 0, 0, 0, 0, 0, 0, 17, 1, 0, 9, 0, 0, 0, 0, 0, 0, 0, 0, 0, 0, 0, 0, 0, 0),
(809, 1071, 138, 3, 1, 0, 0, 0, 0, 0, 0, 0, 0, 0, 62, 0, 0, 26, 0, 1, 8, 0, 0, 0, 3, 0, 0, 0, 0, 0, 0, 0, 0, 0, 0),
(810, 1072, 0, 0, 0, 0, 0, 0, 0, 0, 0, 0, 0, 0, 0, 0, 0, 0, 0, 0, 0, 0, 0, 0, 0, 0, 0, 0, 0, 0, 0, 0, 0, 0, 0),
(811, 1073, 47, 2, 1, 0, 0, 0, 0, 0, 0, 0, 0, 0, 9, 0, 0, 7, 0, 0, 0, 0, 0, 7, 0, 1, 0, 0, 0, 0, 0, 0, 0, 0, 0),
(812, 1074, 48, 1, 1, 0, 0, 0, 0, 0, 0, 0, 0, 0, 0, 0, 0, 26, 0, 0, 19, 0, 0, 0, 1, 1, 0, 0, 0, 0, 0, 0, 0, 0, 0),
(813, 1075, 43, 1, 2, 0, 0, 0, 0, 0, 0, 0, 0, 0, 0, 0, 0, 3, 0, 1, 0, 0, 0, 0, 0, 2, 0, 0, 0, 0, 0, 0, 0, 0, 0),
(814, 1076, 43, 0, 2, 0, 0, 0, 0, 0, 0, 0, 0, 0, 0, 0, 0, 3, 0, 1, 0, 0, 0, 24, 0, 0, 0, 0, 0, 0, 0, 0, 0, 0, 0),
(815, 1077, 39, 1, 0, 0, 0, 0, 0, 0, 0, 0, 0, 0, 0, 0, 1, 12, 0, 0, 0, 0, 1, 0, 0, 1, 0, 0, 0, 0, 0, 0, 0, 0, 0),
(816, 1078, 59, 0, 0, 0, 0, 0, 0, 0, 0, 0, 0, 0, 0, 0, 0, 15, 0, 0, 23, 0, 0, 13, 0, 0, 0, 0, 0, 0, 0, 0, 0, 0, 0),
(817, 1079, 40, 0, 0, 0, 0, 0, 0, 0, 0, 0, 0, 0, 13, 0, 0, 8, 0, 0, 0, 0, 0, 16, 0, 0, 0, 0, 0, 0, 0, 0, 0, 0, 0),
(818, 1080, 67, 0, 0, 0, 0, 0, 0, 0, 0, 0, 0, 0, 0, 0, 0, 6, 0, 0, 35, 0, 0, 7, 0, 0, 0, 0, 0, 0, 0, 0, 0, 0, 0),
(819, 1081, 43, 0, 1, 0, 0, 0, 0, 0, 0, 0, 0, 0, 0, 0, 0, 3, 0, 1, 0, 0, 0, 40, 0, 0, 0, 0, 0, 0, 0, 0, 0, 0, 0),
(820, 1082, 11, 0, 0, 0, 0, 0, 0, 0, 0, 0, 0, 0, 0, 0, 0, 0, 0, 0, 0, 0, 0, 11, 0, 0, 0, 0, 0, 0, 0, 0, 0, 0, 0),
(821, 1084, 21, 1, 0, 0, 0, 0, 0, 0, 0, 0, 0, 0, 0, 0, 0, 1, 0, 0, 20, 0, 2, 0, 0, 0, 0, 0, 0, 0, 0, 0, 0, 0, 0),
(822, 1085, 21, 1, 0, 0, 0, 0, 0, 0, 0, 0, 0, 0, 0, 0, 0, 11, 0, 0, 0, 1, 0, 0, 0, 0, 0, 0, 0, 0, 0, 0, 0, 0, 0),
(823, 1086, 122, 4, 1, 0, 0, 0, 0, 0, 0, 0, 0, 0, 44, 0, 0, 21, 0, 2, 0, 0, 1, 14, 0, 2, 0, 0, 0, 0, 0, 0, 0, 0, 0),
(824, 1087, 15, 1, 0, 0, 0, 0, 0, 0, 0, 0, 0, 0, 0, 0, 0, 0, 0, 0, 0, 0, 0, 0, 1, 0, 0, 0, 0, 0, 0, 0, 0, 0, 0),
(825, 1088, 13, 0, 1, 0, 0, 0, 0, 0, 0, 0, 0, 0, 0, 0, 0, 3, 0, 0, 0, 0, 0, 10, 0, 0, 0, 0, 0, 0, 0, 0, 0, 0, 0),
(826, 1089, 27, 0, 2, 0, 0, 0, 0, 0, 0, 0, 0, 0, 0, 0, 0, 3, 0, 1, 0, 0, 0, 24, 0, 1, 0, 0, 0, 0, 0, 0, 0, 0, 0),
(827, 1090, 42, 0, 0, 0, 0, 0, 0, 0, 0, 0, 0, 0, 10, 0, 0, 14, 0, 0, 0, 0, 0, 17, 0, 0, 0, 0, 0, 0, 0, 0, 0, 0, 0),
(828, 1091, 32, 0, 0, 0, 0, 0, 0, 0, 0, 0, 0, 0, 0, 0, 0, 0, 0, 0, 0, 0, 0, 0, 0, 0, 0, 0, 0, 0, 0, 0, 0, 0, 0),
(829, 1092, 36, 0, 0, 0, 0, 0, 0, 0, 0, 0, 0, 0, 0, 0, 0, 0, 0, 0, 0, 0, 0, 36, 0, 0, 0, 0, 0, 0, 0, 0, 0, 0, 0),
(830, 1093, 8, 0, 2, 0, 0, 0, 0, 0, 0, 0, 0, 0, 0, 0, 1, 5, 0, 0, 0, 0, 0, 3, 0, 0, 0, 0, 0, 0, 0, 0, 0, 0, 0),
(831, 1094, 0, 0, 0, 0, 0, 0, 0, 0, 0, 0, 0, 0, 0, 0, 0, 0, 0, 0, 0, 0, 0, 0, 0, 0, 0, 0, 0, 0, 0, 0, 0, 0, 0),
(832, 1095, 11, 0, 0, 0, 0, 0, 0, 0, 0, 0, 0, 0, 0, 0, 0, 3, 0, 0, 0, 0, 0, 1, 0, 0, 0, 0, 0, 0, 0, 0, 0, 0, 0),
(833, 1096, 34, 0, 1, 0, 0, 0, 0, 0, 0, 0, 0, 0, 0, 0, 0, 3, 0, 0, 0, 0, 0, 15, 0, 0, 0, 0, 0, 0, 0, 0, 0, 0, 0),
(834, 1097, 46, 0, 0, 0, 0, 0, 0, 0, 0, 0, 0, 0, 0, 0, 0, 8, 0, 0, 0, 0, 0, 37, 0, 0, 0, 0, 0, 0, 0, 0, 0, 0, 0),
(835, 1098, 15, 0, 0, 0, 0, 0, 0, 0, 0, 0, 0, 0, 0, 0, 0, 0, 0, 0, 0, 0, 0, 15, 0, 0, 0, 0, 0, 0, 0, 0, 0, 0, 0),
(836, 1099, 82, 0, 0, 0, 0, 0, 0, 0, 0, 0, 0, 0, 0, 0, 0, 3, 0, 0, 10, 0, 0, 43, 0, 0, 0, 0, 0, 0, 0, 0, 0, 0, 0),
(837, 1100, 59, 3, 0, 0, 0, 0, 0, 0, 0, 0, 0, 0, 0, 0, 0, 16, 0, 0, 6, 1, 1, 15, 1, 0, 0, 0, 0, 0, 0, 0, 0, 0, 0),
(838, 1101, 7, 1, 2, 0, 0, 0, 0, 0, 0, 0, 0, 0, 0, 0, 1, 0, 0, 2, 0, 0, 0, 6, 0, 2, 0, 0, 0, 0, 0, 0, 0, 0, 0),
(839, 1102, 52, 4, 0, 0, 0, 0, 0, 0, 0, 0, 0, 0, 0, 0, 0, 12, 0, 0, 14, 0, 0, 12, 4, 0, 0, 0, 0, 0, 0, 0, 0, 0, 0),
(840, 1103, 16, 0, 1, 0, 0, 0, 0, 0, 0, 0, 0, 0, 0, 0, 0, 0, 0, 1, 0, 0, 0, 16, 0, 0, 0, 0, 0, 0, 0, 0, 0, 0, 0),
(841, 1104, 55, 0, 0, 0, 0, 0, 0, 0, 0, 0, 0, 0, 15, 0, 0, 6, 0, 0, 8, 0, 0, 0, 0, 0, 0, 0, 0, 0, 0, 0, 0, 0, 0),
(842, 1105, 33, 0, 1, 0, 0, 0, 0, 0, 0, 0, 0, 0, 0, 0, 0, 23, 0, 0, 10, 0, 1, 0, 0, 0, 0, 0, 0, 0, 0, 0, 0, 0, 0),
(843, 1106, 28, 0, 1, 0, 0, 0, 0, 0, 0, 0, 0, 0, 2, 0, 0, 19, 0, 0, 4, 0, 0, 0, 0, 0, 0, 0, 0, 0, 0, 0, 0, 0, 0),
(844, 1107, 7, 0, 1, 0, 0, 0, 0, 0, 0, 0, 0, 0, 0, 0, 0, 2, 0, 0, 0, 0, 0, 0, 0, 0, 0, 0, 0, 0, 0, 0, 0, 0, 0),
(845, 1108, 60, 2, 2, 0, 0, 0, 0, 0, 0, 0, 0, 0, 0, 0, 1, 24, 0, 0, 17, 0, 1, 0, 0, 0, 0, 0, 0, 0, 0, 0, 0, 0, 0),
(846, 1109, 17, 1, 1, 0, 0, 0, 0, 0, 0, 0, 0, 0, 0, 0, 1, 6, 0, 0, 3, 0, 0, 0, 0, 0, 0, 0, 0, 0, 0, 0, 0, 0, 0),
(847, 1110, 106, 2, 2, 0, 0, 0, 0, 0, 0, 0, 0, 0, 11, 0, 2, 28, 0, 0, 16, 0, 0, 0, 0, 0, 0, 0, 0, 0, 0, 0, 0, 0, 0),
(848, 1111, 16, 0, 1, 0, 0, 0, 0, 0, 0, 0, 0, 0, 5, 0, 0, 4, 0, 0, 5, 0, 0, 0, 0, 0, 0, 0, 0, 0, 0, 0, 0, 0, 0),
(849, 1112, 61, 0, 0, 0, 0, 0, 0, 0, 0, 0, 0, 0, 12, 0, 0, 23, 0, 0, 0, 0, 0, 0, 0, 0, 0, 0, 0, 0, 0, 0, 0, 0, 0),
(850, 1113, 2, 1, 0, 0, 0, 0, 0, 0, 0, 0, 0, 0, 2, 0, 0, 0, 0, 0, 0, 0, 2, 0, 0, 0, 0, 0, 0, 0, 0, 0, 0, 0, 0),
(851, 1114, 16, 0, 2, 0, 0, 0, 0, 0, 0, 0, 0, 0, 2, 0, 0, 13, 0, 0, 0, 0, 1, 0, 0, 0, 0, 0, 0, 0, 0, 0, 0, 0, 0),
(852, 1115, 30, 0, 2, 0, 0, 0, 0, 0, 0, 0, 0, 0, 0, 0, 0, 5, 0, 0, 13, 0, 0, 0, 0, 0, 0, 0, 0, 0, 0, 0, 0, 0, 0),
(853, 1116, 34, 0, 0, 0, 0, 0, 0, 0, 0, 0, 0, 0, 0, 0, 0, 0, 0, 0, 34, 0, 0, 0, 0, 0, 0, 0, 0, 0, 0, 0, 0, 0, 0),
(854, 1117, 17, 0, 0, 0, 0, 0, 0, 0, 0, 0, 0, 0, 2, 0, 0, 0, 0, 0, 15, 0, 0, 0, 0, 0, 0, 0, 0, 0, 0, 0, 0, 0, 0),
(855, 1118, 0, 0, 0, 0, 0, 0, 0, 0, 0, 0, 0, 0, 0, 0, 0, 0, 0, 0, 0, 0, 0, 0, 0, 0, 0, 0, 0, 0, 0, 0, 0, 0, 0),
(856, 1119, 11, 2, 2, 0, 0, 0, 0, 0, 0, 0, 0, 0, 0, 0, 1, 3, 0, 0, 8, 0, 0, 0, 0, 0, 0, 0, 0, 0, 0, 0, 0, 0, 0),
(857, 1120, 69, 1, 0, 0, 0, 0, 0, 0, 0, 0, 0, 0, 0, 0, 0, 10, 0, 0, 4, 0, 1, 0, 0, 0, 0, 0, 0, 0, 0, 0, 0, 0, 0),
(858, 1121, 55, 0, 1, 0, 0, 0, 0, 0, 0, 0, 0, 0, 0, 0, 0, 0, 0, 0, 0, 0, 0, 0, 0, 0, 0, 0, 0, 0, 0, 0, 0, 0, 0),
(859, 1122, 3, 0, 0, 0, 0, 0, 0, 0, 0, 0, 0, 0, 0, 0, 0, 0, 0, 0, 0, 0, 0, 0, 0, 0, 0, 0, 0, 0, 0, 0, 0, 0, 0),
(860, 1123, 2, 0, 2, 0, 0, 0, 0, 0, 0, 0, 0, 0, 0, 0, 0, 0, 0, 0, 2, 0, 0, 0, 0, 0, 0, 0, 0, 0, 0, 0, 0, 0, 0),
(861, 1124, 1, 0, 0, 0, 0, 0, 0, 0, 0, 0, 0, 0, 0, 0, 0, 1, 0, 0, 0, 0, 0, 0, 0, 0, 0, 0, 0, 0, 0, 0, 0, 0, 0),
(862, 1125, 18, 0, 1, 0, 0, 0, 0, 0, 0, 0, 0, 0, 0, 0, 0, 10, 0, 0, 7, 0, 1, 0, 0, 0, 0, 0, 0, 0, 0, 0, 0, 0, 0),
(863, 1126, 34, 0, 2, 0, 0, 0, 0, 0, 0, 0, 0, 0, 2, 0, 0, 12, 0, 0, 14, 0, 1, 0, 0, 0, 0, 0, 0, 0, 0, 0, 0, 0, 0),
(864, 1127, 2, 2, 1, 0, 0, 0, 0, 0, 0, 0, 0, 0, 0, 0, 0, 2, 0, 2, 0, 0, 1, 0, 0, 0, 0, 0, 0, 0, 0, 0, 0, 0, 0),
(865, 1128, 6, 0, 0, 0, 0, 0, 0, 0, 0, 0, 0, 0, 0, 0, 0, 5, 0, 0, 1, 0, 0, 0, 0, 0, 0, 0, 0, 0, 0, 0, 0, 0, 0),
(866, 1129, 0, 0, 0, 0, 0, 0, 0, 0, 0, 0, 0, 0, 0, 0, 0, 0, 0, 0, 0, 0, 0, 0, 0, 0, 0, 0, 0, 0, 0, 0, 0, 0, 0),
(867, 1130, 26, 1, 2, 0, 0, 0, 0, 0, 0, 0, 0, 0, 6, 0, 2, 4, 0, 0, 9, 0, 1, 0, 0, 0, 0, 0, 0, 0, 0, 0, 0, 0, 0),
(868, 1131, 13, 0, 2, 0, 0, 0, 0, 0, 0, 0, 0, 0, 0, 0, 1, 11, 0, 0, 0, 0, 1, 0, 0, 0, 0, 0, 0, 0, 0, 0, 0, 0, 0),
(869, 1132, 20, 0, 1, 0, 0, 0, 0, 0, 0, 0, 0, 0, 0, 0, 0, 8, 0, 0, 8, 0, 0, 0, 0, 0, 0, 0, 0, 0, 0, 0, 0, 0, 0),
(870, 1133, 121, 1, 0, 0, 0, 0, 0, 0, 0, 0, 0, 0, 13, 0, 0, 6, 0, 0, 33, 0, 0, 0, 0, 0, 0, 0, 0, 0, 0, 0, 0, 0, 0),
(871, 1134, 81, 1, 0, 0, 0, 0, 0, 0, 0, 0, 0, 0, 0, 1, 0, 25, 0, 0, 12, 0, 0, 0, 0, 0, 0, 0, 0, 0, 0, 0, 0, 0, 0),
(872, 1135, 23, 1, 0, 0, 0, 0, 0, 0, 0, 0, 0, 0, 0, 0, 0, 6, 0, 0, 10, 0, 0, 0, 0, 0, 0, 0, 0, 0, 0, 0, 0, 0, 0),
(873, 1136, 36, 1, 2, 0, 0, 0, 0, 0, 0, 0, 0, 0, 0, 0, 1, 9, 0, 0, 7, 0, 1, 0, 0, 0, 0, 0, 0, 0, 0, 0, 0, 0, 0),
(874, 1137, 9, 1, 1, 0, 0, 0, 0, 0, 0, 0, 0, 0, 0, 0, 1, 1, 1, 0, 2, 0, 0, 0, 0, 0, 0, 0, 0, 0, 0, 0, 0, 0, 0),
(875, 1138, 76, 6, 2, 0, 0, 0, 0, 0, 0, 0, 0, 0, 17, 1, 2, 10, 0, 0, 9, 1, 0, 0, 0, 0, 0, 0, 0, 0, 0, 0, 0, 0, 0),
(876, 1139, 14, 1, 2, 0, 0, 0, 0, 0, 0, 0, 0, 0, 11, 0, 1, 1, 0, 0, 2, 0, 1, 0, 0, 0, 0, 0, 0, 0, 0, 0, 0, 0, 0),
(877, 1140, 26, 1, 2, 0, 0, 0, 0, 0, 0, 0, 0, 0, 26, 0, 0, 0, 1, 0, 0, 0, 1, 0, 0, 0, 0, 0, 0, 0, 0, 0, 0, 0, 0),
(878, 1141, 8, 0, 1, 0, 0, 0, 0, 0, 0, 0, 0, 0, 0, 0, 1, 3, 0, 0, 1, 0, 0, 0, 0, 0, 0, 0, 0, 0, 0, 0, 0, 0, 0),
(879, 1142, 19, 0, 1, 0, 0, 0, 0, 0, 0, 0, 0, 0, 0, 0, 0, 2, 0, 0, 1, 0, 0, 0, 0, 0, 0, 0, 0, 0, 0, 0, 0, 0, 0),
(880, 1144, 16, 1, 0, 0, 0, 0, 0, 0, 0, 0, 0, 0, 0, 0, 0, 6, 0, 0, 10, 0, 1, 0, 0, 0, 0, 0, 0, 0, 0, 0, 0, 0, 0),
(881, 1145, 0, 0, 0, 0, 0, 0, 0, 0, 0, 0, 0, 0, 0, 0, 0, 0, 0, 0, 0, 0, 0, 0, 0, 0, 0, 0, 0, 0, 0, 0, 0, 0, 0),
(882, 1146, 11, 0, 1, 0, 0, 0, 0, 0, 0, 0, 0, 0, 7, 0, 0, 2, 0, 0, 2, 0, 0, 0, 0, 0, 0, 0, 0, 0, 0, 0, 0, 0, 0),
(883, 1147, 7, 0, 0, 0, 0, 0, 0, 0, 0, 0, 0, 0, 2, 0, 0, 0, 0, 0, 3, 0, 0, 0, 0, 0, 0, 0, 0, 0, 0, 0, 0, 0, 0),
(884, 1148, 57, 0, 0, 0, 0, 0, 0, 0, 0, 0, 0, 0, 0, 0, 0, 17, 0, 0, 7, 0, 0, 0, 0, 0, 0, 0, 0, 0, 0, 0, 0, 0, 0),
(885, 1149, 15, 1, 0, 0, 0, 0, 0, 0, 0, 0, 0, 0, 0, 0, 0, 13, 0, 2, 2, 0, 0, 0, 0, 0, 0, 0, 0, 0, 0, 0, 0, 0, 0),
(886, 1150, 62, 0, 0, 0, 0, 0, 0, 0, 0, 0, 0, 0, 6, 0, 0, 34, 0, 0, 0, 0, 0, 0, 0, 0, 0, 0, 0, 0, 0, 0, 0, 0, 0),
(887, 1151, 67, 1, 0, 0, 0, 0, 0, 0, 0, 0, 0, 0, 21, 0, 0, 3, 1, 0, 26, 0, 0, 0, 0, 0, 0, 0, 0, 0, 0, 0, 0, 0, 0),
(888, 1152, 29, 0, 0, 0, 0, 0, 0, 0, 0, 0, 0, 0, 3, 0, 0, 3, 0, 0, 5, 0, 0, 0, 0, 0, 0, 0, 0, 0, 0, 0, 0, 0, 0),
(889, 1153, 4, 0, 0, 0, 0, 0, 0, 0, 0, 0, 0, 0, 0, 0, 0, 1, 0, 0, 3, 0, 0, 0, 0, 0, 0, 0, 0, 0, 0, 0, 0, 0, 0),
(890, 1154, 24, 1, 0, 0, 0, 0, 0, 0, 0, 0, 0, 0, 0, 0, 0, 0, 1, 0, 0, 0, 0, 0, 0, 0, 0, 0, 0, 0, 0, 0, 0, 0, 0),
(891, 1155, 37, 3, 1, 0, 0, 0, 0, 0, 0, 0, 0, 0, 0, 1, 0, 13, 1, 1, 2, 0, 0, 0, 0, 0, 0, 0, 0, 0, 0, 0, 0, 0, 0),
(892, 1156, 20, 3, 0, 0, 0, 0, 0, 0, 0, 0, 0, 0, 0, 1, 0, 0, 1, 2, 5, 0, 0, 0, 0, 0, 0, 0, 0, 0, 0, 0, 0, 0, 0),
(893, 1157, 23, 3, 0, 0, 0, 0, 0, 0, 0, 0, 0, 0, 0, 0, 0, 13, 0, 0, 1, 2, 0, 0, 0, 0, 0, 0, 0, 0, 0, 0, 0, 0, 0),
(894, 1158, 36, 0, 0, 0, 0, 0, 0, 0, 0, 0, 0, 0, 0, 0, 0, 0, 0, 0, 3, 0, 0, 33, 0, 0, 0, 0, 0, 0, 0, 0, 0, 0, 0);
INSERT INTO `fls1egvn_missings` (`nr`, `student_nr`, `current_w`, `current_h`, `current_p`, `sep_w`, `sep_h`, `sep_p`, `oct_w`, `oct_h`, `oct_p`, `nov_w`, `nov_h`, `nov_p`, `dec_w`, `dec_h`, `dec_p`, `jan_w`, `jan_h`, `jan_p`, `feb_w`, `feb_h`, `feb_p`, `mar_w`, `mar_h`, `mar_p`, `apr_w`, `apr_h`, `apr_p`, `may_w`, `may_h`, `may_p`, `jun_w`, `jun_h`, `jun_p`) VALUES
(895, 1159, 95, 0, 0, 0, 0, 0, 0, 0, 0, 0, 0, 0, 6, 0, 0, 9, 0, 0, 45, 0, 0, 13, 0, 0, 0, 0, 0, 0, 0, 0, 0, 0, 0),
(896, 1160, 22, 2, 0, 0, 0, 0, 0, 0, 0, 0, 0, 0, 0, 0, 0, 22, 0, 0, 0, 1, 0, 0, 0, 0, 0, 0, 0, 0, 0, 0, 0, 0, 0),
(897, 1161, 89, 2, 0, 0, 0, 0, 0, 0, 0, 0, 0, 0, 3, 0, 0, 21, 1, 1, 19, 0, 0, 31, 0, 0, 0, 0, 0, 0, 0, 0, 0, 0, 0),
(898, 1162, 11, 0, 1, 0, 0, 0, 0, 0, 0, 0, 0, 0, 1, 0, 0, 0, 0, 0, 0, 0, 0, 9, 0, 0, 0, 0, 0, 0, 0, 0, 0, 0, 0),
(899, 1163, 26, 0, 0, 0, 0, 0, 0, 0, 0, 0, 0, 0, 0, 0, 0, 1, 0, 0, 0, 0, 0, 25, 0, 0, 0, 0, 0, 0, 0, 0, 0, 0, 0),
(900, 1165, 9, 4, 0, 0, 0, 0, 0, 0, 0, 0, 0, 0, 0, 0, 1, 0, 1, 1, 0, 1, 0, 2, 0, 0, 0, 0, 0, 0, 0, 0, 0, 0, 0),
(901, 1166, 6, 0, 0, 0, 0, 0, 0, 0, 0, 0, 0, 0, 0, 0, 0, 1, 0, 0, 0, 0, 0, 5, 0, 0, 0, 0, 0, 0, 0, 0, 0, 0, 0),
(902, 1167, 17, 0, 0, 0, 0, 0, 0, 0, 0, 0, 0, 0, 0, 0, 0, 0, 0, 0, 0, 0, 0, 5, 0, 0, 0, 0, 0, 0, 0, 0, 0, 0, 0),
(903, 1168, 21, 0, 1, 0, 0, 0, 0, 0, 0, 0, 0, 0, 8, 0, 0, 0, 0, 0, 0, 0, 0, 1, 0, 1, 0, 0, 0, 0, 0, 0, 0, 0, 0),
(904, 1169, 14, 1, 1, 0, 0, 0, 0, 0, 0, 0, 0, 0, 0, 0, 0, 0, 0, 2, 0, 0, 0, 0, 0, 0, 0, 0, 0, 0, 0, 0, 0, 0, 0),
(905, 1170, 70, 4, 1, 0, 0, 0, 0, 0, 0, 0, 0, 0, 0, 0, 0, 1, 0, 0, 15, 0, 0, 19, 0, 0, 0, 0, 0, 0, 0, 0, 0, 0, 0),
(906, 1171, 72, 4, 0, 0, 0, 0, 0, 0, 0, 0, 0, 0, 7, 0, 0, 16, 0, 0, 12, 0, 2, 10, 1, 0, 0, 0, 0, 0, 0, 0, 0, 0, 0),
(907, 1172, 0, 0, 0, 0, 0, 0, 0, 0, 0, 0, 0, 0, 0, 0, 0, 0, 0, 0, 0, 0, 0, 0, 0, 0, 0, 0, 0, 0, 0, 0, 0, 0, 0),
(908, 1173, 75, 1, 1, 0, 0, 0, 0, 0, 0, 0, 0, 0, 0, 0, 1, 0, 0, 0, 25, 1, 0, 0, 0, 0, 0, 0, 0, 0, 0, 0, 0, 0, 0),
(909, 1174, 47, 1, 0, 0, 0, 0, 0, 0, 0, 0, 0, 0, 0, 0, 0, 13, 0, 0, 25, 0, 0, 3, 0, 0, 0, 0, 0, 0, 0, 0, 0, 0, 0),
(910, 1175, 0, 1, 0, 0, 0, 0, 0, 0, 0, 0, 0, 0, 0, 0, 0, 0, 0, 0, 0, 1, 0, 0, 0, 0, 0, 0, 0, 0, 0, 0, 0, 0, 0),
(911, 1176, 17, 0, 1, 0, 0, 0, 0, 0, 0, 0, 0, 0, 0, 0, 0, 0, 0, 0, 0, 0, 0, 1, 0, 1, 0, 0, 0, 0, 0, 0, 0, 0, 0),
(912, 1177, 102, 4, 1, 0, 0, 0, 0, 0, 0, 0, 0, 0, 11, 0, 1, 13, 1, 2, 24, 0, 0, 23, 0, 2, 0, 0, 0, 0, 0, 0, 0, 0, 0),
(913, 1178, 39, 1, 0, 0, 0, 0, 0, 0, 0, 0, 0, 0, 9, 0, 0, 1, 1, 0, 11, 0, 0, 15, 0, 0, 0, 0, 0, 0, 0, 0, 0, 0, 0),
(914, 1179, 40, 0, 1, 0, 0, 0, 0, 0, 0, 0, 0, 0, 3, 0, 0, 0, 0, 0, 12, 0, 0, 12, 0, 0, 0, 0, 0, 0, 0, 0, 0, 0, 0),
(915, 1180, 8, 0, 0, 0, 0, 0, 0, 0, 0, 0, 0, 0, 0, 0, 0, 5, 0, 0, 0, 0, 0, 3, 0, 0, 0, 0, 0, 0, 0, 0, 0, 0, 0),
(916, 1181, 14, 2, 1, 0, 0, 0, 0, 0, 0, 0, 0, 0, 3, 0, 0, 3, 1, 0, 0, 0, 0, 8, 1, 1, 0, 0, 0, 0, 0, 0, 0, 0, 0),
(917, 1182, 21, 1, 1, 0, 0, 0, 0, 0, 0, 0, 0, 0, 7, 0, 0, 0, 0, 1, 1, 0, 0, 0, 0, 0, 0, 0, 0, 0, 0, 0, 0, 0, 0),
(918, 1183, 12, 0, 0, 0, 0, 0, 0, 0, 0, 0, 0, 0, 0, 0, 0, 0, 0, 0, 0, 0, 0, 7, 0, 0, 0, 0, 0, 0, 0, 0, 0, 0, 0),
(919, 1184, 0, 0, 0, 0, 0, 0, 0, 0, 0, 0, 0, 0, 0, 0, 0, 0, 0, 0, 0, 0, 0, 0, 0, 0, 0, 0, 0, 0, 0, 0, 0, 0, 0),
(920, 1185, 33, 0, 2, 0, 0, 0, 0, 0, 0, 0, 0, 0, 0, 0, 0, 16, 0, 0, 7, 0, 1, 0, 0, 0, 0, 0, 0, 0, 0, 0, 0, 0, 0),
(921, 1186, 36, 2, 2, 0, 0, 0, 0, 0, 0, 0, 0, 0, 17, 2, 1, 8, 0, 0, 11, 0, 1, 0, 0, 0, 0, 0, 0, 0, 0, 0, 0, 0, 0),
(922, 1187, 12, 0, 0, 0, 0, 0, 0, 0, 0, 0, 0, 0, 0, 0, 0, 7, 0, 0, 0, 0, 0, 5, 0, 0, 0, 0, 0, 0, 0, 0, 0, 0, 0),
(923, 1188, 78, 1, 0, 0, 0, 0, 0, 0, 0, 0, 0, 0, 0, 0, 0, 3, 0, 0, 11, 0, 0, 12, 1, 0, 0, 0, 0, 0, 0, 0, 0, 0, 0),
(924, 1189, 31, 3, 0, 0, 0, 0, 0, 0, 0, 0, 0, 0, 25, 2, 0, 6, 0, 1, 0, 0, 2, 0, 0, 0, 0, 0, 0, 0, 0, 0, 0, 0, 0),
(925, 1190, 38, 6, 0, 0, 0, 0, 0, 0, 0, 0, 0, 0, 1, 4, 1, 7, 0, 0, 21, 0, 1, 9, 1, 1, 0, 0, 0, 0, 0, 0, 0, 0, 0),
(926, 1191, 117, 6, 2, 0, 0, 0, 0, 0, 0, 0, 0, 0, 95, 5, 2, 13, 0, 0, 9, 1, 0, 0, 0, 0, 0, 0, 0, 0, 0, 0, 0, 0, 0),
(927, 1192, 0, 0, 0, 0, 0, 0, 0, 0, 0, 0, 0, 0, 0, 0, 0, 0, 0, 0, 0, 0, 0, 0, 0, 0, 0, 0, 0, 0, 0, 0, 0, 0, 0),
(928, 1193, 0, 0, 0, 0, 0, 0, 0, 0, 0, 0, 0, 0, 0, 0, 0, 0, 0, 0, 0, 0, 0, 0, 0, 0, 0, 0, 0, 0, 0, 0, 0, 0, 0),
(929, 1194, 18, 0, 0, 0, 0, 0, 0, 0, 0, 0, 0, 0, 0, 0, 0, 6, 0, 0, 0, 0, 0, 0, 0, 0, 0, 0, 0, 0, 0, 0, 0, 0, 0),
(930, 1195, 7, 0, 1, 0, 0, 0, 0, 0, 0, 0, 0, 0, 0, 0, 0, 7, 0, 0, 0, 0, 0, 0, 0, 0, 0, 0, 0, 0, 0, 0, 0, 0, 0),
(931, 1196, 30, 0, 0, 0, 0, 0, 0, 0, 0, 0, 0, 0, 0, 0, 0, 0, 0, 0, 0, 0, 0, 0, 0, 0, 0, 0, 0, 0, 0, 0, 0, 0, 0),
(932, 1197, 283, 0, 0, 0, 0, 0, 0, 0, 0, 0, 0, 0, 83, 0, 0, 42, 0, 0, 81, 0, 0, 0, 0, 0, 0, 0, 0, 0, 0, 0, 0, 0, 0),
(933, 1198, 24, 0, 1, 0, 0, 0, 0, 0, 0, 0, 0, 0, 0, 0, 0, 0, 0, 0, 18, 0, 0, 0, 0, 0, 0, 0, 0, 0, 0, 0, 0, 0, 0),
(934, 1199, 8, 1, 0, 0, 0, 0, 0, 0, 0, 0, 0, 0, 0, 1, 0, 0, 0, 0, 7, 0, 0, 0, 0, 0, 0, 0, 0, 0, 0, 0, 0, 0, 0),
(935, 1200, 18, 0, 0, 0, 0, 0, 0, 0, 0, 0, 0, 0, 0, 0, 0, 0, 0, 0, 0, 0, 0, 0, 0, 0, 0, 0, 0, 0, 0, 0, 0, 0, 0),
(936, 1201, 0, 0, 0, 0, 0, 0, 0, 0, 0, 0, 0, 0, 0, 0, 0, 0, 0, 0, 0, 0, 0, 0, 0, 0, 0, 0, 0, 0, 0, 0, 0, 0, 0),
(937, 1202, 18, 2, 1, 0, 0, 0, 0, 0, 0, 0, 0, 0, 6, 1, 0, 0, 1, 0, 6, 0, 0, 0, 0, 0, 0, 0, 0, 0, 0, 0, 0, 0, 0),
(938, 1203, 101, 2, 1, 0, 0, 0, 0, 0, 0, 0, 0, 0, 6, 0, 0, 20, 2, 0, 18, 0, 0, 0, 0, 0, 0, 0, 0, 0, 0, 0, 0, 0, 0),
(939, 1204, 145, 0, 0, 0, 0, 0, 0, 0, 0, 0, 0, 0, 37, 0, 0, 31, 0, 0, 31, 0, 0, 0, 0, 0, 0, 0, 0, 0, 0, 0, 0, 0, 0),
(940, 1205, 0, 0, 0, 0, 0, 0, 0, 0, 0, 0, 0, 0, 0, 0, 0, 0, 0, 0, 0, 0, 0, 0, 0, 0, 0, 0, 0, 0, 0, 0, 0, 0, 0),
(941, 1206, 1, 1, 0, 0, 0, 0, 0, 0, 0, 0, 0, 0, 0, 1, 0, 0, 0, 0, 1, 0, 0, 0, 0, 0, 0, 0, 0, 0, 0, 0, 0, 0, 0),
(942, 1207, 130, 0, 0, 0, 0, 0, 0, 0, 0, 0, 0, 0, 0, 0, 0, 26, 0, 0, 18, 0, 0, 0, 0, 0, 0, 0, 0, 0, 0, 0, 0, 0, 0),
(943, 1208, 37, 0, 0, 0, 0, 0, 0, 0, 0, 0, 0, 0, 0, 0, 0, 0, 0, 0, 19, 0, 0, 0, 0, 0, 0, 0, 0, 0, 0, 0, 0, 0, 0),
(944, 1209, 31, 0, 0, 0, 0, 0, 0, 0, 0, 0, 0, 0, 0, 0, 0, 0, 0, 0, 12, 0, 0, 0, 0, 0, 0, 0, 0, 0, 0, 0, 0, 0, 0),
(945, 1210, 26, 0, 0, 0, 0, 0, 0, 0, 0, 0, 0, 0, 0, 0, 0, 0, 0, 0, 7, 0, 0, 0, 0, 0, 0, 0, 0, 0, 0, 0, 0, 0, 0),
(946, 1211, 0, 0, 0, 0, 0, 0, 0, 0, 0, 0, 0, 0, 0, 0, 0, 0, 0, 0, 0, 0, 0, 0, 0, 0, 0, 0, 0, 0, 0, 0, 0, 0, 0),
(947, 1212, 57, 1, 0, 0, 0, 0, 0, 0, 0, 0, 0, 0, 0, 1, 0, 6, 0, 0, 14, 0, 0, 0, 0, 0, 0, 0, 0, 0, 0, 0, 0, 0, 0),
(948, 1213, 25, 1, 2, 0, 0, 0, 0, 0, 0, 0, 0, 0, 0, 1, 0, 12, 0, 1, 1, 0, 1, 0, 0, 0, 0, 0, 0, 0, 0, 0, 0, 0, 0),
(949, 1214, 64, 1, 0, 0, 0, 0, 0, 0, 0, 0, 0, 0, 12, 1, 0, 7, 0, 0, 32, 0, 0, 0, 0, 0, 0, 0, 0, 0, 0, 0, 0, 0, 0),
(950, 1215, 0, 0, 1, 0, 0, 0, 0, 0, 0, 0, 0, 0, 0, 0, 0, 0, 0, 1, 0, 0, 0, 0, 0, 0, 0, 0, 0, 0, 0, 0, 0, 0, 0),
(951, 1216, 12, 2, 0, 0, 0, 0, 0, 0, 0, 0, 0, 0, 0, 1, 1, 0, 0, 0, 0, 0, 2, 0, 0, 0, 0, 0, 0, 0, 0, 0, 0, 0, 0),
(952, 1217, 32, 1, 0, 0, 0, 0, 0, 0, 0, 0, 0, 0, 0, 1, 0, 19, 0, 0, 13, 0, 0, 0, 0, 0, 0, 0, 0, 0, 0, 0, 0, 0, 0),
(953, 1218, 10, 0, 0, 0, 0, 0, 0, 0, 0, 0, 0, 0, 0, 0, 0, 10, 0, 0, 0, 0, 0, 0, 0, 0, 0, 0, 0, 0, 0, 0, 0, 0, 0),
(954, 1219, 11, 0, 0, 0, 0, 0, 0, 0, 0, 0, 0, 0, 0, 0, 0, 11, 0, 0, 0, 0, 0, 0, 0, 0, 0, 0, 0, 0, 0, 0, 0, 0, 0),
(955, 1220, 9, 3, 1, 0, 0, 0, 0, 0, 0, 0, 0, 0, 1, 0, 0, 8, 2, 0, 0, 1, 0, 0, 0, 0, 0, 0, 0, 0, 0, 0, 0, 0, 0),
(956, 1221, 10, 0, 0, 0, 0, 0, 0, 0, 0, 0, 0, 0, 0, 0, 0, 3, 0, 0, 0, 0, 0, 0, 0, 0, 0, 0, 0, 0, 0, 0, 0, 0, 0),
(957, 1222, 14, 2, 0, 0, 0, 0, 0, 0, 0, 0, 0, 0, 1, 0, 0, 13, 1, 2, 0, 0, 0, 0, 0, 0, 0, 0, 0, 0, 0, 0, 0, 0, 0),
(958, 1223, 0, 0, 0, 0, 0, 0, 0, 0, 0, 0, 0, 0, 0, 0, 0, 0, 0, 0, 0, 0, 0, 0, 0, 0, 0, 0, 0, 0, 0, 0, 0, 0, 0),
(959, 1224, 1, 0, 1, 0, 0, 0, 0, 0, 0, 0, 0, 0, 0, 0, 0, 1, 0, 0, 0, 0, 0, 0, 0, 0, 0, 0, 0, 0, 0, 0, 0, 0, 0),
(960, 1225, 3, 0, 0, 0, 0, 0, 0, 0, 0, 0, 0, 0, 0, 0, 0, 0, 0, 0, 0, 0, 0, 0, 0, 0, 0, 0, 0, 0, 0, 0, 0, 0, 0),
(961, 1226, 14, 1, 1, 0, 0, 0, 0, 0, 0, 0, 0, 0, 0, 0, 0, 11, 1, 0, 3, 0, 1, 0, 0, 0, 0, 0, 0, 0, 0, 0, 0, 0, 0),
(962, 1227, 15, 1, 0, 0, 0, 0, 0, 0, 0, 0, 0, 0, 9, 0, 0, 0, 0, 0, 5, 0, 0, 0, 0, 0, 0, 0, 0, 0, 0, 0, 0, 0, 0),
(963, 1228, 16, 0, 0, 0, 0, 0, 0, 0, 0, 0, 0, 0, 0, 0, 0, 15, 0, 0, 1, 0, 0, 0, 0, 0, 0, 0, 0, 0, 0, 0, 0, 0, 0),
(964, 1229, 2, 3, 0, 0, 0, 0, 0, 0, 0, 0, 0, 0, 0, 2, 0, 1, 0, 2, 0, 0, 0, 0, 0, 0, 0, 0, 0, 0, 0, 0, 0, 0, 0),
(965, 1230, 1, 0, 0, 0, 0, 0, 0, 0, 0, 0, 0, 0, 0, 0, 0, 1, 0, 0, 0, 0, 0, 0, 0, 0, 0, 0, 0, 0, 0, 0, 0, 0, 0),
(966, 1231, 12, 3, 1, 0, 0, 0, 0, 0, 0, 0, 0, 0, 1, 0, 1, 11, 1, 1, 0, 0, 2, 0, 0, 0, 0, 0, 0, 0, 0, 0, 0, 0, 0),
(967, 1232, 3, 0, 0, 0, 0, 0, 0, 0, 0, 0, 0, 0, 0, 0, 0, 3, 0, 0, 0, 0, 0, 0, 0, 0, 0, 0, 0, 0, 0, 0, 0, 0, 0),
(968, 1233, 9, 0, 0, 0, 0, 0, 0, 0, 0, 0, 0, 0, 0, 0, 0, 0, 0, 0, 1, 0, 0, 0, 0, 0, 0, 0, 0, 0, 0, 0, 0, 0, 0),
(969, 1234, 6, 0, 0, 0, 0, 0, 0, 0, 0, 0, 0, 0, 0, 0, 0, 0, 0, 0, 6, 0, 0, 0, 0, 0, 0, 0, 0, 0, 0, 0, 0, 0, 0),
(970, 1235, 16, 0, 0, 0, 0, 0, 0, 0, 0, 0, 0, 0, 0, 0, 0, 16, 0, 0, 0, 0, 0, 0, 0, 0, 0, 0, 0, 0, 0, 0, 0, 0, 0),
(971, 1236, 15, 2, 0, 0, 0, 0, 0, 0, 0, 0, 0, 0, 0, 1, 0, 15, 0, 0, 0, 1, 0, 0, 0, 0, 0, 0, 0, 0, 0, 0, 0, 0, 0),
(972, 1237, 0, 3, 0, 0, 0, 0, 0, 0, 0, 0, 0, 0, 0, 0, 0, 0, 1, 0, 0, 1, 0, 0, 0, 0, 0, 0, 0, 0, 0, 0, 0, 0, 0),
(973, 1238, 3, 0, 0, 0, 0, 0, 0, 0, 0, 0, 0, 0, 0, 0, 0, 0, 0, 0, 3, 0, 0, 0, 0, 0, 0, 0, 0, 0, 0, 0, 0, 0, 0),
(974, 1239, 1, 0, 0, 0, 0, 0, 0, 0, 0, 0, 0, 0, 0, 0, 0, 1, 0, 0, 0, 0, 0, 0, 0, 0, 0, 0, 0, 0, 0, 0, 0, 0, 0),
(975, 1240, 28, 3, 0, 0, 0, 0, 0, 0, 0, 0, 0, 0, 3, 0, 1, 9, 2, 1, 2, 0, 1, 0, 0, 0, 0, 0, 0, 0, 0, 0, 0, 0, 0),
(976, 1241, 9, 1, 0, 0, 0, 0, 0, 0, 0, 0, 0, 0, 1, 1, 0, 2, 0, 0, 6, 0, 0, 0, 0, 0, 0, 0, 0, 0, 0, 0, 0, 0, 0),
(977, 1242, 12, 1, 0, 0, 0, 0, 0, 0, 0, 0, 0, 0, 0, 0, 0, 9, 0, 0, 0, 1, 0, 0, 0, 0, 0, 0, 0, 0, 0, 0, 0, 0, 0),
(978, 1243, 0, 0, 0, 0, 0, 0, 0, 0, 0, 0, 0, 0, 0, 0, 0, 0, 0, 0, 0, 0, 0, 0, 0, 0, 0, 0, 0, 0, 0, 0, 0, 0, 0),
(979, 1244, 1, 4, 1, 0, 0, 0, 0, 0, 0, 0, 0, 0, 0, 2, 0, 0, 0, 1, 1, 1, 1, 0, 0, 0, 0, 0, 0, 0, 0, 0, 0, 0, 0),
(980, 1245, 20, 0, 0, 0, 0, 0, 0, 0, 0, 0, 0, 0, 0, 0, 0, 0, 0, 0, 18, 0, 0, 0, 0, 0, 0, 0, 0, 0, 0, 0, 0, 0, 0),
(981, 1246, 55, 0, 2, 0, 0, 0, 0, 0, 0, 0, 0, 0, 0, 0, 0, 19, 0, 1, 18, 0, 0, 0, 0, 0, 0, 0, 0, 0, 0, 0, 0, 0, 0),
(982, 1247, 62, 1, 0, 0, 0, 0, 0, 0, 0, 0, 0, 0, 6, 1, 0, 25, 0, 0, 31, 0, 0, 0, 0, 0, 0, 0, 0, 0, 0, 0, 0, 0, 0),
(983, 1248, 0, 0, 0, 0, 0, 0, 0, 0, 0, 0, 0, 0, 0, 0, 0, 0, 0, 0, 0, 0, 0, 0, 0, 0, 0, 0, 0, 0, 0, 0, 0, 0, 0),
(984, 1249, 0, 0, 1, 0, 0, 0, 0, 0, 0, 0, 0, 0, 0, 0, 0, 0, 0, 0, 0, 0, 0, 0, 0, 0, 0, 0, 0, 0, 0, 0, 0, 0, 0),
(985, 1250, 31, 0, 0, 0, 0, 0, 0, 0, 0, 0, 0, 0, 0, 0, 0, 7, 0, 0, 24, 0, 0, 0, 0, 0, 0, 0, 0, 0, 0, 0, 0, 0, 0),
(986, 1251, 24, 0, 0, 0, 0, 0, 0, 0, 0, 0, 0, 0, 0, 0, 0, 12, 0, 0, 6, 0, 0, 0, 0, 0, 0, 0, 0, 0, 0, 0, 0, 0, 0),
(987, 1252, 12, 1, 1, 0, 0, 0, 0, 0, 0, 0, 0, 0, 12, 0, 0, 0, 0, 0, 0, 0, 0, 0, 0, 0, 0, 0, 0, 0, 0, 0, 0, 0, 0),
(988, 1253, 14, 0, 0, 0, 0, 0, 0, 0, 0, 0, 0, 0, 0, 0, 0, 12, 0, 0, 0, 0, 0, 0, 0, 0, 0, 0, 0, 0, 0, 0, 0, 0, 0),
(989, 1254, 57, 0, 0, 0, 0, 0, 0, 0, 0, 0, 0, 0, 0, 0, 0, 33, 0, 0, 0, 0, 0, 0, 0, 0, 0, 0, 0, 0, 0, 0, 0, 0, 0),
(990, 1255, 0, 1, 1, 0, 0, 0, 0, 0, 0, 0, 0, 0, 0, 0, 0, 0, 0, 0, 0, 0, 0, 0, 0, 0, 0, 0, 0, 0, 0, 0, 0, 0, 0),
(991, 1256, 0, 1, 2, 0, 0, 0, 0, 0, 0, 0, 0, 0, 0, 0, 0, 0, 0, 2, 0, 0, 0, 0, 0, 0, 0, 0, 0, 0, 0, 0, 0, 0, 0),
(992, 1257, 0, 0, 0, 0, 0, 0, 0, 0, 0, 0, 0, 0, 0, 0, 0, 0, 0, 0, 0, 0, 0, 0, 0, 0, 0, 0, 0, 0, 0, 0, 0, 0, 0),
(993, 1258, 19, 0, 0, 0, 0, 0, 0, 0, 0, 0, 0, 0, 0, 0, 0, 0, 0, 0, 0, 0, 0, 0, 0, 0, 0, 0, 0, 0, 0, 0, 0, 0, 0),
(994, 1259, 21, 1, 1, 0, 0, 0, 0, 0, 0, 0, 0, 0, 9, 0, 0, 0, 1, 0, 0, 0, 0, 0, 0, 0, 0, 0, 0, 0, 0, 0, 0, 0, 0),
(995, 1260, 0, 1, 1, 0, 0, 0, 0, 0, 0, 0, 0, 0, 0, 0, 0, 0, 1, 0, 0, 0, 0, 0, 0, 0, 0, 0, 0, 0, 0, 0, 0, 0, 0),
(996, 1261, 0, 0, 0, 0, 0, 0, 0, 0, 0, 0, 0, 0, 0, 0, 0, 0, 0, 0, 0, 0, 0, 0, 0, 0, 0, 0, 0, 0, 0, 0, 0, 0, 0),
(997, 1262, 19, 1, 0, 0, 0, 0, 0, 0, 0, 0, 0, 0, 0, 0, 0, 0, 0, 2, 0, 0, 0, 0, 0, 0, 0, 0, 0, 0, 0, 0, 0, 0, 0),
(998, 1263, 0, 0, 0, 0, 0, 0, 0, 0, 0, 0, 0, 0, 0, 0, 0, 0, 0, 0, 0, 0, 0, 0, 0, 0, 0, 0, 0, 0, 0, 0, 0, 0, 0),
(999, 1264, 0, 0, 0, 0, 0, 0, 0, 0, 0, 0, 0, 0, 0, 0, 0, 0, 0, 0, 0, 0, 0, 0, 0, 0, 0, 0, 0, 0, 0, 0, 0, 0, 0),
(1000, 1265, 36, 0, 1, 0, 0, 0, 0, 0, 0, 0, 0, 0, 0, 0, 0, 30, 0, 1, 0, 0, 0, 0, 0, 0, 0, 0, 0, 0, 0, 0, 0, 0, 0),
(1001, 1266, 21, 1, 0, 0, 0, 0, 0, 0, 0, 0, 0, 0, 0, 0, 0, 7, 0, 0, 7, 0, 0, 0, 0, 0, 0, 0, 0, 0, 0, 0, 0, 0, 0),
(1002, 1267, 44, 0, 2, 0, 0, 0, 0, 0, 0, 0, 0, 0, 0, 0, 1, 0, 0, 1, 0, 0, 0, 0, 0, 0, 0, 0, 0, 0, 0, 0, 0, 0, 0),
(1003, 1268, 29, 0, 0, 0, 0, 0, 0, 0, 0, 0, 0, 0, 0, 0, 0, 0, 0, 0, 0, 0, 0, 0, 0, 0, 0, 0, 0, 0, 0, 0, 0, 0, 0),
(1004, 1269, 71, 0, 0, 0, 0, 0, 0, 0, 0, 0, 0, 0, 12, 0, 0, 7, 0, 0, 31, 0, 0, 0, 0, 0, 0, 0, 0, 0, 0, 0, 0, 0, 0),
(1005, 1270, 7, 0, 0, 0, 0, 0, 0, 0, 0, 0, 0, 0, 0, 0, 0, 0, 0, 0, 7, 0, 0, 0, 0, 0, 0, 0, 0, 0, 0, 0, 0, 0, 0),
(1006, 1271, 0, 0, 0, 0, 0, 0, 0, 0, 0, 0, 0, 0, 0, 0, 0, 0, 0, 0, 0, 0, 0, 0, 0, 0, 0, 0, 0, 0, 0, 0, 0, 0, 0),
(1007, 1272, 103, 0, 1, 0, 0, 0, 0, 0, 0, 0, 0, 0, 54, 0, 0, 31, 0, 0, 0, 0, 0, 0, 0, 0, 0, 0, 0, 0, 0, 0, 0, 0, 0),
(1008, 1273, 1, 0, 2, 0, 0, 0, 0, 0, 0, 0, 0, 0, 1, 0, 1, 0, 0, 0, 0, 0, 1, 0, 0, 0, 0, 0, 0, 0, 0, 0, 0, 0, 0),
(1009, 1274, 13, 0, 0, 0, 0, 0, 0, 0, 0, 0, 0, 0, 0, 0, 0, 13, 0, 0, 0, 0, 0, 0, 0, 0, 0, 0, 0, 0, 0, 0, 0, 0, 0),
(1010, 1275, 33, 1, 0, 0, 0, 0, 0, 0, 0, 0, 0, 0, 12, 1, 0, 19, 0, 0, 2, 0, 0, 0, 0, 0, 0, 0, 0, 0, 0, 0, 0, 0, 0),
(1011, 1276, 6, 0, 0, 0, 0, 0, 0, 0, 0, 0, 0, 0, 0, 0, 0, 6, 0, 0, 0, 0, 0, 0, 0, 0, 0, 0, 0, 0, 0, 0, 0, 0, 0),
(1012, 1277, 72, 2, 1, 0, 0, 0, 0, 0, 0, 0, 0, 0, 47, 1, 1, 22, 0, 0, 3, 1, 0, 0, 0, 0, 0, 0, 0, 0, 0, 0, 0, 0, 0),
(1013, 1278, 34, 0, 0, 0, 0, 0, 0, 0, 0, 0, 0, 0, 0, 0, 0, 16, 0, 0, 18, 0, 0, 0, 0, 0, 0, 0, 0, 0, 0, 0, 0, 0, 0),
(1014, 1279, 0, 0, 1, 0, 0, 0, 0, 0, 0, 0, 0, 0, 0, 0, 1, 0, 0, 0, 0, 0, 0, 0, 0, 0, 0, 0, 0, 0, 0, 0, 0, 0, 0),
(1015, 1280, 12, 0, 0, 0, 0, 0, 0, 0, 0, 0, 0, 0, 0, 0, 0, 12, 0, 0, 0, 0, 0, 0, 0, 0, 0, 0, 0, 0, 0, 0, 0, 0, 0),
(1016, 1281, 0, 0, 0, 0, 0, 0, 0, 0, 0, 0, 0, 0, 0, 0, 0, 0, 0, 0, 0, 0, 0, 0, 0, 0, 0, 0, 0, 0, 0, 0, 0, 0, 0),
(1017, 1282, 7, 0, 0, 0, 0, 0, 0, 0, 0, 0, 0, 0, 0, 0, 0, 7, 0, 0, 0, 0, 0, 0, 0, 0, 0, 0, 0, 0, 0, 0, 0, 0, 0),
(1018, 1283, 119, 0, 0, 0, 0, 0, 0, 0, 0, 0, 0, 0, 0, 0, 0, 87, 0, 0, 32, 0, 0, 0, 0, 0, 0, 0, 0, 0, 0, 0, 0, 0, 0),
(1019, 1284, 6, 0, 2, 0, 0, 0, 0, 0, 0, 0, 0, 0, 0, 0, 1, 0, 0, 0, 6, 0, 1, 0, 0, 0, 0, 0, 0, 0, 0, 0, 0, 0, 0),
(1020, 1285, 0, 0, 0, 0, 0, 0, 0, 0, 0, 0, 0, 0, 0, 0, 0, 0, 0, 0, 0, 0, 0, 0, 0, 0, 0, 0, 0, 0, 0, 0, 0, 0, 0),
(1021, 1286, 0, 0, 0, 0, 0, 0, 0, 0, 0, 0, 0, 0, 0, 0, 0, 0, 0, 0, 0, 0, 0, 0, 0, 0, 0, 0, 0, 0, 0, 0, 0, 0, 0),
(1022, 1287, 35, 0, 0, 0, 0, 0, 0, 0, 0, 0, 0, 0, 0, 0, 0, 35, 0, 0, 0, 0, 0, 0, 0, 0, 0, 0, 0, 0, 0, 0, 0, 0, 0),
(1023, 1288, 7, 0, 0, 0, 0, 0, 0, 0, 0, 0, 0, 0, 0, 0, 0, 7, 0, 0, 0, 0, 0, 0, 0, 0, 0, 0, 0, 0, 0, 0, 0, 0, 0),
(1024, 1289, 0, 0, 0, 0, 0, 0, 0, 0, 0, 0, 0, 0, 0, 0, 0, 0, 0, 0, 0, 0, 0, 0, 0, 0, 0, 0, 0, 0, 0, 0, 0, 0, 0),
(1025, 1290, 0, 0, 0, 0, 0, 0, 0, 0, 0, 0, 0, 0, 0, 0, 0, 0, 0, 0, 0, 0, 0, 0, 0, 0, 0, 0, 0, 0, 0, 0, 0, 0, 0),
(1026, 1291, 16, 0, 0, 0, 0, 0, 0, 0, 0, 0, 0, 0, 0, 0, 0, 16, 0, 0, 0, 0, 0, 0, 0, 0, 0, 0, 0, 0, 0, 0, 0, 0, 0),
(1027, 1292, 130, 1, 1, 0, 0, 0, 0, 0, 0, 0, 0, 0, 80, 1, 1, 32, 0, 0, 18, 0, 0, 0, 0, 0, 0, 0, 0, 0, 0, 0, 0, 0, 0),
(1028, 1293, 0, 0, 1, 0, 0, 0, 0, 0, 0, 0, 0, 0, 0, 0, 0, 0, 0, 1, 0, 0, 0, 0, 0, 0, 0, 0, 0, 0, 0, 0, 0, 0, 0),
(1029, 1294, 29, 1, 0, 0, 0, 0, 0, 0, 0, 0, 0, 0, 19, 1, 0, 10, 0, 0, 0, 0, 0, 0, 0, 0, 0, 0, 0, 0, 0, 0, 0, 0, 0),
(1030, 1295, 0, 0, 0, 0, 0, 0, 0, 0, 0, 0, 0, 0, 0, 0, 0, 0, 0, 0, 0, 0, 0, 0, 0, 0, 0, 0, 0, 0, 0, 0, 0, 0, 0),
(1031, 1296, 0, 0, 0, 0, 0, 0, 0, 0, 0, 0, 0, 0, 0, 0, 0, 0, 0, 0, 0, 0, 0, 0, 0, 0, 0, 0, 0, 0, 0, 0, 0, 0, 0),
(1032, 1297, 13, 0, 1, 0, 0, 0, 0, 0, 0, 0, 0, 0, 0, 0, 0, 13, 0, 1, 0, 0, 0, 0, 0, 0, 0, 0, 0, 0, 0, 0, 0, 0, 0),
(1033, 1298, 18, 0, 2, 0, 0, 0, 0, 0, 0, 0, 0, 0, 18, 0, 1, 0, 0, 0, 0, 0, 1, 0, 0, 0, 0, 0, 0, 0, 0, 0, 0, 0, 0),
(1034, 1299, 0, 0, 0, 0, 0, 0, 0, 0, 0, 0, 0, 0, 0, 0, 0, 0, 0, 0, 0, 0, 0, 0, 0, 0, 0, 0, 0, 0, 0, 0, 0, 0, 0),
(1035, 1300, 19, 0, 0, 0, 0, 0, 0, 0, 0, 0, 0, 0, 0, 0, 0, 7, 0, 0, 6, 0, 0, 0, 0, 0, 0, 0, 0, 0, 0, 0, 0, 0, 0),
(1036, 1301, 37, 0, 0, 0, 0, 0, 0, 0, 0, 0, 0, 0, 18, 0, 0, 1, 0, 0, 6, 0, 0, 0, 0, 0, 0, 0, 0, 0, 0, 0, 0, 0, 0),
(1037, 1302, 25, 0, 0, 0, 0, 0, 0, 0, 0, 0, 0, 0, 0, 0, 0, 0, 0, 0, 2, 0, 0, 0, 0, 0, 0, 0, 0, 0, 0, 0, 0, 0, 0),
(1038, 1303, 7, 0, 0, 0, 0, 0, 0, 0, 0, 0, 0, 0, 7, 0, 0, 0, 0, 0, 0, 0, 0, 0, 0, 0, 0, 0, 0, 0, 0, 0, 0, 0, 0),
(1039, 1304, 7, 0, 0, 0, 0, 0, 0, 0, 0, 0, 0, 0, 0, 0, 0, 0, 0, 0, 0, 0, 0, 0, 0, 0, 0, 0, 0, 0, 0, 0, 0, 0, 0),
(1040, 1305, 17, 0, 0, 0, 0, 0, 0, 0, 0, 0, 0, 0, 0, 0, 0, 0, 0, 0, 17, 0, 0, 0, 0, 0, 0, 0, 0, 0, 0, 0, 0, 0, 0),
(1041, 1306, 0, 0, 0, 0, 0, 0, 0, 0, 0, 0, 0, 0, 0, 0, 0, 0, 0, 0, 0, 0, 0, 0, 0, 0, 0, 0, 0, 0, 0, 0, 0, 0, 0),
(1042, 1307, 0, 0, 0, 0, 0, 0, 0, 0, 0, 0, 0, 0, 0, 0, 0, 0, 0, 0, 0, 0, 0, 0, 0, 0, 0, 0, 0, 0, 0, 0, 0, 0, 0),
(1043, 1308, 0, 0, 0, 0, 0, 0, 0, 0, 0, 0, 0, 0, 0, 0, 0, 0, 0, 0, 0, 0, 0, 0, 0, 0, 0, 0, 0, 0, 0, 0, 0, 0, 0),
(1044, 1309, 0, 0, 0, 0, 0, 0, 0, 0, 0, 0, 0, 0, 0, 0, 0, 0, 0, 0, 0, 0, 0, 0, 0, 0, 0, 0, 0, 0, 0, 0, 0, 0, 0),
(1045, 1310, 18, 0, 0, 0, 0, 0, 0, 0, 0, 0, 0, 0, 0, 0, 0, 0, 0, 0, 0, 0, 0, 0, 0, 0, 0, 0, 0, 0, 0, 0, 0, 0, 0),
(1046, 1311, 57, 0, 0, 0, 0, 0, 0, 0, 0, 0, 0, 0, 0, 0, 0, 0, 0, 0, 21, 0, 0, 0, 0, 0, 0, 0, 0, 0, 0, 0, 0, 0, 0),
(1047, 1312, 0, 0, 0, 0, 0, 0, 0, 0, 0, 0, 0, 0, 0, 0, 0, 0, 0, 0, 0, 0, 0, 0, 0, 0, 0, 0, 0, 0, 0, 0, 0, 0, 0),
(1048, 1313, 6, 0, 0, 0, 0, 0, 0, 0, 0, 0, 0, 0, 0, 0, 0, 0, 0, 0, 6, 0, 0, 0, 0, 0, 0, 0, 0, 0, 0, 0, 0, 0, 0),
(1049, 1314, 31, 0, 0, 0, 0, 0, 0, 0, 0, 0, 0, 0, 6, 0, 0, 0, 0, 0, 7, 0, 0, 0, 0, 0, 0, 0, 0, 0, 0, 0, 0, 0, 0),
(1050, 1315, 70, 0, 0, 0, 0, 0, 0, 0, 0, 0, 0, 0, 0, 0, 0, 7, 0, 0, 34, 0, 0, 0, 0, 0, 0, 0, 0, 0, 0, 0, 0, 0, 0),
(1051, 1316, 42, 0, 0, 0, 0, 0, 0, 0, 0, 0, 0, 0, 0, 0, 0, 18, 0, 0, 13, 0, 0, 0, 0, 0, 0, 0, 0, 0, 0, 0, 0, 0, 0),
(1052, 1317, 113, 0, 0, 0, 0, 0, 0, 0, 0, 0, 0, 0, 0, 0, 0, 44, 0, 0, 45, 0, 0, 0, 0, 0, 0, 0, 0, 0, 0, 0, 0, 0, 0),
(1053, 1318, 77, 0, 0, 0, 0, 0, 0, 0, 0, 0, 0, 0, 44, 0, 0, 7, 0, 0, 20, 0, 0, 0, 0, 0, 0, 0, 0, 0, 0, 0, 0, 0, 0),
(1054, 1319, 6, 0, 0, 0, 0, 0, 0, 0, 0, 0, 0, 0, 0, 0, 0, 1, 0, 0, 0, 0, 0, 0, 0, 0, 0, 0, 0, 0, 0, 0, 0, 0, 0),
(1055, 1320, 52, 0, 0, 0, 0, 0, 0, 0, 0, 0, 0, 0, 0, 0, 0, 19, 0, 0, 27, 0, 0, 0, 0, 0, 0, 0, 0, 0, 0, 0, 0, 0, 0),
(1056, 1321, 26, 0, 0, 0, 0, 0, 0, 0, 0, 0, 0, 0, 19, 0, 0, 6, 0, 0, 0, 0, 0, 0, 0, 0, 0, 0, 0, 0, 0, 0, 0, 0, 0),
(1057, 1322, 94, 0, 0, 0, 0, 0, 0, 0, 0, 0, 0, 0, 0, 0, 0, 12, 0, 0, 14, 0, 0, 0, 0, 0, 0, 0, 0, 0, 0, 0, 0, 0, 0),
(1058, 1323, 0, 0, 0, 0, 0, 0, 0, 0, 0, 0, 0, 0, 0, 0, 0, 0, 0, 0, 0, 0, 0, 0, 0, 0, 0, 0, 0, 0, 0, 0, 0, 0, 0),
(1059, 1324, 68, 0, 0, 0, 0, 0, 0, 0, 0, 0, 0, 0, 30, 0, 0, 6, 0, 0, 12, 0, 0, 0, 0, 0, 0, 0, 0, 0, 0, 0, 0, 0, 0),
(1060, 1325, 0, 0, 0, 0, 0, 0, 0, 0, 0, 0, 0, 0, 0, 0, 0, 0, 0, 0, 0, 0, 0, 0, 0, 0, 0, 0, 0, 0, 0, 0, 0, 0, 0),
(1061, 1326, 1, 0, 0, 0, 0, 0, 0, 0, 0, 0, 0, 0, 0, 0, 0, 0, 0, 0, 0, 0, 0, 0, 0, 0, 0, 0, 0, 0, 0, 0, 0, 0, 0),
(1062, 1327, 0, 0, 1, 0, 0, 0, 0, 0, 0, 0, 0, 0, 0, 0, 0, 0, 0, 1, 0, 0, 1, 0, 0, 0, 0, 0, 0, 0, 0, 0, 0, 0, 0),
(1063, 1328, 19, 0, 1, 0, 0, 0, 0, 0, 0, 0, 0, 0, 0, 0, 0, 6, 0, 0, 13, 0, 0, 0, 0, 0, 0, 0, 0, 0, 0, 0, 0, 0, 0),
(1064, 1329, 0, 0, 0, 0, 0, 0, 0, 0, 0, 0, 0, 0, 0, 0, 0, 0, 0, 0, 0, 0, 0, 0, 0, 0, 0, 0, 0, 0, 0, 0, 0, 0, 0),
(1065, 1330, 45, 0, 0, 0, 0, 0, 0, 0, 0, 0, 0, 0, 13, 0, 0, 0, 0, 0, 25, 0, 0, 0, 0, 0, 0, 0, 0, 0, 0, 0, 0, 0, 0),
(1066, 1331, 21, 0, 0, 0, 0, 0, 0, 0, 0, 0, 0, 0, 0, 0, 0, 0, 0, 0, 21, 0, 0, 0, 0, 0, 0, 0, 0, 0, 0, 0, 0, 0, 0),
(1067, 1332, 107, 0, 0, 0, 0, 0, 0, 0, 0, 0, 0, 0, 0, 0, 0, 42, 0, 0, 15, 0, 0, 0, 0, 0, 0, 0, 0, 0, 0, 0, 0, 0, 0),
(1068, 1333, 28, 0, 0, 0, 0, 0, 0, 0, 0, 0, 0, 0, 0, 0, 0, 0, 0, 0, 28, 0, 0, 0, 0, 0, 0, 0, 0, 0, 0, 0, 0, 0, 0),
(1069, 1334, 7, 0, 0, 0, 0, 0, 0, 0, 0, 0, 0, 0, 0, 0, 0, 0, 0, 0, 0, 0, 0, 0, 0, 0, 0, 0, 0, 0, 0, 0, 0, 0, 0),
(1070, 1335, 10, 0, 0, 0, 0, 0, 0, 0, 0, 0, 0, 0, 0, 0, 0, 0, 0, 0, 9, 0, 0, 0, 0, 0, 0, 0, 0, 0, 0, 0, 0, 0, 0),
(1071, 1336, 0, 0, 1, 0, 0, 0, 0, 0, 0, 0, 0, 0, 0, 0, 0, 0, 0, 0, 0, 0, 0, 0, 0, 0, 0, 0, 0, 0, 0, 0, 0, 0, 0),
(1072, 1337, 6, 0, 0, 0, 0, 0, 0, 0, 0, 0, 0, 0, 0, 0, 0, 0, 0, 0, 0, 0, 0, 0, 0, 0, 0, 0, 0, 0, 0, 0, 0, 0, 0),
(1073, 1338, 18, 0, 1, 0, 0, 0, 0, 0, 0, 0, 0, 0, 18, 0, 0, 0, 0, 0, 0, 0, 0, 0, 0, 0, 0, 0, 0, 0, 0, 0, 0, 0, 0),
(1074, 1339, 0, 0, 0, 0, 0, 0, 0, 0, 0, 0, 0, 0, 0, 0, 0, 0, 0, 0, 0, 0, 0, 0, 0, 0, 0, 0, 0, 0, 0, 0, 0, 0, 0),
(1075, 1340, 0, 0, 0, 0, 0, 0, 0, 0, 0, 0, 0, 0, 0, 0, 0, 0, 0, 0, 0, 0, 0, 0, 0, 0, 0, 0, 0, 0, 0, 0, 0, 0, 0),
(1076, 1341, 0, 0, 0, 0, 0, 0, 0, 0, 0, 0, 0, 0, 0, 0, 0, 0, 0, 0, 0, 0, 0, 0, 0, 0, 0, 0, 0, 0, 0, 0, 0, 0, 0),
(1077, 1342, 0, 0, 0, 0, 0, 0, 0, 0, 0, 0, 0, 0, 0, 0, 0, 0, 0, 0, 0, 0, 0, 0, 0, 0, 0, 0, 0, 0, 0, 0, 0, 0, 0),
(1078, 1343, 0, 0, 0, 0, 0, 0, 0, 0, 0, 0, 0, 0, 0, 0, 0, 0, 0, 0, 0, 0, 0, 0, 0, 0, 0, 0, 0, 0, 0, 0, 0, 0, 0),
(1079, 1344, 0, 0, 0, 0, 0, 0, 0, 0, 0, 0, 0, 0, 0, 0, 0, 0, 0, 0, 0, 0, 0, 0, 0, 0, 0, 0, 0, 0, 0, 0, 0, 0, 0),
(1080, 1345, 9, 0, 1, 0, 0, 0, 0, 0, 0, 0, 0, 0, 0, 0, 0, 6, 0, 0, 3, 0, 0, 0, 0, 0, 0, 0, 0, 0, 0, 0, 0, 0, 0),
(1081, 1346, 0, 0, 1, 0, 0, 0, 0, 0, 0, 0, 0, 0, 0, 0, 0, 0, 0, 0, 0, 0, 0, 0, 0, 0, 0, 0, 0, 0, 0, 0, 0, 0, 0),
(1082, 1347, 106, 1, 0, 0, 0, 0, 0, 0, 0, 0, 0, 0, 19, 0, 0, 38, 0, 0, 49, 0, 0, 0, 0, 0, 0, 0, 0, 0, 0, 0, 0, 0, 0),
(1083, 1348, 6, 0, 0, 0, 0, 0, 0, 0, 0, 0, 0, 0, 0, 0, 0, 0, 0, 0, 6, 0, 0, 0, 0, 0, 0, 0, 0, 0, 0, 0, 0, 0, 0),
(1084, 1349, 19, 0, 0, 0, 0, 0, 0, 0, 0, 0, 0, 0, 0, 0, 0, 3, 0, 0, 0, 0, 0, 0, 0, 0, 0, 0, 0, 0, 0, 0, 0, 0, 0),
(1085, 1350, 1, 0, 0, 0, 0, 0, 0, 0, 0, 0, 0, 0, 0, 0, 0, 0, 0, 0, 0, 0, 0, 0, 0, 0, 0, 0, 0, 0, 0, 0, 0, 0, 0),
(1086, 1351, 10, 0, 0, 0, 0, 0, 0, 0, 0, 0, 0, 0, 0, 0, 0, 3, 0, 0, 5, 0, 0, 0, 0, 0, 0, 0, 0, 0, 0, 0, 0, 0, 0),
(1087, 1352, 1, 0, 0, 0, 0, 0, 0, 0, 0, 0, 0, 0, 0, 0, 0, 0, 0, 0, 1, 0, 0, 0, 0, 0, 0, 0, 0, 0, 0, 0, 0, 0, 0),
(1088, 1353, 2, 0, 0, 0, 0, 0, 0, 0, 0, 0, 0, 0, 0, 0, 0, 2, 0, 0, 0, 0, 0, 0, 0, 0, 0, 0, 0, 0, 0, 0, 0, 0, 0),
(1089, 1354, 14, 0, 0, 0, 0, 0, 0, 0, 0, 0, 0, 0, 0, 0, 0, 1, 0, 0, 11, 0, 0, 0, 0, 0, 0, 0, 0, 0, 0, 0, 0, 0, 0),
(1090, 1355, 40, 0, 0, 0, 0, 0, 0, 0, 0, 0, 0, 0, 0, 0, 0, 6, 0, 0, 29, 0, 0, 0, 0, 0, 0, 0, 0, 0, 0, 0, 0, 0, 0),
(1091, 1356, 24, 0, 0, 0, 0, 0, 0, 0, 0, 0, 0, 0, 0, 0, 0, 1, 0, 0, 18, 0, 0, 0, 0, 0, 0, 0, 0, 0, 0, 0, 0, 0, 0),
(1092, 1357, 9, 0, 0, 0, 0, 0, 0, 0, 0, 0, 0, 0, 3, 0, 0, 0, 0, 0, 6, 0, 0, 0, 0, 0, 0, 0, 0, 0, 0, 0, 0, 0, 0),
(1093, 1358, 56, 0, 0, 0, 0, 0, 0, 0, 0, 0, 0, 0, 0, 0, 0, 4, 0, 0, 15, 0, 0, 0, 0, 0, 0, 0, 0, 0, 0, 0, 0, 0, 0),
(1094, 1359, 0, 0, 0, 0, 0, 0, 0, 0, 0, 0, 0, 0, 0, 0, 0, 0, 0, 0, 0, 0, 0, 0, 0, 0, 0, 0, 0, 0, 0, 0, 0, 0, 0),
(1095, 1360, 15, 0, 0, 0, 0, 0, 0, 0, 0, 0, 0, 0, 1, 0, 0, 0, 0, 0, 14, 0, 0, 0, 0, 0, 0, 0, 0, 0, 0, 0, 0, 0, 0),
(1096, 1361, 26, 0, 0, 0, 0, 0, 0, 0, 0, 0, 0, 0, 0, 0, 0, 7, 0, 0, 18, 0, 0, 0, 0, 0, 0, 0, 0, 0, 0, 0, 0, 0, 0),
(1097, 1362, 53, 0, 0, 0, 0, 0, 0, 0, 0, 0, 0, 0, 12, 0, 0, 6, 0, 0, 29, 0, 0, 0, 0, 0, 0, 0, 0, 0, 0, 0, 0, 0, 0),
(1098, 1363, 0, 0, 0, 0, 0, 0, 0, 0, 0, 0, 0, 0, 0, 0, 0, 0, 0, 0, 0, 0, 0, 0, 0, 0, 0, 0, 0, 0, 0, 0, 0, 0, 0),
(1099, 1364, 10, 0, 0, 0, 0, 0, 0, 0, 0, 0, 0, 0, 3, 0, 0, 0, 0, 0, 7, 0, 0, 0, 0, 0, 0, 0, 0, 0, 0, 0, 0, 0, 0),
(1100, 1365, 0, 0, 0, 0, 0, 0, 0, 0, 0, 0, 0, 0, 0, 0, 0, 0, 0, 0, 0, 0, 0, 0, 0, 0, 0, 0, 0, 0, 0, 0, 0, 0, 0),
(1101, 1366, 1, 0, 0, 0, 0, 0, 0, 0, 0, 0, 0, 0, 0, 0, 0, 1, 0, 0, 0, 0, 0, 0, 0, 0, 0, 0, 0, 0, 0, 0, 0, 0, 0),
(1102, 1367, 0, 0, 0, 0, 0, 0, 0, 0, 0, 0, 0, 0, 0, 0, 0, 0, 0, 0, 0, 0, 0, 0, 0, 0, 0, 0, 0, 0, 0, 0, 0, 0, 0),
(1103, 1368, 0, 0, 0, 0, 0, 0, 0, 0, 0, 0, 0, 0, 0, 0, 0, 0, 0, 0, 0, 0, 0, 0, 0, 0, 0, 0, 0, 0, 0, 0, 0, 0, 0),
(1104, 1369, 31, 0, 0, 0, 0, 0, 0, 0, 0, 0, 0, 0, 0, 0, 0, 2, 0, 0, 18, 0, 0, 0, 0, 0, 0, 0, 0, 0, 0, 0, 0, 0, 0),
(1105, 1370, 14, 0, 0, 0, 0, 0, 0, 0, 0, 0, 0, 0, 5, 0, 0, 0, 0, 0, 0, 0, 0, 0, 0, 0, 0, 0, 0, 0, 0, 0, 0, 0, 0),
(1106, 1371, 20, 0, 0, 0, 0, 0, 0, 0, 0, 0, 0, 0, 0, 0, 0, 1, 0, 0, 0, 0, 0, 0, 0, 0, 0, 0, 0, 0, 0, 0, 0, 0, 0),
(1107, 1372, 0, 0, 0, 0, 0, 0, 0, 0, 0, 0, 0, 0, 0, 0, 0, 0, 0, 0, 0, 0, 0, 0, 0, 0, 0, 0, 0, 0, 0, 0, 0, 0, 0),
(1108, 1373, 81, 0, 0, 0, 0, 0, 0, 0, 0, 0, 0, 0, 0, 0, 0, 24, 0, 0, 19, 0, 0, 0, 0, 0, 0, 0, 0, 0, 0, 0, 0, 0, 0),
(1109, 1374, 8, 0, 0, 0, 0, 0, 0, 0, 0, 0, 0, 0, 8, 0, 0, 0, 0, 0, 0, 0, 0, 0, 0, 0, 0, 0, 0, 0, 0, 0, 0, 0, 0),
(1110, 1375, 11, 0, 0, 0, 0, 0, 0, 0, 0, 0, 0, 0, 0, 0, 0, 0, 0, 0, 5, 0, 0, 0, 0, 0, 0, 0, 0, 0, 0, 0, 0, 0, 0),
(1111, 1376, 31, 0, 0, 0, 0, 0, 0, 0, 0, 0, 0, 0, 0, 0, 0, 0, 0, 0, 29, 0, 0, 0, 0, 0, 0, 0, 0, 0, 0, 0, 0, 0, 0),
(1112, 1377, 5, 0, 0, 0, 0, 0, 0, 0, 0, 0, 0, 0, 0, 0, 0, 0, 0, 0, 0, 0, 0, 0, 0, 0, 0, 0, 0, 0, 0, 0, 0, 0, 0),
(1113, 1378, 26, 0, 0, 0, 0, 0, 0, 0, 0, 0, 0, 0, 3, 0, 0, 6, 0, 0, 0, 0, 0, 0, 0, 0, 0, 0, 0, 0, 0, 0, 0, 0, 0),
(1114, 1379, 23, 0, 1, 0, 0, 0, 0, 0, 0, 0, 0, 0, 16, 0, 0, 0, 0, 0, 7, 0, 1, 0, 0, 0, 0, 0, 0, 0, 0, 0, 0, 0, 0),
(1115, 1380, 13, 1, 1, 0, 0, 0, 0, 0, 0, 0, 0, 0, 0, 0, 0, 1, 0, 1, 0, 1, 0, 0, 0, 0, 0, 0, 0, 0, 0, 0, 0, 0, 0),
(1116, 1381, 7, 0, 0, 0, 0, 0, 0, 0, 0, 0, 0, 0, 0, 0, 0, 0, 0, 0, 0, 0, 0, 0, 0, 0, 0, 0, 0, 0, 0, 0, 0, 0, 0),
(1117, 1382, 8, 0, 0, 0, 0, 0, 0, 0, 0, 0, 0, 0, 0, 0, 0, 2, 0, 0, 0, 0, 0, 0, 0, 0, 0, 0, 0, 0, 0, 0, 0, 0, 0),
(1118, 1383, 14, 0, 1, 0, 0, 0, 0, 0, 0, 0, 0, 0, 7, 0, 0, 1, 0, 1, 6, 0, 0, 0, 0, 0, 0, 0, 0, 0, 0, 0, 0, 0, 0),
(1119, 1384, 0, 1, 0, 0, 0, 0, 0, 0, 0, 0, 0, 0, 0, 0, 0, 0, 1, 0, 0, 0, 0, 0, 0, 0, 0, 0, 0, 0, 0, 0, 0, 0, 0),
(1120, 1385, 0, 0, 0, 0, 0, 0, 0, 0, 0, 0, 0, 0, 0, 0, 0, 0, 0, 0, 0, 0, 0, 0, 0, 0, 0, 0, 0, 0, 0, 0, 0, 0, 0),
(1121, 1386, 0, 0, 0, 0, 0, 0, 0, 0, 0, 0, 0, 0, 0, 0, 0, 0, 0, 0, 0, 0, 0, 0, 0, 0, 0, 0, 0, 0, 0, 0, 0, 0, 0),
(1122, 1387, 24, 1, 1, 0, 0, 0, 0, 0, 0, 0, 0, 0, 0, 0, 0, 3, 1, 0, 2, 0, 0, 0, 0, 0, 0, 0, 0, 0, 0, 0, 0, 0, 0),
(1123, 1388, 6, 0, 0, 0, 0, 0, 0, 0, 0, 0, 0, 0, 0, 0, 0, 6, 0, 0, 0, 0, 0, 0, 0, 0, 0, 0, 0, 0, 0, 0, 0, 0, 0),
(1124, 1389, 32, 0, 0, 0, 0, 0, 0, 0, 0, 0, 0, 0, 0, 0, 0, 13, 0, 0, 19, 0, 0, 0, 0, 0, 0, 0, 0, 0, 0, 0, 0, 0, 0),
(1125, 1390, 40, 0, 0, 0, 0, 0, 0, 0, 0, 0, 0, 0, 0, 0, 0, 18, 0, 0, 11, 0, 0, 0, 0, 0, 0, 0, 0, 0, 0, 0, 0, 0, 0),
(1126, 1391, 7, 0, 1, 0, 0, 0, 0, 0, 0, 0, 0, 0, 6, 0, 0, 1, 0, 0, 0, 0, 0, 0, 0, 0, 0, 0, 0, 0, 0, 0, 0, 0, 0),
(1127, 1392, 76, 2, 0, 0, 0, 0, 0, 0, 0, 0, 0, 0, 13, 1, 0, 5, 0, 1, 33, 0, 2, 0, 0, 0, 0, 0, 0, 0, 0, 0, 0, 0, 0),
(1128, 1393, 26, 0, 1, 0, 0, 0, 0, 0, 0, 0, 0, 0, 0, 0, 0, 24, 0, 0, 0, 0, 0, 0, 0, 0, 0, 0, 0, 0, 0, 0, 0, 0, 0),
(1129, 1394, 2, 3, 2, 0, 0, 0, 0, 0, 0, 0, 0, 0, 0, 1, 0, 1, 0, 2, 0, 1, 1, 0, 0, 0, 0, 0, 0, 0, 0, 0, 0, 0, 0),
(1130, 1395, 21, 2, 0, 0, 0, 0, 0, 0, 0, 0, 0, 0, 0, 0, 0, 1, 0, 0, 4, 2, 0, 0, 0, 0, 0, 0, 0, 0, 0, 0, 0, 0, 0),
(1131, 1396, 21, 0, 1, 0, 0, 0, 0, 0, 0, 0, 0, 0, 0, 0, 0, 10, 0, 1, 0, 0, 0, 0, 0, 0, 0, 0, 0, 0, 0, 0, 0, 0, 0),
(1132, 1397, 0, 0, 2, 0, 0, 0, 0, 0, 0, 0, 0, 0, 0, 0, 0, 0, 0, 0, 0, 0, 0, 0, 0, 0, 0, 0, 0, 0, 0, 0, 0, 0, 0),
(1133, 1398, 52, 1, 1, 0, 0, 0, 0, 0, 0, 0, 0, 0, 7, 0, 0, 16, 0, 0, 5, 0, 0, 0, 0, 0, 0, 0, 0, 0, 0, 0, 0, 0, 0),
(1134, 1399, 6, 0, 1, 0, 0, 0, 0, 0, 0, 0, 0, 0, 0, 0, 0, 6, 0, 1, 0, 0, 0, 0, 0, 0, 0, 0, 0, 0, 0, 0, 0, 0, 0),
(1135, 1400, 0, 0, 1, 0, 0, 0, 0, 0, 0, 0, 0, 0, 0, 0, 0, 0, 0, 0, 0, 0, 0, 0, 0, 0, 0, 0, 0, 0, 0, 0, 0, 0, 0),
(1136, 1401, 0, 1, 0, 0, 0, 0, 0, 0, 0, 0, 0, 0, 0, 0, 0, 0, 0, 0, 0, 0, 0, 0, 0, 0, 0, 0, 0, 0, 0, 0, 0, 0, 0),
(1137, 1402, 0, 0, 0, 0, 0, 0, 0, 0, 0, 0, 0, 0, 0, 0, 0, 0, 0, 0, 0, 0, 0, 0, 0, 0, 0, 0, 0, 0, 0, 0, 0, 0, 0),
(1138, 1403, 15, 4, 1, 0, 0, 0, 0, 0, 0, 0, 0, 0, 0, 1, 0, 14, 0, 0, 1, 0, 0, 0, 0, 0, 0, 0, 0, 0, 0, 0, 0, 0, 0),
(1139, 1404, 7, 0, 0, 0, 0, 0, 0, 0, 0, 0, 0, 0, 0, 0, 0, 0, 0, 0, 7, 0, 0, 0, 0, 0, 0, 0, 0, 0, 0, 0, 0, 0, 0),
(1140, 1405, 13, 1, 1, 0, 0, 0, 0, 0, 0, 0, 0, 0, 0, 0, 0, 9, 1, 1, 0, 0, 0, 0, 0, 0, 0, 0, 0, 0, 0, 0, 0, 0, 0),
(1141, 1406, 0, 0, 0, 0, 0, 0, 0, 0, 0, 0, 0, 0, 0, 0, 0, 0, 0, 0, 0, 0, 0, 0, 0, 0, 0, 0, 0, 0, 0, 0, 0, 0, 0),
(1142, 1407, 5, 0, 0, 0, 0, 0, 0, 0, 0, 0, 0, 0, 1, 0, 0, 0, 0, 0, 0, 0, 0, 1, 0, 0, 0, 0, 0, 0, 0, 0, 0, 0, 0),
(1143, 1408, 1, 0, 0, 0, 0, 0, 0, 0, 0, 0, 0, 0, 0, 0, 0, 0, 0, 0, 0, 0, 0, 1, 0, 0, 0, 0, 0, 0, 0, 0, 0, 0, 0),
(1144, 1409, 9, 0, 0, 0, 0, 0, 0, 0, 0, 0, 0, 0, 0, 0, 0, 5, 0, 0, 0, 0, 0, 0, 0, 0, 0, 0, 0, 0, 0, 0, 0, 0, 0),
(1145, 1410, 5, 0, 0, 0, 0, 0, 0, 0, 0, 0, 0, 0, 0, 0, 0, 0, 0, 0, 0, 0, 0, 5, 0, 0, 0, 0, 0, 0, 0, 0, 0, 0, 0),
(1146, 1411, 0, 0, 0, 0, 0, 0, 0, 0, 0, 0, 0, 0, 0, 0, 0, 0, 0, 0, 0, 0, 0, 0, 0, 0, 0, 0, 0, 0, 0, 0, 0, 0, 0),
(1147, 1412, 16, 0, 0, 0, 0, 0, 0, 0, 0, 0, 0, 0, 9, 0, 0, 0, 0, 0, 0, 0, 0, 0, 0, 0, 0, 0, 0, 0, 0, 0, 0, 0, 0),
(1148, 1413, 9, 0, 1, 0, 0, 0, 0, 0, 0, 0, 0, 0, 0, 0, 0, 0, 0, 0, 0, 0, 0, 0, 0, 1, 0, 0, 0, 0, 0, 0, 0, 0, 0),
(1149, 1414, 5, 0, 0, 0, 0, 0, 0, 0, 0, 0, 0, 0, 5, 0, 0, 0, 0, 0, 0, 0, 0, 0, 0, 0, 0, 0, 0, 0, 0, 0, 0, 0, 0),
(1150, 1415, 1, 0, 0, 0, 0, 0, 0, 0, 0, 0, 0, 0, 0, 0, 0, 0, 0, 0, 0, 0, 0, 1, 0, 0, 0, 0, 0, 0, 0, 0, 0, 0, 0),
(1151, 1416, 6, 0, 0, 0, 0, 0, 0, 0, 0, 0, 0, 0, 2, 0, 0, 0, 0, 0, 0, 0, 0, 0, 0, 0, 0, 0, 0, 0, 0, 0, 0, 0, 0),
(1152, 1417, 7, 0, 0, 0, 0, 0, 0, 0, 0, 0, 0, 0, 0, 0, 0, 0, 0, 0, 0, 0, 0, 3, 0, 0, 0, 0, 0, 0, 0, 0, 0, 0, 0),
(1153, 1418, 1, 0, 0, 0, 0, 0, 0, 0, 0, 0, 0, 0, 0, 0, 0, 0, 0, 0, 0, 0, 0, 1, 0, 0, 0, 0, 0, 0, 0, 0, 0, 0, 0),
(1154, 1419, 7, 1, 1, 0, 0, 0, 0, 0, 0, 0, 0, 0, 0, 0, 0, 0, 0, 0, 2, 0, 1, 5, 1, 0, 0, 0, 0, 0, 0, 0, 0, 0, 0),
(1155, 1420, 2, 0, 0, 0, 0, 0, 0, 0, 0, 0, 0, 0, 0, 0, 0, 0, 0, 0, 0, 0, 0, 2, 0, 0, 0, 0, 0, 0, 0, 0, 0, 0, 0),
(1156, 1421, 6, 0, 0, 0, 0, 0, 0, 0, 0, 0, 0, 0, 0, 0, 0, 2, 0, 0, 0, 0, 0, 0, 0, 0, 0, 0, 0, 0, 0, 0, 0, 0, 0),
(1157, 1422, 3, 0, 0, 0, 0, 0, 0, 0, 0, 0, 0, 0, 3, 0, 0, 0, 0, 0, 0, 0, 0, 0, 0, 0, 0, 0, 0, 0, 0, 0, 0, 0, 0),
(1158, 1423, 1, 0, 0, 0, 0, 0, 0, 0, 0, 0, 0, 0, 1, 0, 0, 0, 0, 0, 0, 0, 0, 0, 0, 0, 0, 0, 0, 0, 0, 0, 0, 0, 0),
(1159, 1424, 5, 0, 0, 0, 0, 0, 0, 0, 0, 0, 0, 0, 1, 0, 0, 1, 0, 0, 0, 0, 0, 1, 0, 0, 0, 0, 0, 0, 0, 0, 0, 0, 0),
(1160, 1425, 8, 0, 0, 0, 0, 0, 0, 0, 0, 0, 0, 0, 0, 0, 0, 0, 0, 0, 8, 0, 0, 0, 0, 0, 0, 0, 0, 0, 0, 0, 0, 0, 0),
(1161, 1426, 2, 0, 0, 0, 0, 0, 0, 0, 0, 0, 0, 0, 0, 0, 0, 0, 0, 0, 0, 0, 0, 2, 0, 0, 0, 0, 0, 0, 0, 0, 0, 0, 0),
(1162, 1427, 7, 0, 0, 0, 0, 0, 0, 0, 0, 0, 0, 0, 0, 0, 0, 2, 0, 0, 0, 0, 0, 0, 0, 0, 0, 0, 0, 0, 0, 0, 0, 0, 0),
(1163, 1428, 12, 0, 0, 0, 0, 0, 0, 0, 0, 0, 0, 0, 1, 0, 0, 3, 0, 0, 2, 0, 0, 0, 0, 0, 0, 0, 0, 0, 0, 0, 0, 0, 0),
(1164, 1429, 0, 0, 0, 0, 0, 0, 0, 0, 0, 0, 0, 0, 0, 0, 0, 0, 0, 0, 0, 0, 0, 0, 0, 0, 0, 0, 0, 0, 0, 0, 0, 0, 0),
(1165, 1430, 4, 0, 0, 0, 0, 0, 0, 0, 0, 0, 0, 0, 0, 0, 0, 0, 0, 0, 0, 0, 0, 2, 0, 0, 0, 0, 0, 0, 0, 0, 0, 0, 0),
(1166, 1431, 1, 1, 0, 0, 0, 0, 0, 0, 0, 0, 0, 0, 0, 0, 0, 1, 0, 0, 0, 0, 1, 0, 0, 2, 0, 0, 0, 0, 0, 0, 0, 0, 0),
(1167, 1432, 3, 0, 0, 0, 0, 0, 0, 0, 0, 0, 0, 0, 0, 0, 0, 1, 0, 0, 0, 0, 0, 0, 0, 0, 0, 0, 0, 0, 0, 0, 0, 0, 0),
(1168, 1433, 85, 0, 1, 0, 0, 0, 0, 0, 0, 0, 0, 0, 21, 0, 0, 40, 0, 0, 0, 0, 0, 24, 0, 1, 0, 0, 0, 0, 0, 0, 0, 0, 0),
(1169, 1434, 90, 4, 1, 0, 0, 0, 0, 0, 0, 0, 0, 0, 52, 1, 2, 10, 0, 0, 0, 1, 1, 28, 1, 1, 0, 0, 0, 0, 0, 0, 0, 0, 0),
(1170, 1435, 22, 2, 0, 0, 0, 0, 0, 0, 0, 0, 0, 0, 0, 1, 0, 22, 1, 0, 0, 0, 0, 0, 0, 0, 0, 0, 0, 0, 0, 0, 0, 0, 0),
(1171, 1436, 8, 1, 0, 0, 0, 0, 0, 0, 0, 0, 0, 0, 0, 1, 0, 1, 0, 0, 7, 0, 0, 0, 0, 0, 0, 0, 0, 0, 0, 0, 0, 0, 0),
(1172, 1437, 164, 5, 0, 0, 0, 0, 0, 0, 0, 0, 0, 0, 4, 0, 0, 18, 0, 0, 15, 0, 0, 0, 0, 0, 0, 0, 0, 0, 0, 0, 0, 0, 0),
(1173, 1438, 0, 0, 2, 0, 0, 0, 0, 0, 0, 0, 0, 0, 0, 0, 1, 0, 0, 1, 0, 0, 0, 0, 0, 0, 0, 0, 0, 0, 0, 0, 0, 0, 0),
(1174, 1439, 22, 0, 0, 0, 0, 0, 0, 0, 0, 0, 0, 0, 0, 0, 0, 22, 0, 0, 0, 0, 0, 0, 0, 0, 0, 0, 0, 0, 0, 0, 0, 0, 0),
(1175, 1442, 0, 2, 0, 0, 0, 0, 0, 0, 0, 0, 0, 0, 0, 0, 0, 0, 0, 0, 0, 0, 0, 0, 0, 0, 0, 0, 0, 0, 0, 0, 0, 0, 0),
(1176, 1443, 22, 0, 0, 0, 0, 0, 0, 0, 0, 0, 0, 0, 0, 0, 0, 0, 0, 0, 0, 0, 0, 10, 0, 0, 0, 0, 0, 0, 0, 0, 0, 0, 0),
(1177, 1444, 0, 0, 1, 0, 0, 0, 0, 0, 0, 0, 0, 0, 0, 0, 0, 0, 0, 0, 0, 0, 1, 0, 0, 0, 0, 0, 0, 0, 0, 0, 0, 0, 0),
(1178, 1445, 0, 0, 0, 0, 0, 0, 0, 0, 0, 0, 0, 0, 0, 0, 0, 0, 0, 0, 0, 0, 0, 0, 0, 0, 0, 0, 0, 0, 0, 0, 0, 0, 0),
(1179, 1440, 0, 0, 0, 0, 0, 0, 0, 0, 0, 0, 0, 0, 0, 0, 0, 0, 0, 0, 0, 0, 0, 0, 0, 0, 0, 0, 0, 0, 0, 0, 0, 0, 0),
(1180, 1441, 49, 0, 0, 0, 0, 0, 0, 0, 0, 0, 0, 0, 0, 0, 0, 0, 0, 0, 0, 0, 0, 49, 0, 0, 0, 0, 0, 0, 0, 0, 0, 0, 0);

-- --------------------------------------------------------

--
-- Table structure for table `fls1egvn_month`
--

CREATE TABLE IF NOT EXISTS `fls1egvn_month` (
  `month_nr` smallint(4) NOT NULL AUTO_INCREMENT,
  `class_nr` tinyint(4) NOT NULL,
  `month` varchar(4) NOT NULL,
  `flag` tinyint(4) NOT NULL DEFAULT '0',
  PRIMARY KEY (`month_nr`)
) ENGINE=InnoDB  DEFAULT CHARSET=utf8 AUTO_INCREMENT=451 ;

--
-- Dumping data for table `fls1egvn_month`
--

INSERT INTO `fls1egvn_month` (`month_nr`, `class_nr`, `month`, `flag`) VALUES
(1, 1, 'sep', 1),
(2, 1, 'oct', 1),
(3, 1, 'nov', 1),
(4, 1, 'dec', 1),
(5, 1, 'jan', 1),
(6, 1, 'feb', 1),
(7, 1, 'mar', 0),
(8, 1, 'apr', 0),
(9, 1, 'may', 0),
(10, 1, 'jun', 0),
(11, 2, 'sep', 1),
(12, 2, 'oct', 1),
(13, 2, 'nov', 1),
(14, 2, 'dec', 1),
(15, 2, 'jan', 1),
(16, 2, 'feb', 1),
(17, 2, 'mar', 0),
(18, 2, 'apr', 0),
(19, 2, 'may', 0),
(20, 2, 'jun', 0),
(21, 3, 'sep', 1),
(22, 3, 'oct', 1),
(23, 3, 'nov', 1),
(24, 3, 'dec', 1),
(25, 3, 'jan', 1),
(26, 3, 'feb', 1),
(27, 3, 'mar', 0),
(28, 3, 'apr', 0),
(29, 3, 'may', 0),
(30, 3, 'jun', 0),
(31, 4, 'sep', 1),
(32, 4, 'oct', 1),
(33, 4, 'nov', 1),
(34, 4, 'dec', 1),
(35, 4, 'jan', 1),
(36, 4, 'feb', 1),
(37, 4, 'mar', 0),
(38, 4, 'apr', 0),
(39, 4, 'may', 0),
(40, 4, 'jun', 0),
(41, 5, 'sep', 1),
(42, 5, 'oct', 1),
(43, 5, 'nov', 1),
(44, 5, 'dec', 1),
(45, 5, 'jan', 1),
(46, 5, 'feb', 1),
(47, 5, 'mar', 0),
(48, 5, 'apr', 0),
(49, 5, 'may', 0),
(50, 5, 'jun', 0),
(51, 6, 'sep', 1),
(52, 6, 'oct', 1),
(53, 6, 'nov', 1),
(54, 6, 'dec', 1),
(55, 6, 'jan', 1),
(56, 6, 'feb', 1),
(57, 6, 'mar', 0),
(58, 6, 'apr', 0),
(59, 6, 'may', 0),
(60, 6, 'jun', 0),
(61, 7, 'sep', 1),
(62, 7, 'oct', 1),
(63, 7, 'nov', 1),
(64, 7, 'dec', 1),
(65, 7, 'jan', 1),
(66, 7, 'feb', 1),
(67, 7, 'mar', 0),
(68, 7, 'apr', 0),
(69, 7, 'may', 0),
(70, 7, 'jun', 0),
(71, 8, 'sep', 1),
(72, 8, 'oct', 1),
(73, 8, 'nov', 1),
(74, 8, 'dec', 1),
(75, 8, 'jan', 1),
(76, 8, 'feb', 1),
(77, 8, 'mar', 0),
(78, 8, 'apr', 0),
(79, 8, 'may', 0),
(80, 8, 'jun', 0),
(81, 9, 'sep', 1),
(82, 9, 'oct', 1),
(83, 9, 'nov', 1),
(84, 9, 'dec', 1),
(85, 9, 'jan', 1),
(86, 9, 'feb', 1),
(87, 9, 'mar', 1),
(88, 9, 'apr', 0),
(89, 9, 'may', 0),
(90, 9, 'jun', 0),
(91, 10, 'sep', 1),
(92, 10, 'oct', 1),
(93, 10, 'nov', 1),
(94, 10, 'dec', 1),
(95, 10, 'jan', 1),
(96, 10, 'feb', 1),
(97, 10, 'mar', 1),
(98, 10, 'apr', 0),
(99, 10, 'may', 0),
(100, 10, 'jun', 0),
(101, 11, 'sep', 1),
(102, 11, 'oct', 1),
(103, 11, 'nov', 1),
(104, 11, 'dec', 1),
(105, 11, 'jan', 1),
(106, 11, 'feb', 1),
(107, 11, 'mar', 0),
(108, 11, 'apr', 0),
(109, 11, 'may', 0),
(110, 11, 'jun', 0),
(111, 12, 'sep', 1),
(112, 12, 'oct', 1),
(113, 12, 'nov', 1),
(114, 12, 'dec', 1),
(115, 12, 'jan', 1),
(116, 12, 'feb', 1),
(117, 12, 'mar', 0),
(118, 12, 'apr', 0),
(119, 12, 'may', 0),
(120, 12, 'jun', 0),
(121, 13, 'sep', 1),
(122, 13, 'oct', 1),
(123, 13, 'nov', 1),
(124, 13, 'dec', 1),
(125, 13, 'jan', 1),
(126, 13, 'feb', 1),
(127, 13, 'mar', 0),
(128, 13, 'apr', 0),
(129, 13, 'may', 0),
(130, 13, 'jun', 0),
(131, 14, 'sep', 1),
(132, 14, 'oct', 1),
(133, 14, 'nov', 1),
(134, 14, 'dec', 1),
(135, 14, 'jan', 1),
(136, 14, 'feb', 1),
(137, 14, 'mar', 1),
(138, 14, 'apr', 0),
(139, 14, 'may', 0),
(140, 14, 'jun', 0),
(141, 15, 'sep', 1),
(142, 15, 'oct', 1),
(143, 15, 'nov', 1),
(144, 15, 'dec', 1),
(145, 15, 'jan', 1),
(146, 15, 'feb', 1),
(147, 15, 'mar', 1),
(148, 15, 'apr', 0),
(149, 15, 'may', 0),
(150, 15, 'jun', 0),
(151, 16, 'sep', 1),
(152, 16, 'oct', 1),
(153, 16, 'nov', 1),
(154, 16, 'dec', 1),
(155, 16, 'jan', 1),
(156, 16, 'feb', 1),
(157, 16, 'mar', 1),
(158, 16, 'apr', 0),
(159, 16, 'may', 0),
(160, 16, 'jun', 0),
(161, 17, 'sep', 1),
(162, 17, 'oct', 1),
(163, 17, 'nov', 1),
(164, 17, 'dec', 1),
(165, 17, 'jan', 1),
(166, 17, 'feb', 1),
(167, 17, 'mar', 0),
(168, 17, 'apr', 0),
(169, 17, 'may', 0),
(170, 17, 'jun', 0),
(171, 18, 'sep', 1),
(172, 18, 'oct', 1),
(173, 18, 'nov', 1),
(174, 18, 'dec', 1),
(175, 18, 'jan', 1),
(176, 18, 'feb', 1),
(177, 18, 'mar', 0),
(178, 18, 'apr', 0),
(179, 18, 'may', 0),
(180, 18, 'jun', 0),
(181, 19, 'sep', 1),
(182, 19, 'oct', 1),
(183, 19, 'nov', 1),
(184, 19, 'dec', 1),
(185, 19, 'jan', 1),
(186, 19, 'feb', 1),
(187, 19, 'mar', 0),
(188, 19, 'apr', 0),
(189, 19, 'may', 0),
(190, 19, 'jun', 0),
(191, 20, 'sep', 1),
(192, 20, 'oct', 1),
(193, 20, 'nov', 1),
(194, 20, 'dec', 1),
(195, 20, 'jan', 1),
(196, 20, 'feb', 1),
(197, 20, 'mar', 0),
(198, 20, 'apr', 0),
(199, 20, 'may', 0),
(200, 20, 'jun', 0),
(201, 21, 'sep', 1),
(202, 21, 'oct', 1),
(203, 21, 'nov', 1),
(204, 21, 'dec', 1),
(205, 21, 'jan', 1),
(206, 21, 'feb', 1),
(207, 21, 'mar', 0),
(208, 21, 'apr', 0),
(209, 21, 'may', 0),
(210, 21, 'jun', 0),
(211, 22, 'sep', 1),
(212, 22, 'oct', 1),
(213, 22, 'nov', 1),
(214, 22, 'dec', 1),
(215, 22, 'jan', 1),
(216, 22, 'feb', 1),
(217, 22, 'mar', 0),
(218, 22, 'apr', 0),
(219, 22, 'may', 0),
(220, 22, 'jun', 0),
(221, 23, 'sep', 1),
(222, 23, 'oct', 1),
(223, 23, 'nov', 1),
(224, 23, 'dec', 1),
(225, 23, 'jan', 1),
(226, 23, 'feb', 1),
(227, 23, 'mar', 1),
(228, 23, 'apr', 0),
(229, 23, 'may', 0),
(230, 23, 'jun', 0),
(231, 24, 'sep', 1),
(232, 24, 'oct', 1),
(233, 24, 'nov', 1),
(234, 24, 'dec', 1),
(235, 24, 'jan', 1),
(236, 24, 'feb', 1),
(237, 24, 'mar', 1),
(238, 24, 'apr', 0),
(239, 24, 'may', 0),
(240, 24, 'jun', 0),
(241, 25, 'sep', 1),
(242, 25, 'oct', 1),
(243, 25, 'nov', 1),
(244, 25, 'dec', 1),
(245, 25, 'jan', 1),
(246, 25, 'feb', 1),
(247, 25, 'mar', 0),
(248, 25, 'apr', 0),
(249, 25, 'may', 0),
(250, 25, 'jun', 0),
(251, 26, 'sep', 1),
(252, 26, 'oct', 1),
(253, 26, 'nov', 1),
(254, 26, 'dec', 1),
(255, 26, 'jan', 1),
(256, 26, 'feb', 1),
(257, 26, 'mar', 0),
(258, 26, 'apr', 0),
(259, 26, 'may', 0),
(260, 26, 'jun', 0),
(261, 27, 'sep', 1),
(262, 27, 'oct', 1),
(263, 27, 'nov', 1),
(264, 27, 'dec', 1),
(265, 27, 'jan', 1),
(266, 27, 'feb', 1),
(267, 27, 'mar', 1),
(268, 27, 'apr', 0),
(269, 27, 'may', 0),
(270, 27, 'jun', 0),
(271, 28, 'sep', 1),
(272, 28, 'oct', 1),
(273, 28, 'nov', 1),
(274, 28, 'dec', 1),
(275, 28, 'jan', 1),
(276, 28, 'feb', 1),
(277, 28, 'mar', 1),
(278, 28, 'apr', 0),
(279, 28, 'may', 0),
(280, 28, 'jun', 0),
(281, 29, 'sep', 1),
(282, 29, 'oct', 1),
(283, 29, 'nov', 1),
(284, 29, 'dec', 1),
(285, 29, 'jan', 1),
(286, 29, 'feb', 1),
(287, 29, 'mar', 1),
(288, 29, 'apr', 0),
(289, 29, 'may', 0),
(290, 29, 'jun', 0),
(291, 30, 'sep', 1),
(292, 30, 'oct', 1),
(293, 30, 'nov', 1),
(294, 30, 'dec', 1),
(295, 30, 'jan', 1),
(296, 30, 'feb', 1),
(297, 30, 'mar', 1),
(298, 30, 'apr', 0),
(299, 30, 'may', 0),
(300, 30, 'jun', 0),
(301, 31, 'sep', 1),
(302, 31, 'oct', 1),
(303, 31, 'nov', 1),
(304, 31, 'dec', 1),
(305, 31, 'jan', 1),
(306, 31, 'feb', 1),
(307, 31, 'mar', 0),
(308, 31, 'apr', 0),
(309, 31, 'may', 0),
(310, 31, 'jun', 0),
(311, 32, 'sep', 1),
(312, 32, 'oct', 1),
(313, 32, 'nov', 1),
(314, 32, 'dec', 1),
(315, 32, 'jan', 1),
(316, 32, 'feb', 1),
(317, 32, 'mar', 0),
(318, 32, 'apr', 0),
(319, 32, 'may', 0),
(320, 32, 'jun', 0),
(321, 33, 'sep', 1),
(322, 33, 'oct', 1),
(323, 33, 'nov', 1),
(324, 33, 'dec', 1),
(325, 33, 'jan', 1),
(326, 33, 'feb', 1),
(327, 33, 'mar', 1),
(328, 33, 'apr', 0),
(329, 33, 'may', 0),
(330, 33, 'jun', 0),
(331, 34, 'sep', 1),
(332, 34, 'oct', 1),
(333, 34, 'nov', 1),
(334, 34, 'dec', 1),
(335, 34, 'jan', 1),
(336, 34, 'feb', 1),
(337, 34, 'mar', 0),
(338, 34, 'apr', 0),
(339, 34, 'may', 0),
(340, 34, 'jun', 0),
(341, 35, 'sep', 1),
(342, 35, 'oct', 1),
(343, 35, 'nov', 1),
(344, 35, 'dec', 1),
(345, 35, 'jan', 1),
(346, 35, 'feb', 1),
(347, 35, 'mar', 0),
(348, 35, 'apr', 0),
(349, 35, 'may', 0),
(350, 35, 'jun', 0),
(351, 36, 'sep', 1),
(352, 36, 'oct', 1),
(353, 36, 'nov', 1),
(354, 36, 'dec', 1),
(355, 36, 'jan', 1),
(356, 36, 'feb', 1),
(357, 36, 'mar', 0),
(358, 36, 'apr', 0),
(359, 36, 'may', 0),
(360, 36, 'jun', 0),
(361, 37, 'sep', 1),
(362, 37, 'oct', 1),
(363, 37, 'nov', 1),
(364, 37, 'dec', 1),
(365, 37, 'jan', 1),
(366, 37, 'feb', 1),
(367, 37, 'mar', 1),
(368, 37, 'apr', 0),
(369, 37, 'may', 0),
(370, 37, 'jun', 0),
(371, 38, 'sep', 1),
(372, 38, 'oct', 1),
(373, 38, 'nov', 1),
(374, 38, 'dec', 1),
(375, 38, 'jan', 1),
(376, 38, 'feb', 1),
(377, 38, 'mar', 0),
(378, 38, 'apr', 0),
(379, 38, 'may', 0),
(380, 38, 'jun', 0),
(381, 39, 'sep', 1),
(382, 39, 'oct', 1),
(383, 39, 'nov', 1),
(384, 39, 'dec', 1),
(385, 39, 'jan', 1),
(386, 39, 'feb', 1),
(387, 39, 'mar', 1),
(388, 39, 'apr', 0),
(389, 39, 'may', 0),
(390, 39, 'jun', 0),
(391, 40, 'sep', 1),
(392, 40, 'oct', 1),
(393, 40, 'nov', 1),
(394, 40, 'dec', 1),
(395, 40, 'jan', 1),
(396, 40, 'feb', 1),
(397, 40, 'mar', 1),
(398, 40, 'apr', 0),
(399, 40, 'may', 0),
(400, 40, 'jun', 0),
(401, 41, 'sep', 1),
(402, 41, 'oct', 1),
(403, 41, 'nov', 1),
(404, 41, 'dec', 1),
(405, 41, 'jan', 1),
(406, 41, 'feb', 1),
(407, 41, 'mar', 1),
(408, 41, 'apr', 0),
(409, 41, 'may', 0),
(410, 41, 'jun', 0),
(411, 42, 'sep', 1),
(412, 42, 'oct', 1),
(413, 42, 'nov', 1),
(414, 42, 'dec', 1),
(415, 42, 'jan', 1),
(416, 42, 'feb', 1),
(417, 42, 'mar', 0),
(418, 42, 'apr', 0),
(419, 42, 'may', 0),
(420, 42, 'jun', 0),
(421, 43, 'sep', 1),
(422, 43, 'oct', 1),
(423, 43, 'nov', 1),
(424, 43, 'dec', 1),
(425, 43, 'jan', 1),
(426, 43, 'feb', 1),
(427, 43, 'mar', 0),
(428, 43, 'apr', 0),
(429, 43, 'may', 0),
(430, 43, 'jun', 0),
(431, 44, 'sep', 1),
(432, 44, 'oct', 1),
(433, 44, 'nov', 1),
(434, 44, 'dec', 1),
(435, 44, 'jan', 1),
(436, 44, 'feb', 1),
(437, 44, 'mar', 0),
(438, 44, 'apr', 0),
(439, 44, 'may', 0),
(440, 44, 'jun', 0),
(441, 45, 'sep', 1),
(442, 45, 'oct', 1),
(443, 45, 'nov', 1),
(444, 45, 'dec', 1),
(445, 45, 'jan', 1),
(446, 45, 'feb', 1),
(447, 45, 'mar', 0),
(448, 45, 'apr', 0),
(449, 45, 'may', 0),
(450, 45, 'jun', 0);

-- --------------------------------------------------------

--
-- Table structure for table `fls1egvn_punished_students`
--

CREATE TABLE IF NOT EXISTS `fls1egvn_punished_students` (
  `nr` int(11) NOT NULL AUTO_INCREMENT,
  `class_nr` int(11) NOT NULL,
  `student_nr` int(11) NOT NULL,
  `punishment_nr` int(11) NOT NULL,
  `neizv` decimal(10,2) NOT NULL,
  `srok` tinyint(4) NOT NULL,
  PRIMARY KEY (`nr`)
) ENGINE=InnoDB DEFAULT CHARSET=utf8 AUTO_INCREMENT=1 ;

-- --------------------------------------------------------

--
-- Table structure for table `fls1egvn_punisments`
--

CREATE TABLE IF NOT EXISTS `fls1egvn_punisments` (
  `nr` int(11) NOT NULL AUTO_INCREMENT,
  `punishment` text NOT NULL,
  PRIMARY KEY (`nr`)
) ENGINE=InnoDB  DEFAULT CHARSET=utf8 AUTO_INCREMENT=5 ;

--
-- Dumping data for table `fls1egvn_punisments`
--

INSERT INTO `fls1egvn_punisments` (`nr`, `punishment`) VALUES
(1, 'Извършване на дейности в полза на училището в свободното от учебни часове време'),
(2, 'Предупреждение за преместване в друго училище'),
(3, 'Преместване в друго училище'),
(4, 'Преместване от дневна форма в самостоятелна форма на обучение - за ученици, навършили 16-годишна възраст');

-- --------------------------------------------------------

--
-- Table structure for table `fls1egvn_report`
--

CREATE TABLE IF NOT EXISTS `fls1egvn_report` (
  `nr` int(11) NOT NULL AUTO_INCREMENT,
  `class_nr` tinyint(4) NOT NULL,
  `report_nr` tinyint(4) NOT NULL,
  `start_nr` tinyint(4) NOT NULL,
  `come` tinyint(4) NOT NULL,
  `go` tinyint(4) NOT NULL,
  `end_nr` tinyint(4) NOT NULL,
  `boys` tinyint(4) NOT NULL,
  `girls` tinyint(4) NOT NULL,
  `one_2` tinyint(4) NOT NULL,
  `two_2` tinyint(4) NOT NULL,
  `more_2` tinyint(4) NOT NULL,
  `no_miss` tinyint(4) NOT NULL,
  `neizv_nr` tinyint(4) NOT NULL,
  `neizv_5` tinyint(4) NOT NULL,
  `neizv_10` tinyint(4) NOT NULL,
  `neizv_15` tinyint(4) NOT NULL,
  `over_15` tinyint(4) NOT NULL DEFAULT '0',
  PRIMARY KEY (`nr`)
) ENGINE=InnoDB  DEFAULT CHARSET=utf8 AUTO_INCREMENT=46 ;

--
-- Dumping data for table `fls1egvn_report`
--

INSERT INTO `fls1egvn_report` (`nr`, `class_nr`, `report_nr`, `start_nr`, `come`, `go`, `end_nr`, `boys`, `girls`, `one_2`, `two_2`, `more_2`, `no_miss`, `neizv_nr`, `neizv_5`, `neizv_10`, `neizv_15`, `over_15`) VALUES
(1, 41, 1, 25, 0, 0, 25, 10, 15, 4, 0, 0, 0, 21, 5, 0, 0, 0),
(2, 40, 1, 25, 0, 0, 25, 8, 17, 3, 0, 0, 1, 14, 0, 0, 0, 0),
(3, 39, 1, 24, 0, 0, 24, 6, 18, 0, 2, 0, 0, 18, 1, 1, 0, 0),
(4, 15, 1, 28, 0, 0, 28, 20, 8, 0, 0, 0, 1, 16, 2, 0, 0, 0),
(5, 36, 1, 26, 0, 0, 26, 9, 17, 1, 0, 0, 4, 13, 2, 0, 0, 0),
(6, 8, 1, 27, 0, 0, 27, 6, 21, 1, 0, 0, 4, 16, 1, 0, 0, 0),
(7, 45, 1, 24, 0, 0, 24, 10, 14, 0, 0, 0, 0, 22, 5, 6, 5, 0),
(8, 6, 1, 27, 0, 0, 27, 4, 23, 0, 0, 0, 12, 6, 0, 0, 0, 0),
(9, 24, 1, 27, 1, 0, 28, 10, 18, 1, 0, 0, 4, 10, 1, 0, 0, 0),
(10, 7, 1, 26, 0, 0, 26, 10, 16, 1, 0, 0, 6, 0, 0, 0, 0, 0),
(11, 9, 1, 27, 0, 0, 27, 8, 19, 0, 0, 0, 11, 0, 0, 0, 0, 0),
(12, 17, 1, 28, 0, 0, 28, 11, 17, 0, 0, 0, 5, 2, 0, 0, 0, 0),
(13, 44, 1, 26, 0, 0, 26, 11, 15, 0, 0, 0, 0, 23, 1, 3, 0, 0),
(14, 21, 1, 26, 0, 0, 26, 7, 19, 1, 0, 0, 1, 19, 3, 2, 0, 0),
(15, 31, 1, 24, 0, 1, 23, 8, 15, 2, 0, 0, 2, 20, 2, 0, 0, 0),
(16, 37, 1, 25, 0, 0, 25, 8, 17, 0, 1, 0, 0, 25, 4, 1, 0, 0),
(17, 20, 1, 27, 0, 0, 27, 9, 18, 0, 0, 0, 2, 13, 0, 0, 0, 0),
(18, 12, 1, 28, 0, 0, 28, 10, 18, 2, 2, 2, 1, 21, 2, 2, 0, 0),
(19, 10, 1, 27, 0, 0, 27, 6, 21, 0, 0, 0, 2, 17, 1, 0, 0, 0),
(20, 32, 1, 24, 1, 0, 25, 8, 17, 2, 0, 0, 0, 24, 4, 4, 0, 0),
(21, 27, 1, 27, 0, 0, 27, 9, 18, 0, 0, 0, 4, 15, 3, 0, 0, 0),
(22, 2, 1, 27, 0, 0, 27, 11, 16, 0, 1, 0, 4, 12, 2, 0, 0, 0),
(23, 5, 1, 26, 0, 0, 26, 12, 14, 0, 0, 0, 9, 0, 0, 0, 0, 0),
(24, 23, 1, 26, 0, 0, 26, 6, 20, 0, 1, 1, 2, 20, 3, 0, 0, 0),
(25, 14, 1, 28, 0, 0, 28, 6, 22, 2, 0, 1, 1, 26, 0, 0, 0, 0),
(26, 19, 1, 27, 0, 0, 27, 9, 18, 1, 0, 0, 4, 10, 1, 0, 0, 0),
(27, 1, 1, 26, 0, 0, 26, 13, 13, 0, 0, 0, 5, 12, 0, 0, 0, 0),
(28, 11, 1, 28, 0, 0, 28, 6, 22, 0, 1, 0, 2, 17, 2, 1, 0, 0),
(29, 34, 1, 26, 0, 0, 26, 8, 18, 2, 0, 0, 3, 17, 2, 1, 0, 0),
(30, 38, 1, 24, 0, 0, 24, 8, 16, 1, 0, 0, 0, 23, 3, 3, 0, 0),
(31, 4, 1, 27, 0, 0, 27, 9, 18, 0, 0, 0, 8, 10, 0, 0, 0, 0),
(32, 22, 1, 26, 0, 0, 26, 9, 17, 0, 0, 0, 0, 24, 10, 1, 0, 0),
(33, 18, 1, 25, 0, 0, 25, 2, 23, 0, 0, 0, 2, 11, 0, 0, 0, 0),
(34, 42, 1, 23, 0, 0, 23, 9, 14, 0, 0, 0, 0, 17, 0, 1, 0, 0),
(35, 3, 1, 28, 0, 0, 28, 16, 12, 0, 0, 0, 7, 13, 0, 0, 0, 0),
(36, 29, 1, 26, 0, 0, 26, 8, 18, 2, 0, 0, 2, 18, 4, 2, 0, 0),
(37, 30, 1, 25, 0, 0, 25, 5, 20, 4, 0, 0, 1, 12, 0, 0, 0, 0),
(38, 33, 1, 26, 0, 0, 26, 7, 19, 1, 0, 0, 3, 18, 3, 3, 0, 0),
(39, 43, 1, 26, 0, 0, 26, 10, 16, 1, 0, 0, 1, 23, 1, 2, 2, 0),
(40, 35, 1, 25, 0, 0, 25, 9, 16, 0, 0, 0, 0, 17, 0, 0, 0, 0),
(41, 13, 1, 28, 0, 0, 28, 7, 21, 1, 1, 1, 2, 18, 4, 3, 1, 0),
(42, 16, 1, 25, 0, 0, 25, 10, 15, 2, 0, 0, 3, 16, 3, 1, 0, 0),
(43, 25, 1, 26, 0, 0, 26, 8, 18, 3, 0, 0, 3, 15, 0, 0, 0, 0),
(44, 26, 1, 27, 0, 0, 27, 9, 18, 0, 0, 0, 1, 21, 2, 1, 0, 0),
(45, 28, 1, 26, 0, 0, 26, 9, 17, 0, 0, 0, 1, 15, 2, 2, 0, 0);

-- --------------------------------------------------------

--
-- Table structure for table `fls1egvn_school_plan`
--

CREATE TABLE IF NOT EXISTS `fls1egvn_school_plan` (
  `nr` int(11) NOT NULL AUTO_INCREMENT,
  `subject_nr` int(11) NOT NULL,
  `eightAE` tinyint(4) DEFAULT '0',
  `nineAE` tinyint(4) NOT NULL DEFAULT '0',
  `tenAE` tinyint(4) NOT NULL DEFAULT '0',
  `elevenAE` tinyint(4) NOT NULL DEFAULT '0',
  `twelveAE` tinyint(4) NOT NULL DEFAULT '0',
  `eightNE` tinyint(4) NOT NULL,
  `nineNE` tinyint(4) NOT NULL,
  `tenNE` tinyint(4) NOT NULL,
  `elevenNE` tinyint(4) NOT NULL,
  `twelveNE` tinyint(4) NOT NULL,
  PRIMARY KEY (`nr`)
) ENGINE=InnoDB  DEFAULT CHARSET=utf8 AUTO_INCREMENT=21 ;

--
-- Dumping data for table `fls1egvn_school_plan`
--

INSERT INTO `fls1egvn_school_plan` (`nr`, `subject_nr`, `eightAE`, `nineAE`, `tenAE`, `elevenAE`, `twelveAE`, `eightNE`, `nineNE`, `tenNE`, `elevenNE`, `twelveNE`) VALUES
(1, 1, 1, 1, 1, 1, 1, 1, 1, 1, 1, 1),
(2, 2, 1, 1, 1, 1, 1, 0, 0, 0, 0, 0),
(3, 3, 0, 0, 0, 0, 0, 1, 1, 1, 1, 1),
(4, 4, 0, 0, 0, 0, 0, 0, 1, 1, 1, 1),
(5, 5, 0, 1, 1, 1, 1, 0, 0, 0, 0, 0),
(6, 6, 1, 1, 1, 1, 1, 1, 1, 1, 1, 1),
(7, 7, 0, 0, 0, 0, 0, 0, 0, 0, 0, 0),
(8, 8, 0, 0, 0, 0, 0, 0, 0, 0, 0, 0),
(9, 9, 0, 1, 1, 1, 1, 0, 1, 1, 1, 1),
(10, 10, 0, 1, 1, 1, 1, 0, 1, 1, 1, 1),
(11, 11, 0, 1, 0, 0, 0, 0, 1, 0, 0, 0),
(12, 12, 0, 0, 1, 0, 0, 0, 0, 1, 0, 0),
(13, 13, 0, 0, 0, 1, 1, 0, 0, 0, 1, 0),
(14, 14, 0, 1, 1, 1, 0, 0, 1, 1, 1, 0),
(15, 15, 0, 1, 1, 1, 1, 0, 1, 1, 1, 1),
(16, 16, 0, 0, 0, 0, 1, 0, 0, 0, 0, 1),
(17, 17, 0, 1, 1, 1, 0, 0, 1, 1, 1, 0),
(18, 18, 1, 1, 0, 0, 0, 1, 1, 0, 0, 0),
(19, 19, 1, 1, 0, 0, 0, 1, 1, 0, 0, 0),
(20, 20, 1, 1, 1, 1, 1, 1, 1, 1, 1, 1);

-- --------------------------------------------------------

--
-- Table structure for table `fls1egvn_special_subjects`
--

CREATE TABLE IF NOT EXISTS `fls1egvn_special_subjects` (
  `subject_nr` int(2) NOT NULL AUTO_INCREMENT,
  `subject_nr1` int(11) NOT NULL,
  `subject` varchar(50) NOT NULL,
  PRIMARY KEY (`subject_nr`)
) ENGINE=InnoDB  DEFAULT CHARSET=utf8 AUTO_INCREMENT=19 ;

--
-- Dumping data for table `fls1egvn_special_subjects`
--

INSERT INTO `fls1egvn_special_subjects` (`subject_nr`, `subject_nr1`, `subject`) VALUES
(2, 22, 'Информационни технологии ПП'),
(4, 24, 'География и икономика ПП'),
(5, 25, 'Химия и опазване на околната среда ПП'),
(6, 26, 'Философия НП'),
(7, 27, 'Биология и здравно образование НП'),
(8, 28, 'Информационни технологии НП'),
(9, 29, 'СИП Математика'),
(10, 30, 'СИП Математическа лингвистика'),
(11, 31, 'СИП Немски език'),
(12, 32, 'Информатика'),
(13, 33, 'Информационни технологии'),
(14, 34, 'География и икономика НП'),
(15, 35, 'Математика НП'),
(16, 36, 'СИП Изобразително изкуство'),
(17, 37, 'СИП Физика и астрономия'),
(18, 38, 'Немски език IЧЕ');

-- --------------------------------------------------------

--
-- Table structure for table `fls1egvn_spravki`
--

CREATE TABLE IF NOT EXISTS `fls1egvn_spravki` (
  `nr` int(11) NOT NULL AUTO_INCREMENT,
  `class_nr` tinyint(4) NOT NULL,
  `subject_nr` tinyint(4) NOT NULL,
  `act_nr` tinyint(4) NOT NULL,
  `twos` tinyint(4) NOT NULL,
  `not_ex` tinyint(4) NOT NULL,
  `sr_uspeh` float NOT NULL,
  PRIMARY KEY (`nr`)
) ENGINE=InnoDB  DEFAULT CHARSET=utf8 AUTO_INCREMENT=1037 ;

--
-- Dumping data for table `fls1egvn_spravki`
--

INSERT INTO `fls1egvn_spravki` (`nr`, `class_nr`, `subject_nr`, `act_nr`, `twos`, `not_ex`, `sr_uspeh`) VALUES
(1, 13, 2, 1, 1, 0, 4.29),
(2, 14, 2, 1, 2, 3, 4.8),
(3, 15, 4, 1, 0, 4, 5.63),
(4, 16, 4, 1, 0, 2, 5.14),
(5, 17, 4, 1, 1, 0, 5.11),
(6, 18, 4, 1, 0, 0, 5.48),
(7, 59, 2, 1, 6, 3, 4.62),
(8, 59, 4, 1, 1, 6, 5.34),
(9, 22, 15, 1, 4, 1, 3.88),
(10, 23, 15, 1, 5, 0, 3.78),
(11, 24, 15, 1, 0, 1, 4.81),
(12, 25, 15, 1, 1, 1, 4.65),
(13, 60, 15, 1, 14, 8, 4.63),
(14, 34, 4, 1, 0, 0, 5.23),
(15, 35, 4, 1, 0, 0, 5.04),
(16, 36, 4, 1, 0, 0, 4.92),
(17, 61, 4, 1, 1, 1, 5.15),
(18, 37, 15, 1, 0, 2, 4.65),
(19, 38, 15, 1, 4, 4, 4.1),
(20, 39, 15, 1, 0, 5, 5.05),
(21, 40, 15, 1, 3, 4, 4.24),
(22, 41, 15, 1, 0, 1, 4.08),
(23, 62, 15, 1, 8, 22, 4.77),
(24, 22, 14, 1, 2, 1, 4.64),
(25, 24, 14, 1, 2, 0, 4.56),
(26, 60, 14, 1, 35, 5, 4.4),
(27, 29, 14, 1, 6, 0, 3.73),
(28, 30, 14, 1, 4, 0, 4.25),
(29, 34, 14, 1, 3, 0, 5.04),
(30, 61, 14, 1, 26, 6, 4.41),
(31, 19, 6, 1, 2, 3, 3.88),
(32, 20, 6, 1, 0, 0, 4.15),
(33, 24, 6, 1, 0, 1, 4.77),
(34, 24, 17, 1, 8, 0, 3.93),
(35, 25, 6, 1, 3, 3, 3.92),
(36, 26, 17, 1, 3, 0, 4.63),
(37, 27, 17, 1, 4, 0, 3.93),
(38, 60, 6, 1, 11, 7, 4.5),
(39, 60, 17, 1, 62, 10, 3.57),
(40, 28, 6, 1, 0, 4, 3.86),
(41, 29, 6, 1, 4, 2, 3.92),
(42, 30, 6, 1, 6, 2, 3.86),
(43, 34, 17, 1, 3, 0, 4),
(44, 35, 17, 1, 0, 0, 4.44),
(45, 36, 17, 1, 2, 0, 3.62),
(46, 61, 6, 1, 25, 11, 4.17),
(47, 61, 17, 1, 33, 12, 3.97),
(48, 1, 33, 1, 0, 0, 5.73),
(49, 6, 33, 1, 0, 2, 5.42),
(50, 7, 33, 1, 0, 2, 5.46),
(51, 8, 33, 1, 0, 6, 5.43),
(52, 58, 33, 1, 0, 27, 5.58),
(53, 10, 15, 1, 0, 1, 4.88),
(54, 11, 15, 1, 0, 0, 4.75),
(55, 12, 15, 1, 0, 1, 4.56),
(56, 17, 15, 1, 0, 2, 4.96),
(57, 18, 15, 1, 0, 1, 5.13),
(58, 59, 15, 1, 2, 16, 4.74),
(59, 19, 33, 1, 0, 0, 5.22),
(60, 20, 33, 1, 0, 0, 5.41),
(61, 23, 33, 1, 0, 1, 5.27),
(62, 24, 33, 1, 0, 1, 5.88),
(63, 25, 33, 1, 0, 0, 5.69),
(64, 26, 33, 1, 0, 1, 5.92),
(65, 27, 33, 1, 0, 0, 5.93),
(66, 60, 33, 1, 0, 3, 5.56),
(67, 42, 22, 1, 0, 0, 5.67),
(68, 43, 22, 1, 0, 0, 5.91),
(69, 44, 22, 1, 0, 0, 6),
(70, 62, 22, 1, 0, 0, 5.94),
(71, 10, 33, 1, 2, 1, 3.58),
(72, 15, 33, 1, 2, 0, 4.29),
(73, 16, 33, 1, 1, 1, 4.17),
(74, 17, 33, 1, 0, 0, 4.68),
(75, 59, 33, 1, 5, 4, 4.86),
(76, 20, 2, 1, 1, 0, 4.33),
(77, 21, 2, 1, 2, 1, 4.19),
(78, 24, 4, 1, 0, 0, 5.74),
(79, 25, 4, 1, 0, 0, 5.85),
(80, 60, 2, 1, 6, 4, 4.52),
(81, 60, 4, 1, 0, 2, 5.78),
(82, 17, 17, 1, 1, 0, 3.89),
(83, 18, 17, 1, 0, 0, 4.08),
(84, 59, 17, 1, 15, 1, 3.97),
(85, 25, 14, 1, 0, 1, 5.52),
(86, 25, 17, 1, 4, 0, 4.15),
(87, 26, 14, 1, 0, 2, 5.76),
(88, 27, 14, 1, 0, 0, 5.59),
(89, 1, 19, 1, 0, 2, 4.75),
(90, 2, 19, 1, 0, 1, 5),
(91, 2, 33, 1, 0, 3, 5.42),
(92, 3, 19, 1, 0, 0, 4.79),
(93, 3, 33, 1, 0, 4, 5.67),
(94, 4, 19, 1, 0, 0, 4.89),
(95, 4, 33, 1, 0, 5, 5.73),
(96, 5, 6, 1, 0, 0, 3.85),
(97, 5, 19, 1, 0, 2, 5.08),
(98, 5, 33, 1, 0, 3, 5.57),
(99, 6, 6, 1, 0, 0, 4.48),
(100, 6, 19, 1, 0, 1, 5.04),
(101, 7, 19, 1, 0, 0, 5.04),
(102, 8, 6, 1, 1, 0, 4.15),
(103, 8, 19, 1, 0, 0, 5.15),
(104, 9, 19, 1, 0, 2, 5.04),
(105, 9, 33, 1, 0, 2, 5.76),
(106, 58, 6, 1, 4, 4, 4.66),
(107, 58, 19, 1, 0, 8, 4.98),
(108, 10, 19, 1, 0, 0, 5.07),
(109, 11, 19, 1, 0, 1, 5.19),
(110, 11, 33, 1, 0, 0, 6),
(111, 12, 19, 1, 0, 2, 4.88),
(112, 12, 33, 1, 0, 0, 6),
(113, 13, 15, 1, 2, 2, 4.15),
(114, 13, 19, 1, 0, 0, 5.04),
(115, 13, 33, 1, 0, 0, 6),
(116, 14, 15, 1, 0, 5, 4.3),
(117, 14, 19, 1, 0, 3, 4.8),
(118, 15, 9, 1, 3, 0, 4.86),
(119, 15, 15, 1, 0, 3, 5),
(120, 15, 19, 1, 0, 1, 4.85),
(121, 16, 9, 1, 0, 0, 4.96),
(122, 16, 15, 1, 0, 1, 4.91),
(123, 16, 19, 1, 0, 1, 4.96),
(124, 17, 9, 1, 0, 0, 5.29),
(125, 17, 19, 1, 0, 2, 5.15),
(126, 18, 9, 1, 0, 0, 5.52),
(127, 18, 19, 1, 0, 1, 5.46),
(128, 18, 33, 1, 0, 1, 4.25),
(129, 59, 9, 1, 15, 5, 4.67),
(130, 59, 19, 1, 0, 11, 5.04),
(131, 19, 14, 1, 7, 0, 3.67),
(132, 19, 15, 1, 2, 3, 4.63),
(133, 19, 17, 1, 11, 0, 3.04),
(134, 19, 32, 1, 0, 1, 4.31),
(135, 20, 14, 1, 9, 0, 3.26),
(136, 20, 15, 1, 0, 0, 4.74),
(137, 20, 17, 1, 7, 3, 3.46),
(138, 20, 32, 1, 0, 1, 4.69),
(139, 21, 14, 1, 6, 1, 3.46),
(140, 21, 15, 1, 2, 1, 4.42),
(141, 21, 17, 1, 8, 1, 3),
(142, 21, 32, 1, 0, 0, 5.23),
(143, 21, 33, 1, 0, 0, 5.65),
(144, 22, 17, 1, 13, 3, 2.61),
(145, 22, 32, 1, 1, 0, 4.77),
(146, 22, 33, 1, 0, 0, 5.08),
(147, 23, 14, 1, 9, 0, 3.11),
(148, 23, 17, 1, 4, 3, 3.38),
(149, 23, 32, 1, 2, 0, 4.35),
(150, 24, 32, 1, 0, 0, 5.37),
(151, 25, 9, 1, 0, 0, 5.23),
(152, 25, 32, 1, 0, 1, 5.24),
(153, 26, 9, 1, 0, 0, 5.37),
(154, 26, 15, 1, 0, 1, 5.27),
(155, 26, 32, 1, 0, 0, 5.41),
(156, 27, 9, 1, 0, 0, 5.41),
(157, 27, 15, 1, 0, 0, 5.48),
(158, 27, 32, 1, 0, 4, 5.43),
(159, 60, 9, 1, 10, 6, 4.66),
(160, 60, 32, 1, 3, 7, 4.98),
(161, 10, 9, 1, 1, 0, 4.44),
(162, 11, 9, 1, 1, 0, 4.79),
(163, 12, 9, 1, 3, 1, 4.07),
(164, 13, 9, 1, 2, 2, 4.15),
(165, 14, 9, 1, 5, 2, 3.96),
(166, 7, 1, 1, 0, 0, 4.54),
(167, 8, 1, 1, 0, 0, 4.78),
(168, 9, 1, 1, 0, 0, 4.81),
(169, 58, 1, 1, 0, 5, 5.22),
(170, 10, 1, 1, 0, 0, 4.59),
(171, 10, 10, 1, 0, 1, 4.73),
(172, 10, 17, 1, 2, 0, 3.7),
(173, 11, 1, 1, 0, 0, 4.75),
(174, 11, 10, 1, 0, 0, 4.61),
(175, 11, 17, 1, 1, 0, 4.18),
(176, 12, 1, 1, 2, 0, 4.29),
(177, 12, 10, 1, 0, 1, 4.59),
(178, 12, 17, 1, 6, 0, 3.61),
(179, 13, 10, 1, 0, 0, 4.64),
(180, 13, 17, 1, 0, 0, 3.79),
(181, 14, 10, 1, 0, 3, 4.84),
(182, 14, 17, 1, 3, 1, 3.81),
(183, 15, 1, 1, 0, 0, 4.39),
(184, 15, 10, 1, 0, 2, 4.88),
(185, 15, 17, 1, 1, 0, 4.96),
(186, 16, 1, 1, 0, 0, 4.38),
(187, 16, 3, 1, 10, 0, 3.25),
(188, 16, 10, 1, 0, 1, 5.22),
(189, 16, 17, 1, 1, 0, 3.75),
(190, 17, 3, 1, 10, 1, 3.41),
(191, 17, 10, 1, 0, 2, 5.04),
(192, 18, 10, 1, 0, 1, 4.92),
(193, 59, 1, 1, 3, 2, 4.77),
(194, 59, 3, 1, 24, 2, 3.82),
(195, 59, 10, 1, 0, 11, 4.83),
(196, 1, 1, 1, 0, 2, 5.67),
(197, 1, 6, 1, 1, 1, 5.12),
(198, 2, 1, 1, 0, 0, 5.33),
(199, 2, 6, 1, 1, 1, 4.54),
(200, 3, 1, 1, 0, 0, 4.86),
(201, 3, 6, 1, 1, 0, 4.64),
(202, 4, 1, 1, 0, 0, 5.48),
(203, 4, 6, 1, 0, 1, 5.08),
(204, 5, 1, 1, 0, 3, 5.7),
(205, 6, 1, 1, 0, 0, 5.81),
(206, 7, 6, 1, 0, 0, 4.85),
(207, 9, 6, 1, 0, 1, 5.27),
(208, 10, 2, 1, 0, 0, 4.63),
(209, 10, 6, 1, 1, 0, 4.63),
(210, 11, 2, 1, 1, 0, 4.75),
(211, 11, 6, 1, 0, 0, 5.29),
(212, 12, 2, 1, 2, 0, 4.61),
(213, 12, 6, 1, 3, 0, 4.61),
(214, 13, 1, 1, 1, 1, 4.78),
(215, 13, 6, 1, 4, 0, 4.46),
(216, 14, 1, 1, 0, 1, 5.22),
(217, 14, 6, 1, 4, 1, 4.19),
(218, 14, 33, 1, 0, 1, 4.78),
(219, 15, 3, 1, 1, 0, 4.32),
(220, 15, 6, 1, 0, 0, 5.43),
(221, 16, 6, 1, 1, 0, 4.33),
(222, 17, 1, 1, 0, 0, 5.21),
(223, 17, 6, 1, 0, 0, 5.29),
(224, 18, 1, 1, 0, 0, 5.32),
(225, 18, 3, 1, 3, 1, 4.29),
(226, 18, 6, 1, 0, 0, 5.48),
(227, 59, 6, 1, 13, 1, 4.86),
(228, 19, 1, 1, 1, 0, 4.74),
(229, 19, 2, 1, 1, 0, 4.67),
(230, 19, 9, 1, 2, 1, 4.12),
(231, 19, 10, 1, 0, 0, 5.89),
(232, 20, 1, 1, 0, 0, 4.7),
(233, 20, 5, 1, 0, 2, 4.92),
(234, 20, 9, 1, 0, 0, 4.93),
(235, 20, 10, 1, 0, 0, 5.96),
(236, 21, 1, 1, 0, 0, 5.04),
(237, 21, 5, 1, 0, 0, 5.46),
(238, 21, 6, 1, 0, 0, 4.46),
(239, 21, 9, 1, 2, 1, 4.62),
(240, 21, 10, 1, 0, 2, 5.88),
(241, 22, 1, 1, 0, 0, 4.96),
(242, 22, 2, 1, 0, 2, 4.63),
(243, 22, 5, 1, 0, 0, 5),
(244, 22, 6, 1, 4, 0, 4.19),
(245, 22, 9, 1, 3, 1, 3.64),
(246, 22, 10, 1, 0, 1, 5.8),
(247, 23, 1, 1, 0, 0, 4.77),
(248, 23, 2, 1, 2, 1, 4.8),
(249, 23, 5, 1, 1, 0, 4.7),
(250, 23, 6, 1, 1, 0, 4.77),
(251, 23, 9, 1, 3, 1, 3.77),
(252, 23, 10, 1, 0, 0, 5.81),
(253, 24, 1, 1, 0, 0, 5.3),
(254, 24, 9, 1, 0, 2, 4.84),
(255, 24, 10, 1, 1, 1, 4.73),
(256, 24, 38, 1, 1, 1, 4.62),
(257, 25, 1, 1, 0, 0, 5.04),
(258, 25, 10, 1, 0, 1, 4.88),
(259, 25, 38, 1, 0, 2, 4.5),
(260, 26, 1, 1, 0, 0, 5.37),
(261, 26, 4, 1, 0, 0, 5.63),
(262, 26, 6, 1, 0, 0, 5.37),
(263, 26, 10, 1, 0, 1, 5.15),
(264, 26, 38, 1, 1, 0, 4.56),
(265, 27, 1, 1, 0, 0, 4.93),
(266, 27, 4, 1, 0, 2, 5.88),
(267, 27, 6, 1, 1, 0, 5),
(268, 27, 10, 1, 1, 0, 4.81),
(269, 27, 38, 1, 0, 0, 4.63),
(270, 60, 1, 1, 1, 0, 4.98),
(271, 60, 5, 1, 1, 2, 4.96),
(272, 60, 10, 1, 2, 6, 5.43),
(273, 60, 38, 1, 2, 3, 4.58),
(274, 28, 1, 1, 0, 0, 4.88),
(275, 28, 2, 1, 1, 1, 4.28),
(276, 28, 5, 1, 0, 0, 5.46),
(277, 28, 10, 1, 0, 1, 5.28),
(278, 28, 14, 1, 2, 0, 4),
(279, 28, 15, 1, 7, 4, 3.45),
(280, 28, 17, 1, 4, 0, 4),
(281, 29, 1, 1, 0, 0, 5),
(282, 29, 2, 1, 0, 0, 4.92),
(283, 29, 5, 1, 0, 0, 4.96),
(284, 29, 9, 1, 0, 0, 4.73),
(285, 29, 10, 1, 0, 0, 5.62),
(286, 29, 15, 1, 3, 2, 3.75),
(287, 29, 17, 1, 2, 2, 4.38),
(288, 30, 1, 1, 0, 0, 5.68),
(289, 30, 2, 1, 2, 0, 3.92),
(290, 30, 5, 1, 0, 0, 5.42),
(291, 30, 9, 1, 0, 0, 4.88),
(292, 30, 10, 1, 0, 4, 5.19),
(293, 30, 15, 1, 3, 3, 4),
(294, 30, 17, 1, 4, 5, 4.05),
(295, 31, 1, 1, 0, 0, 4.46),
(296, 31, 2, 1, 4, 2, 4.05),
(297, 31, 5, 1, 0, 1, 4.61),
(298, 31, 6, 1, 2, 0, 3.83),
(299, 31, 9, 1, 0, 0, 5.17),
(300, 31, 10, 1, 0, 1, 5.61),
(301, 31, 14, 1, 5, 0, 3.83),
(302, 31, 15, 1, 5, 4, 3.45),
(303, 31, 17, 1, 8, 2, 3.14),
(304, 32, 1, 1, 0, 0, 4.29),
(305, 32, 2, 1, 2, 0, 3.92),
(306, 32, 5, 1, 0, 2, 4.86),
(307, 32, 6, 1, 7, 1, 3.3),
(308, 32, 9, 1, 1, 0, 4.39),
(309, 32, 10, 1, 0, 3, 5.33),
(310, 32, 14, 1, 2, 1, 4.14),
(311, 32, 15, 1, 2, 1, 3.5),
(312, 32, 17, 1, 8, 3, 3.7),
(313, 33, 1, 1, 0, 0, 5.42),
(314, 33, 4, 1, 1, 1, 5.4),
(315, 33, 6, 1, 1, 2, 4.88),
(316, 33, 9, 1, 0, 0, 6),
(317, 33, 10, 1, 0, 1, 5),
(318, 33, 14, 1, 2, 0, 4.77),
(319, 33, 15, 1, 1, 2, 4.54),
(320, 33, 17, 1, 2, 0, 4.38),
(321, 33, 38, 1, 1, 0, 5.13),
(322, 34, 1, 1, 0, 0, 5.69),
(323, 34, 6, 1, 1, 0, 5.08),
(324, 34, 9, 1, 0, 0, 6),
(325, 34, 10, 1, 0, 1, 5.48),
(326, 34, 15, 1, 1, 3, 4.52),
(327, 34, 38, 1, 0, 0, 5.42),
(328, 35, 1, 1, 0, 2, 5.39),
(329, 35, 6, 1, 2, 0, 4.68),
(330, 35, 9, 1, 0, 0, 6),
(331, 35, 10, 1, 0, 4, 5.43),
(332, 35, 14, 1, 1, 2, 5.17),
(333, 35, 15, 1, 0, 2, 5.09),
(334, 35, 38, 1, 0, 0, 5.2),
(335, 36, 1, 1, 0, 1, 5.44),
(336, 36, 6, 1, 2, 0, 4.12),
(337, 36, 9, 1, 0, 1, 5.96),
(338, 36, 10, 1, 0, 2, 5.08),
(339, 36, 14, 1, 1, 3, 4.74),
(340, 36, 15, 1, 1, 2, 4.08),
(341, 36, 38, 1, 0, 0, 5.35),
(342, 61, 1, 1, 0, 3, 5.14),
(343, 61, 2, 1, 9, 3, 4.22),
(344, 61, 5, 1, 0, 3, 5.06),
(345, 61, 9, 1, 1, 1, 5.39),
(346, 61, 10, 1, 0, 17, 5.34),
(347, 61, 15, 1, 23, 23, 4.04),
(348, 61, 38, 1, 1, 0, 5.28),
(349, 37, 1, 1, 3, 0, 5.24),
(350, 37, 2, 1, 2, 0, 5.24),
(351, 37, 5, 1, 0, 0, 5.6),
(352, 37, 10, 1, 0, 4, 5.76),
(353, 37, 22, 1, 0, 0, 6),
(354, 37, 28, 1, 0, 0, 6),
(355, 38, 1, 1, 0, 0, 5.04),
(356, 38, 2, 1, 0, 0, 5.63),
(357, 38, 5, 1, 3, 5, 3.95),
(358, 38, 10, 1, 0, 6, 5.56),
(359, 38, 22, 1, 0, 0, 6),
(360, 38, 28, 1, 0, 0, 5.75),
(361, 39, 1, 1, 0, 0, 5.88),
(362, 39, 2, 1, 3, 0, 5.29),
(363, 39, 5, 1, 3, 0, 4.38),
(364, 39, 10, 1, 0, 9, 6),
(365, 39, 22, 1, 0, 0, 5.9),
(366, 39, 28, 1, 0, 0, 5.33),
(367, 40, 1, 1, 0, 0, 5.2),
(368, 40, 2, 1, 0, 1, 4.75),
(369, 40, 5, 1, 0, 1, 5.5),
(370, 40, 6, 1, 7, 3, 3.59),
(371, 40, 10, 1, 0, 3, 5.82),
(372, 40, 22, 1, 0, 0, 6),
(373, 40, 28, 1, 0, 0, 6),
(374, 41, 1, 1, 0, 0, 5.52),
(375, 41, 2, 1, 0, 0, 4.6),
(376, 41, 5, 1, 4, 0, 4.28),
(377, 41, 6, 1, 3, 4, 4),
(378, 41, 10, 1, 0, 1, 5.92),
(379, 41, 22, 1, 0, 0, 6),
(380, 41, 28, 1, 0, 0, 5.83),
(381, 42, 1, 1, 0, 0, 5.39),
(382, 42, 4, 1, 0, 3, 5),
(383, 42, 6, 1, 2, 0, 4.61),
(384, 42, 10, 1, 0, 4, 5.21),
(385, 42, 15, 1, 0, 2, 5.14),
(386, 42, 28, 1, 0, 0, 5.44),
(387, 42, 38, 1, 1, 0, 4.54),
(388, 43, 1, 1, 0, 0, 5.27),
(389, 43, 4, 1, 0, 1, 4.92),
(390, 43, 6, 1, 4, 2, 3.79),
(391, 43, 10, 1, 0, 3, 5.13),
(392, 43, 15, 1, 0, 1, 5.52),
(393, 43, 28, 1, 0, 0, 6),
(394, 43, 38, 1, 0, 0, 5.23),
(395, 44, 1, 1, 0, 0, 5.42),
(396, 44, 4, 1, 0, 0, 4.92),
(397, 44, 6, 1, 4, 6, 3.7),
(398, 44, 10, 1, 0, 0, 4.73),
(399, 44, 15, 1, 0, 2, 4.88),
(400, 44, 28, 1, 0, 0, 6),
(401, 44, 38, 1, 3, 0, 4.06),
(402, 45, 1, 1, 0, 0, 5.08),
(403, 45, 4, 1, 3, 0, 4.38),
(404, 45, 10, 1, 0, 2, 4.73),
(405, 45, 15, 1, 1, 1, 5.26),
(406, 45, 22, 1, 0, 0, 6),
(407, 45, 28, 1, 0, 0, 5.86),
(408, 45, 38, 1, 0, 1, 5.52),
(409, 62, 1, 1, 3, 0, 5.34),
(410, 62, 2, 1, 5, 1, 5.1),
(411, 62, 4, 1, 3, 4, 4.81),
(412, 62, 5, 1, 10, 6, 4.74),
(413, 62, 6, 1, 20, 15, 3.94),
(414, 62, 10, 1, 0, 32, 5.43),
(415, 62, 28, 1, 0, 0, 5.8),
(416, 62, 38, 1, 4, 1, 4.84),
(417, 37, 9, 1, 2, 0, 5.52),
(418, 38, 9, 1, 0, 0, 5.92),
(419, 39, 9, 1, 2, 0, 5.67),
(420, 40, 9, 1, 0, 1, 5.92),
(421, 41, 9, 1, 0, 0, 5.8),
(422, 42, 9, 1, 0, 0, 5.96),
(423, 43, 9, 1, 0, 0, 5.81),
(424, 44, 9, 1, 0, 0, 5.92),
(425, 45, 9, 1, 0, 0, 5.79),
(426, 62, 9, 1, 4, 1, 5.81),
(427, 19, 5, 1, 0, 0, 4.74),
(428, 3, 1, 2, 1, 0, 4.86),
(429, 8, 3, 2, 2, 0, 4.37),
(430, 58, 1, 2, 1, 0, 4.86),
(431, 58, 3, 2, 6, 0, 4.41),
(432, 11, 5, 2, 0, 2, 5.27),
(433, 12, 5, 2, 2, 0, 4.46),
(434, 59, 5, 2, 2, 2, 4.87),
(435, 19, 1, 2, 0, 0, 4.59),
(436, 19, 5, 2, 0, 0, 4.89),
(437, 19, 6, 2, 2, 0, 3.63),
(438, 20, 2, 2, 1, 0, 4.56),
(439, 20, 5, 2, 1, 0, 4.85),
(440, 20, 6, 2, 6, 0, 3.52),
(441, 21, 2, 2, 3, 0, 4.27),
(442, 22, 1, 2, 0, 0, 4.31),
(443, 23, 1, 2, 0, 0, 4.88),
(444, 23, 5, 2, 1, 0, 4.73),
(445, 24, 1, 2, 0, 0, 4.89),
(446, 24, 4, 2, 0, 0, 5.67),
(447, 24, 6, 2, 1, 0, 4.56),
(448, 25, 1, 2, 0, 1, 4.8),
(449, 25, 4, 2, 0, 1, 5.88),
(450, 25, 6, 2, 1, 1, 4.4),
(451, 60, 1, 2, 0, 1, 4.69),
(452, 60, 2, 2, 6, 1, 4.54),
(453, 60, 4, 2, 0, 1, 5.78),
(454, 60, 5, 2, 2, 0, 4.82),
(455, 60, 6, 2, 10, 1, 4.03),
(456, 28, 6, 2, 0, 0, 4.04),
(457, 29, 2, 2, 0, 0, 5.04),
(458, 29, 6, 2, 3, 0, 4.08),
(459, 30, 6, 2, 4, 0, 3.68),
(460, 31, 2, 2, 1, 0, 4.78),
(461, 33, 38, 2, 0, 0, 5.75),
(462, 34, 38, 2, 0, 0, 5.55),
(463, 35, 38, 2, 0, 0, 5.25),
(464, 36, 38, 2, 0, 0, 5.4),
(465, 61, 2, 2, 1, 0, 4.91),
(466, 61, 6, 2, 7, 0, 3.93),
(467, 61, 38, 2, 0, 0, 5.49),
(468, 37, 2, 2, 5, 0, 4.04),
(469, 38, 2, 2, 1, 3, 4.62),
(470, 39, 2, 2, 2, 1, 4.61),
(471, 43, 38, 2, 0, 1, 5.17),
(472, 44, 38, 2, 0, 2, 4.43),
(473, 62, 2, 2, 8, 4, 4.42),
(474, 62, 38, 2, 0, 3, 4.8),
(475, 4, 2, 2, 0, 1, 5.04),
(476, 58, 2, 2, 0, 1, 4.83),
(477, 23, 2, 2, 2, 1, 4.8),
(478, 28, 13, 3, 0, 0, 5.77),
(479, 29, 13, 3, 0, 0, 5.58),
(480, 31, 13, 3, 0, 0, 5.83),
(481, 35, 13, 3, 0, 0, 5.88),
(482, 36, 13, 3, 0, 0, 5.85),
(483, 61, 13, 3, 0, 0, 5.73),
(484, 37, 2, 3, 0, 0, 5.04),
(485, 37, 9, 3, 0, 0, 5.44),
(486, 37, 16, 3, 0, 0, 5.64),
(487, 37, 26, 3, 0, 0, 5.6),
(488, 38, 2, 3, 0, 0, 5.21),
(489, 38, 9, 3, 0, 0, 5.75),
(490, 39, 2, 3, 0, 0, 5.5),
(491, 39, 9, 3, 0, 0, 5.83),
(492, 39, 16, 3, 0, 0, 5.92),
(493, 39, 26, 3, 0, 0, 5.92),
(494, 40, 9, 3, 0, 1, 5.83),
(495, 41, 9, 3, 0, 0, 5.4),
(496, 41, 16, 3, 0, 0, 5.76),
(497, 42, 9, 3, 0, 0, 5.7),
(498, 42, 16, 3, 0, 0, 5.78),
(499, 43, 9, 3, 0, 0, 5.73),
(500, 43, 16, 3, 0, 0, 5.65),
(501, 44, 9, 3, 0, 0, 5.35),
(502, 44, 16, 3, 0, 0, 5.62),
(503, 44, 26, 3, 0, 0, 6),
(504, 45, 4, 3, 0, 0, 5.33),
(505, 45, 9, 3, 0, 0, 5.71),
(506, 45, 16, 3, 0, 0, 5.71),
(507, 62, 2, 3, 0, 0, 5.51),
(508, 62, 4, 3, 0, 0, 5.72),
(509, 62, 9, 3, 0, 1, 5.64),
(510, 62, 16, 3, 0, 0, 5.69),
(511, 62, 26, 3, 0, 0, 5.85),
(512, 41, 26, 3, 0, 0, 5.73),
(513, 21, 2, 3, 0, 0, 5.04),
(514, 24, 4, 3, 0, 0, 5.89),
(515, 25, 4, 3, 0, 1, 5.96),
(516, 60, 2, 3, 1, 0, 4.96),
(517, 60, 4, 3, 0, 1, 5.84),
(518, 40, 2, 3, 0, 0, 5.88),
(519, 41, 2, 3, 0, 0, 5.92),
(520, 42, 4, 3, 0, 0, 5.83),
(521, 43, 4, 3, 0, 0, 5.81),
(522, 27, 1, 3, 0, 0, 5.19),
(523, 60, 1, 3, 0, 2, 5.12),
(524, 40, 1, 3, 0, 0, 4.84),
(525, 41, 1, 3, 0, 0, 5.52),
(526, 44, 1, 3, 0, 0, 5.35),
(527, 62, 1, 3, 1, 0, 5.5),
(528, 17, 17, 3, 0, 0, 4.79),
(529, 18, 17, 3, 0, 0, 4.92),
(530, 59, 17, 3, 12, 0, 4.3),
(531, 24, 17, 3, 1, 1, 4.59),
(532, 60, 17, 3, 2, 2, 4.38),
(533, 37, 25, 3, 0, 0, 5.57),
(534, 39, 25, 3, 0, 0, 5.6),
(535, 40, 25, 3, 0, 0, 5.5),
(536, 42, 25, 3, 0, 0, 5.67),
(537, 43, 25, 3, 0, 0, 5),
(538, 44, 25, 3, 0, 0, 5.33),
(539, 62, 25, 3, 0, 0, 5.49),
(540, 10, 17, 3, 0, 0, 4.52),
(541, 12, 17, 3, 6, 0, 3.54),
(542, 3, 2, 3, 0, 0, 5.21),
(543, 58, 2, 3, 1, 0, 4.99),
(544, 19, 6, 3, 0, 0, 4.67),
(545, 19, 17, 3, 0, 0, 4.22),
(546, 20, 2, 3, 0, 0, 5.04),
(547, 20, 6, 3, 0, 0, 4.7),
(548, 20, 17, 3, 0, 0, 4.07),
(549, 20, 20, 3, 0, 0, 5.85),
(550, 21, 17, 3, 0, 0, 4.15),
(551, 22, 17, 3, 0, 0, 3.96),
(552, 23, 17, 3, 0, 0, 4.38),
(553, 24, 6, 3, 0, 0, 5.25),
(554, 25, 6, 3, 1, 1, 4.84),
(555, 26, 10, 3, 0, 0, 5.22),
(556, 27, 10, 3, 0, 0, 5.19),
(557, 60, 6, 3, 1, 1, 4.79),
(558, 60, 10, 3, 0, 2, 5.63),
(559, 60, 20, 3, 0, 1, 5.76),
(560, 1, 2, 2, 0, 0, 4.62),
(561, 1, 6, 2, 0, 0, 4.54),
(562, 2, 6, 2, 6, 1, 3.42),
(563, 3, 2, 2, 0, 0, 4.82),
(564, 3, 6, 2, 4, 1, 3.67),
(565, 4, 6, 2, 1, 1, 4.12),
(566, 5, 6, 2, 0, 0, 4.27),
(567, 6, 3, 2, 2, 0, 4.74),
(568, 6, 6, 2, 1, 0, 4.59),
(569, 7, 3, 2, 2, 0, 4.12),
(570, 7, 6, 2, 1, 0, 4.12),
(571, 8, 6, 2, 2, 0, 4.04),
(572, 9, 6, 2, 1, 0, 4.67),
(573, 58, 6, 2, 16, 3, 4.16),
(574, 1, 2, 3, 0, 0, 4.88),
(575, 1, 20, 3, 0, 0, 5.6),
(576, 2, 20, 3, 0, 0, 5.08),
(577, 3, 20, 3, 0, 0, 5.38),
(578, 4, 20, 3, 0, 0, 5.42),
(579, 5, 6, 3, 0, 0, 4.65),
(580, 5, 20, 3, 0, 0, 5.64),
(581, 6, 3, 3, 0, 0, 4.7),
(582, 6, 6, 3, 0, 0, 5.04),
(583, 6, 20, 3, 0, 0, 5.3),
(584, 7, 1, 3, 0, 0, 4.73),
(585, 7, 20, 3, 0, 0, 5.04),
(586, 8, 1, 3, 1, 0, 4.93),
(587, 8, 3, 3, 0, 0, 4.44),
(588, 8, 6, 3, 0, 0, 4.48),
(589, 8, 20, 3, 0, 0, 5.58),
(590, 9, 1, 3, 0, 0, 5.22),
(591, 9, 20, 3, 0, 0, 5.41),
(592, 58, 1, 3, 1, 0, 5.41),
(593, 58, 3, 3, 1, 0, 4.58),
(594, 58, 6, 3, 1, 0, 4.68),
(595, 58, 20, 3, 0, 0, 5.38),
(596, 10, 2, 2, 1, 0, 4.3),
(597, 11, 2, 2, 1, 0, 4.21),
(598, 12, 2, 2, 4, 0, 4.07),
(599, 13, 2, 2, 5, 0, 3.93),
(600, 14, 2, 2, 2, 0, 4.36),
(601, 15, 4, 2, 0, 0, 5.57),
(602, 16, 3, 2, 0, 0, 4.44),
(603, 16, 4, 2, 0, 0, 5.36),
(604, 17, 3, 2, 0, 0, 4.5),
(605, 17, 4, 2, 0, 0, 5.54),
(606, 18, 4, 2, 0, 0, 5.56),
(607, 59, 2, 2, 13, 0, 4.17),
(608, 59, 3, 2, 0, 0, 4.47),
(609, 59, 4, 2, 0, 0, 5.51),
(610, 10, 2, 3, 0, 0, 4.78),
(611, 10, 20, 3, 0, 0, 5.56),
(612, 11, 17, 3, 0, 0, 4.46),
(613, 11, 20, 3, 0, 0, 5.67),
(614, 11, 36, 3, 0, 0, 6),
(615, 12, 36, 3, 0, 0, 6),
(616, 13, 2, 3, 0, 0, 4.79),
(617, 13, 17, 3, 2, 0, 3.86),
(618, 13, 36, 3, 0, 0, 6),
(619, 14, 2, 3, 0, 0, 5.11),
(620, 14, 17, 3, 2, 0, 3.82),
(621, 14, 36, 3, 0, 0, 6),
(622, 15, 4, 3, 0, 0, 5.82),
(623, 15, 14, 3, 0, 0, 5.5),
(624, 15, 17, 3, 0, 0, 4.89),
(625, 16, 3, 3, 0, 0, 4.44),
(626, 16, 4, 3, 0, 0, 5.52),
(627, 16, 14, 3, 0, 0, 4.96),
(628, 16, 17, 3, 2, 0, 3.92),
(629, 17, 3, 3, 0, 0, 4.5),
(630, 17, 4, 3, 0, 0, 5.29),
(631, 17, 14, 3, 0, 1, 5.26),
(632, 18, 4, 3, 0, 0, 5.4),
(633, 18, 14, 3, 0, 0, 5.6),
(634, 59, 2, 3, 2, 0, 4.79),
(635, 59, 3, 3, 0, 0, 4.84),
(636, 59, 4, 3, 0, 0, 5.51),
(637, 59, 14, 3, 10, 1, 4.71),
(638, 59, 20, 3, 0, 1, 5.19),
(639, 59, 36, 3, 0, 0, 6),
(640, 19, 20, 3, 0, 0, 5.36),
(641, 22, 14, 3, 0, 0, 4.5),
(642, 22, 36, 3, 0, 0, 6),
(643, 23, 36, 3, 0, 0, 6),
(644, 24, 14, 3, 0, 1, 4.78),
(645, 24, 31, 3, 0, 0, 5.43),
(646, 24, 38, 3, 0, 0, 5.29),
(647, 25, 14, 3, 0, 1, 5.24),
(648, 25, 17, 3, 1, 1, 4.64),
(649, 25, 31, 3, 0, 0, 5.35),
(650, 25, 38, 3, 0, 1, 4.92),
(651, 26, 1, 3, 0, 0, 5.48),
(652, 26, 14, 3, 0, 0, 5.56),
(653, 26, 17, 3, 0, 0, 4.96),
(654, 26, 31, 3, 0, 0, 5.47),
(655, 26, 38, 3, 0, 0, 4.81),
(656, 27, 14, 3, 0, 0, 5.48),
(657, 27, 17, 3, 0, 0, 4.44),
(658, 27, 31, 3, 0, 0, 5.14),
(659, 27, 38, 3, 0, 0, 5),
(660, 60, 14, 3, 3, 2, 4.63),
(661, 60, 31, 3, 0, 0, 5.35),
(662, 60, 36, 3, 0, 0, 6),
(663, 60, 38, 3, 0, 1, 5.01),
(664, 10, 14, 3, 0, 0, 4.48),
(665, 11, 14, 3, 1, 0, 4.57),
(666, 12, 14, 3, 4, 0, 3.82),
(667, 13, 14, 3, 3, 0, 4.14),
(668, 19, 2, 3, 1, 0, 4.85),
(669, 19, 14, 3, 0, 0, 4.11),
(670, 20, 14, 3, 0, 0, 4.26),
(671, 21, 14, 3, 1, 0, 4.08),
(672, 22, 2, 3, 0, 0, 4.85),
(673, 26, 4, 3, 0, 0, 5.7),
(674, 27, 4, 3, 0, 0, 5.81),
(675, 19, 1, 3, 0, 0, 4.89),
(676, 19, 5, 3, 0, 0, 4.78),
(677, 19, 10, 3, 0, 0, 6),
(678, 19, 15, 3, 0, 0, 5.15),
(679, 20, 5, 3, 0, 0, 4.78),
(680, 20, 10, 3, 0, 0, 6),
(681, 20, 15, 3, 0, 0, 5.15),
(682, 21, 1, 3, 0, 0, 5.58),
(683, 21, 6, 3, 0, 0, 4.42),
(684, 21, 10, 3, 0, 0, 6),
(685, 21, 15, 3, 0, 0, 5.27),
(686, 21, 20, 3, 0, 0, 5.71),
(687, 22, 1, 3, 0, 0, 4.69),
(688, 22, 6, 3, 0, 0, 4.42),
(689, 22, 10, 3, 0, 0, 5.85),
(690, 22, 15, 3, 0, 0, 4.04),
(691, 22, 20, 3, 0, 0, 5.71),
(692, 23, 1, 3, 0, 0, 4.85),
(693, 23, 2, 3, 0, 0, 5.04),
(694, 23, 5, 3, 0, 0, 4.81),
(695, 23, 6, 3, 0, 0, 4.31),
(696, 23, 10, 3, 0, 0, 5.92),
(697, 23, 14, 3, 2, 0, 3.62),
(698, 23, 15, 3, 2, 0, 3.73),
(699, 23, 20, 3, 0, 0, 5.73),
(700, 24, 1, 3, 0, 1, 5.15),
(701, 24, 10, 3, 0, 1, 5.26),
(702, 24, 15, 3, 0, 1, 4.67),
(703, 24, 20, 3, 0, 0, 5.71),
(704, 25, 1, 3, 0, 1, 5.04),
(705, 25, 10, 3, 0, 1, 5.2),
(706, 25, 15, 3, 2, 1, 4.32),
(707, 25, 20, 3, 0, 1, 6),
(708, 26, 6, 3, 0, 0, 5.37),
(709, 26, 15, 3, 0, 0, 5.07),
(710, 26, 20, 3, 0, 0, 5.96),
(711, 27, 6, 3, 0, 0, 5.11),
(712, 27, 15, 3, 0, 0, 5.41),
(713, 27, 20, 3, 0, 0, 5.85),
(714, 60, 5, 3, 0, 0, 5.17),
(715, 60, 15, 3, 4, 2, 4.76),
(716, 1, 1, 3, 0, 0, 5.54),
(717, 2, 1, 3, 0, 0, 5.41),
(718, 2, 2, 3, 1, 0, 4.56),
(719, 3, 1, 3, 0, 0, 5.18),
(720, 4, 1, 3, 0, 0, 5.85),
(721, 4, 2, 3, 0, 0, 5.22),
(722, 5, 1, 3, 0, 0, 5.81),
(723, 5, 2, 3, 0, 0, 5.08),
(724, 6, 1, 3, 0, 0, 6),
(725, 7, 3, 3, 1, 0, 4.27),
(726, 9, 3, 3, 0, 0, 4.89),
(727, 10, 1, 3, 0, 0, 5.3),
(728, 10, 5, 3, 0, 0, 5.93),
(729, 10, 6, 3, 0, 0, 5.19),
(730, 10, 9, 3, 0, 0, 4.93),
(731, 10, 10, 3, 0, 0, 5.78),
(732, 11, 1, 3, 0, 0, 5.14),
(733, 11, 2, 3, 1, 0, 4.86),
(734, 11, 5, 3, 0, 0, 5.54),
(735, 11, 6, 3, 0, 0, 5.21),
(736, 11, 9, 3, 0, 0, 5.04),
(737, 11, 10, 3, 0, 0, 5.75),
(738, 12, 1, 3, 0, 0, 4.71),
(739, 12, 2, 3, 1, 0, 4.39),
(740, 12, 5, 3, 1, 0, 4.93),
(741, 12, 6, 3, 0, 0, 4.61),
(742, 12, 9, 3, 0, 0, 4.75),
(743, 12, 10, 3, 0, 0, 5.04),
(744, 12, 20, 3, 0, 0, 5.07),
(745, 13, 1, 3, 1, 0, 5.29),
(746, 13, 5, 3, 0, 0, 5.82),
(747, 13, 9, 3, 0, 0, 4.5),
(748, 13, 10, 3, 0, 0, 5.21),
(749, 13, 20, 3, 0, 0, 5.07),
(750, 14, 1, 3, 0, 0, 5.5),
(751, 14, 5, 3, 0, 0, 4.75),
(752, 14, 6, 3, 0, 0, 4.54),
(753, 14, 9, 3, 1, 0, 4.46),
(754, 14, 10, 3, 0, 0, 5.46),
(755, 14, 14, 3, 2, 0, 4.04),
(756, 14, 20, 3, 0, 1, 5.11),
(757, 15, 1, 3, 0, 0, 5.04),
(758, 15, 3, 3, 0, 0, 5.11),
(759, 15, 6, 3, 0, 0, 5.43),
(760, 15, 9, 3, 0, 0, 5.14),
(761, 15, 10, 3, 0, 0, 5.57),
(762, 15, 20, 3, 0, 0, 5.12),
(763, 16, 1, 3, 0, 0, 5),
(764, 16, 6, 3, 0, 0, 4.76),
(765, 16, 9, 3, 0, 0, 5.12),
(766, 16, 10, 3, 0, 0, 5.36),
(767, 16, 20, 3, 0, 0, 5.13),
(768, 17, 1, 3, 0, 0, 5.57),
(769, 17, 6, 3, 0, 0, 5.5),
(770, 17, 9, 3, 0, 0, 5.07),
(771, 17, 10, 3, 0, 0, 5.71),
(772, 17, 20, 3, 0, 0, 5.11),
(773, 18, 1, 3, 0, 0, 5.84),
(774, 18, 3, 3, 0, 0, 5.32),
(775, 18, 6, 3, 0, 0, 5.52),
(776, 18, 9, 3, 0, 0, 5.76),
(777, 18, 10, 3, 0, 0, 5.88),
(778, 18, 20, 3, 0, 0, 4.83),
(779, 59, 1, 3, 1, 0, 5.27),
(780, 59, 5, 3, 1, 0, 5.39),
(781, 59, 6, 3, 1, 0, 5.02),
(782, 59, 9, 3, 1, 0, 4.97),
(783, 59, 10, 3, 0, 0, 5.53),
(784, 19, 9, 3, 0, 0, 4.81),
(785, 19, 12, 3, 0, 0, 5.19),
(786, 20, 1, 3, 0, 0, 5.19),
(787, 20, 9, 3, 0, 0, 5.26),
(788, 20, 12, 3, 0, 0, 5.59),
(789, 21, 5, 3, 0, 0, 5.88),
(790, 21, 9, 3, 0, 0, 5.12),
(791, 21, 12, 3, 0, 0, 5.54),
(792, 22, 5, 3, 0, 0, 5.58),
(793, 22, 9, 3, 0, 0, 4.5),
(794, 22, 12, 3, 0, 0, 5.35),
(795, 23, 9, 3, 1, 0, 4.42),
(796, 23, 12, 3, 0, 0, 5.23),
(797, 24, 9, 3, 0, 1, 5.22),
(798, 24, 12, 3, 0, 0, 5.5),
(799, 25, 9, 3, 0, 1, 5.32),
(800, 25, 12, 3, 0, 1, 5.6),
(801, 26, 9, 3, 0, 0, 5.44),
(802, 26, 12, 3, 0, 0, 5.63),
(803, 27, 9, 3, 0, 0, 5.52),
(804, 27, 12, 3, 0, 0, 5.74),
(805, 60, 9, 3, 1, 2, 5.07),
(806, 60, 12, 3, 0, 1, 5.49),
(807, 28, 1, 3, 0, 0, 5.08),
(808, 28, 2, 3, 0, 0, 4.85),
(809, 28, 5, 3, 0, 0, 5.15),
(810, 28, 14, 3, 0, 0, 4.58),
(811, 28, 15, 3, 0, 0, 5.19),
(812, 28, 17, 3, 0, 0, 4.5),
(813, 28, 20, 3, 0, 0, 5.72),
(814, 29, 1, 3, 0, 0, 5.69),
(815, 29, 9, 3, 0, 0, 5.5),
(816, 29, 14, 3, 2, 0, 4.35),
(817, 29, 15, 3, 0, 0, 5.04),
(818, 29, 17, 3, 0, 0, 4.81),
(819, 29, 20, 3, 0, 0, 5.4),
(820, 30, 1, 3, 0, 0, 5.6),
(821, 30, 2, 3, 0, 0, 4.76),
(822, 30, 5, 3, 0, 0, 5.04),
(823, 30, 9, 3, 0, 0, 5.04),
(824, 30, 13, 3, 0, 0, 5.48),
(825, 30, 14, 3, 4, 0, 4.2),
(826, 30, 15, 3, 0, 0, 5.24),
(827, 30, 17, 3, 0, 0, 4.8),
(828, 30, 20, 3, 0, 0, 5.46),
(829, 31, 1, 3, 0, 0, 5.17),
(830, 31, 5, 3, 0, 0, 4.96),
(831, 31, 6, 3, 0, 0, 3.96),
(832, 31, 9, 3, 0, 0, 5.3),
(833, 31, 14, 3, 0, 0, 4.43),
(834, 31, 15, 3, 2, 0, 4.57),
(835, 31, 17, 3, 0, 0, 4.57),
(836, 31, 20, 3, 0, 0, 5.74),
(837, 31, 36, 3, 0, 0, 5.5),
(838, 32, 1, 3, 0, 0, 4.96),
(839, 32, 2, 3, 0, 0, 4.88),
(840, 32, 5, 3, 0, 0, 5.28),
(841, 32, 6, 3, 1, 0, 4.76),
(842, 32, 9, 3, 0, 0, 5.2),
(843, 32, 13, 3, 0, 0, 5.52),
(844, 32, 14, 3, 2, 1, 4.21),
(845, 32, 15, 3, 0, 1, 4.67),
(846, 32, 17, 3, 0, 0, 4.52),
(847, 32, 20, 3, 0, 0, 5.78),
(848, 32, 36, 3, 0, 0, 5.5),
(849, 33, 1, 3, 0, 0, 5.73),
(850, 33, 6, 3, 0, 0, 5.5),
(851, 33, 9, 3, 0, 0, 6),
(852, 33, 13, 3, 0, 0, 5.85),
(853, 33, 14, 3, 0, 0, 5.46),
(854, 33, 15, 3, 0, 0, 5.54),
(855, 33, 17, 3, 1, 0, 5),
(856, 33, 20, 3, 0, 0, 5.63),
(857, 33, 31, 3, 0, 0, 5.63),
(858, 33, 38, 3, 0, 0, 5.58),
(859, 34, 1, 3, 0, 0, 5.88),
(860, 34, 4, 3, 0, 0, 5.62),
(861, 34, 6, 3, 0, 0, 5.19),
(862, 34, 9, 3, 0, 0, 6),
(863, 34, 13, 3, 0, 0, 5.85),
(864, 34, 14, 3, 2, 0, 5.04),
(865, 34, 15, 3, 0, 0, 5.58),
(866, 34, 17, 3, 1, 0, 4.88),
(867, 34, 20, 3, 0, 0, 5.88),
(868, 34, 31, 3, 0, 0, 5.53),
(869, 34, 36, 3, 0, 0, 6),
(870, 34, 38, 3, 0, 0, 5.5),
(871, 35, 1, 3, 0, 0, 5.88),
(872, 35, 4, 3, 0, 0, 5.72),
(873, 35, 6, 3, 0, 0, 5),
(874, 35, 9, 3, 0, 0, 5.96),
(875, 35, 14, 3, 0, 0, 5.56),
(876, 35, 15, 3, 0, 0, 5.72),
(877, 35, 17, 3, 0, 0, 5.04),
(878, 35, 20, 3, 0, 0, 5.86),
(879, 35, 31, 3, 0, 0, 5.36),
(880, 35, 38, 3, 0, 0, 5.52),
(881, 36, 1, 3, 0, 0, 5.31),
(882, 36, 4, 3, 0, 0, 5.62),
(883, 36, 6, 3, 0, 0, 4.15),
(884, 36, 9, 3, 0, 0, 5.92),
(885, 36, 14, 3, 0, 0, 5.08),
(886, 36, 15, 3, 0, 0, 5.31),
(887, 36, 17, 3, 1, 0, 4.08),
(888, 36, 20, 3, 0, 0, 5.73),
(889, 36, 31, 3, 0, 0, 5.67),
(890, 36, 36, 3, 0, 0, 6),
(891, 36, 38, 3, 0, 0, 5.62),
(892, 61, 1, 3, 0, 0, 5.48),
(893, 61, 2, 3, 0, 0, 4.96),
(894, 61, 4, 3, 0, 0, 5.67),
(895, 61, 5, 3, 0, 0, 5.16),
(896, 61, 6, 3, 1, 0, 4.73),
(897, 61, 9, 3, 0, 0, 5.59),
(898, 61, 14, 3, 10, 1, 4.77),
(899, 61, 15, 3, 2, 1, 5.21),
(900, 61, 17, 3, 3, 0, 4.69),
(901, 61, 20, 3, 0, 0, 5.69),
(902, 61, 31, 3, 0, 0, 5.55),
(903, 61, 36, 3, 0, 0, 5.75),
(904, 61, 38, 3, 0, 0, 5.56),
(905, 37, 1, 3, 1, 0, 5.24),
(906, 37, 5, 3, 0, 0, 5.92),
(907, 37, 6, 3, 0, 1, 5.17),
(908, 37, 20, 3, 0, 0, 5.65),
(909, 37, 22, 3, 1, 0, 5.56),
(910, 37, 24, 3, 0, 0, 6),
(911, 37, 27, 3, 0, 0, 5.14),
(912, 37, 28, 3, 0, 0, 6),
(913, 37, 34, 3, 0, 0, 5),
(914, 37, 35, 3, 0, 0, 5.33),
(915, 38, 1, 3, 0, 0, 5.54),
(916, 38, 5, 3, 0, 0, 5.04),
(917, 38, 6, 3, 1, 0, 4.67),
(918, 38, 16, 3, 0, 0, 5.67),
(919, 38, 20, 3, 0, 0, 5.82),
(920, 38, 22, 3, 0, 0, 6),
(921, 38, 24, 3, 0, 0, 6),
(922, 38, 25, 3, 0, 0, 5.33),
(923, 38, 26, 3, 0, 0, 5.89),
(924, 38, 27, 3, 0, 0, 5.33),
(925, 38, 28, 3, 0, 0, 5.75),
(926, 38, 34, 3, 0, 0, 6),
(927, 38, 35, 3, 0, 0, 5.17),
(928, 39, 1, 3, 0, 0, 5.83),
(929, 39, 5, 3, 2, 0, 4.88),
(930, 39, 6, 3, 2, 0, 4.71),
(931, 39, 20, 3, 0, 0, 5.72),
(932, 39, 22, 3, 0, 0, 5.4),
(933, 39, 24, 3, 0, 0, 6),
(934, 39, 27, 3, 0, 0, 5.2),
(935, 39, 28, 3, 0, 0, 5.33),
(936, 39, 34, 3, 0, 0, 3),
(937, 40, 5, 3, 0, 1, 5.75),
(938, 40, 6, 3, 3, 0, 3.88),
(939, 40, 16, 3, 0, 0, 5.48),
(940, 40, 20, 3, 0, 0, 5.74),
(941, 40, 24, 3, 0, 0, 5.5),
(942, 40, 26, 3, 0, 0, 5.86),
(943, 40, 27, 3, 0, 0, 5.5),
(944, 40, 34, 3, 0, 0, 6),
(945, 40, 35, 3, 0, 0, 3.5),
(946, 41, 5, 3, 4, 0, 4.4),
(947, 41, 6, 3, 1, 0, 4.76),
(948, 41, 20, 3, 0, 0, 5.46),
(949, 41, 22, 3, 0, 0, 5.8),
(950, 41, 24, 3, 0, 0, 5.33),
(951, 41, 25, 3, 0, 0, 5.75),
(952, 41, 27, 3, 0, 0, 5.25),
(953, 41, 28, 3, 0, 0, 5.67),
(954, 41, 34, 3, 0, 0, 3),
(955, 41, 35, 3, 0, 0, 6),
(956, 42, 1, 3, 0, 0, 5.74),
(957, 42, 6, 3, 1, 0, 4.57),
(958, 42, 20, 3, 0, 0, 5.35),
(959, 42, 22, 3, 0, 0, 5.83),
(960, 42, 24, 3, 0, 0, 4),
(961, 42, 26, 3, 0, 0, 6),
(962, 42, 27, 3, 0, 0, 5.33),
(963, 42, 28, 3, 0, 0, 5.56),
(964, 42, 31, 3, 0, 0, 5.87),
(965, 42, 34, 3, 0, 0, 5.5),
(966, 42, 35, 3, 0, 0, 6),
(967, 42, 38, 3, 0, 0, 5.35),
(968, 43, 1, 3, 0, 0, 5.85),
(969, 43, 6, 3, 1, 0, 4.81),
(970, 43, 20, 3, 0, 0, 5.26),
(971, 43, 22, 3, 0, 0, 5.82),
(972, 43, 26, 3, 0, 0, 5.69),
(973, 43, 27, 3, 0, 0, 4.5),
(974, 43, 31, 3, 0, 0, 6),
(975, 43, 34, 3, 0, 0, 4),
(976, 43, 38, 3, 0, 0, 5.81),
(977, 44, 4, 3, 0, 0, 5.92),
(978, 44, 6, 3, 0, 0, 4.12),
(979, 44, 20, 3, 0, 0, 6),
(980, 44, 22, 3, 0, 0, 6),
(981, 44, 24, 3, 0, 0, 6),
(982, 44, 27, 3, 0, 0, 4.5),
(983, 44, 31, 3, 0, 0, 5.75),
(984, 44, 34, 3, 0, 0, 5.17),
(985, 44, 35, 3, 0, 0, 6),
(986, 44, 38, 3, 0, 0, 4.96),
(987, 45, 1, 3, 0, 0, 5.63),
(988, 45, 6, 3, 0, 0, 4.67),
(989, 45, 20, 3, 0, 0, 6),
(990, 45, 22, 3, 0, 0, 5.67),
(991, 45, 24, 3, 0, 0, 5.8),
(992, 45, 25, 3, 0, 0, 5.63),
(993, 45, 26, 3, 0, 0, 6),
(994, 45, 27, 3, 0, 0, 5.13),
(995, 45, 31, 3, 0, 0, 5.5),
(996, 45, 34, 3, 0, 0, 5.5),
(997, 45, 38, 3, 0, 0, 5.75),
(998, 62, 5, 3, 6, 1, 5.2),
(999, 62, 6, 3, 9, 1, 4.6),
(1000, 62, 20, 3, 0, 0, 5.67),
(1001, 62, 22, 3, 1, 0, 5.72),
(1002, 62, 24, 3, 0, 0, 5.58),
(1003, 62, 27, 3, 0, 0, 5.1),
(1004, 62, 28, 3, 0, 0, 5.8),
(1005, 62, 31, 3, 0, 0, 5.78),
(1006, 62, 34, 3, 0, 0, 4.8),
(1007, 62, 35, 3, 0, 0, 5.38),
(1008, 62, 38, 3, 0, 0, 5.47),
(1009, 1, 6, 3, 0, 0, 4.88),
(1010, 2, 6, 3, 1, 0, 3.96),
(1011, 3, 6, 3, 0, 0, 4.54),
(1012, 4, 6, 3, 0, 0, 4.89),
(1013, 7, 6, 3, 0, 0, 4.62),
(1014, 9, 6, 3, 0, 0, 5.07),
(1015, 13, 6, 3, 1, 0, 4.39),
(1016, 28, 6, 3, 0, 0, 4.81),
(1017, 28, 9, 3, 0, 0, 5.38),
(1018, 29, 2, 3, 0, 0, 5.31),
(1019, 29, 5, 3, 0, 0, 5.35),
(1020, 29, 6, 3, 0, 0, 4.65),
(1021, 30, 6, 3, 0, 0, 4.56),
(1022, 31, 2, 3, 0, 0, 5),
(1023, 33, 4, 3, 0, 0, 5.73),
(1024, 39, 35, 3, 0, 0, 5.67),
(1025, 40, 22, 3, 0, 0, 5.4),
(1026, 40, 28, 3, 0, 0, 6),
(1027, 43, 28, 3, 0, 0, 6),
(1028, 44, 28, 3, 0, 0, 6),
(1029, 45, 28, 3, 0, 0, 5.86),
(1030, 15, 3, 4, 3, 0, 3.96),
(1031, 18, 3, 4, 2, 0, 3.96),
(1032, 59, 3, 4, 5, 0, 3.96),
(1033, 29, 5, 4, 2, 0, 5.35),
(1034, 61, 5, 4, 2, 0, 5.35),
(1035, 29, 5, 5, 0, 0, 5.35),
(1036, 61, 5, 5, 0, 0, 5.35);

-- --------------------------------------------------------

--
-- Table structure for table `fls1egvn_sp_school_plan`
--

CREATE TABLE IF NOT EXISTS `fls1egvn_sp_school_plan` (
  `nr` int(11) NOT NULL AUTO_INCREMENT,
  `subject_nr` int(11) NOT NULL,
  `eightAE` tinyint(4) DEFAULT '0',
  `nineAE` tinyint(4) NOT NULL DEFAULT '0',
  `tenAE` tinyint(4) NOT NULL DEFAULT '0',
  `elevenAE` tinyint(4) NOT NULL DEFAULT '0',
  `twelveAE` tinyint(4) NOT NULL DEFAULT '0',
  `eightNE` tinyint(4) NOT NULL,
  `nineNE` tinyint(4) NOT NULL,
  `tenNE` tinyint(4) NOT NULL,
  `elevenNE` tinyint(4) NOT NULL,
  `twelveNE` tinyint(4) NOT NULL,
  PRIMARY KEY (`nr`)
) ENGINE=InnoDB  DEFAULT CHARSET=utf8 AUTO_INCREMENT=17 ;

--
-- Dumping data for table `fls1egvn_sp_school_plan`
--

INSERT INTO `fls1egvn_sp_school_plan` (`nr`, `subject_nr`, `eightAE`, `nineAE`, `tenAE`, `elevenAE`, `twelveAE`, `eightNE`, `nineNE`, `tenNE`, `elevenNE`, `twelveNE`) VALUES
(1, 1, 0, 0, 0, 0, 1, 0, 0, 0, 0, 1),
(2, 2, 0, 0, 0, 0, 1, 0, 0, 0, 0, 1),
(3, 3, 0, 0, 0, 0, 1, 0, 0, 0, 0, 1),
(4, 4, 0, 0, 0, 0, 1, 0, 0, 0, 0, 1),
(5, 5, 0, 0, 0, 0, 1, 0, 0, 0, 0, 1),
(6, 6, 0, 0, 0, 0, 1, 0, 0, 0, 0, 1),
(7, 7, 0, 0, 0, 0, 1, 0, 0, 0, 0, 1),
(8, 8, 0, 0, 0, 0, 1, 0, 0, 0, 0, 1),
(9, 9, 0, 0, 0, 1, 0, 0, 0, 0, 1, 0),
(10, 10, 0, 1, 1, 1, 1, 0, 1, 1, 1, 1),
(11, 11, 0, 0, 0, 0, 0, 0, 0, 1, 1, 1),
(12, 12, 0, 1, 1, 0, 0, 0, 1, 1, 0, 0),
(13, 13, 1, 1, 1, 0, 0, 1, 1, 1, 0, 0),
(14, 14, 0, 0, 0, 0, 1, 0, 0, 0, 0, 1),
(15, 15, 0, 0, 0, 0, 1, 0, 0, 0, 0, 1),
(16, 18, 0, 0, 0, 0, 0, 0, 0, 1, 1, 1);

-- --------------------------------------------------------

--
-- Table structure for table `fls1egvn_students`
--

CREATE TABLE IF NOT EXISTS `fls1egvn_students` (
  `student_nr` int(11) NOT NULL AUTO_INCREMENT,
  `class` varchar(4) NOT NULL,
  `name` varchar(20) NOT NULL,
  `surname` varchar(20) NOT NULL,
  `family` varchar(20) NOT NULL,
  PRIMARY KEY (`student_nr`)
) ENGINE=InnoDB  DEFAULT CHARSET=utf8 AUTO_INCREMENT=1446 ;

--
-- Dumping data for table `fls1egvn_students`
--

INSERT INTO `fls1egvn_students` (`student_nr`, `class`, `name`, `surname`, `family`) VALUES
(1, '11а', 'Александър', 'Георгиев', 'Желев'),
(2, '11а', 'Анастасия', 'Енчева', 'Янева'),
(4, '11а', 'Божидар', 'Валентинов', 'Маринов'),
(5, '11а', 'Боян', 'Боянов', 'Иванов'),
(6, '11а', 'Веселин', 'Николаев', 'Раданов'),
(7, '11а', 'Виктор', 'Свиленов', 'Савов'),
(8, '11а', 'Виктория', 'Красимирова', 'Стойчева'),
(9, '11а', 'Вилиана', 'Тодорова', 'Георгиева'),
(10, '11а', 'Вяра', 'Пламенова', 'Захариева'),
(11, '11а', 'Галактея', 'Кирилова', 'Ябанджиева'),
(12, '11а', 'Георги', 'Николаев', 'Стайков'),
(13, '11а', 'Грациела', 'Иванова', 'Иванова'),
(14, '11а', 'Ивелина', 'Павлова', 'Вълканова'),
(15, '11а', 'Калина', 'Ангелова', 'Жечева'),
(16, '11а', 'Кирил', 'Илиев', 'Герджиков'),
(17, '11а', 'Мартин', 'Дианов', 'Димов'),
(18, '11а', 'Мартин', 'Николаев', 'Раданов'),
(19, '11а', 'Надежда', 'Пламенова', 'Захариева'),
(20, '11а', 'Никол', 'Пламенова', 'Дурчева'),
(21, '11а', 'Пресиана', 'Илиянова', 'Илиева'),
(22, '11а', 'Ралица', 'Кирилова', 'Ханджиева'),
(23, '11а', 'Симона', 'Венкова', 'Димитрова'),
(24, '11а', 'Сияна', 'Любомирова', 'Видова'),
(25, '11а', 'Славена', 'Петрова', 'Пъргавелова'),
(26, '11а', 'Славена', 'Георгиева', 'Георгиева'),
(27, '11а', 'Славка', 'Райнова', 'Тодорова'),
(28, '11б', 'Александра', 'Иванова', 'Лазарова'),
(29, '11б', 'Александър', 'Каменов', 'Димитров'),
(30, '11б', 'Анелия', 'Николаева', 'Димитрова'),
(31, '11б', 'Анушка', 'Димова', 'Илиева'),
(32, '11б', 'Боряна', 'Атанасова', 'Стоянова'),
(33, '11б', 'Виктория', 'Петрова', 'Пеева'),
(34, '11б', 'Георги', 'Димитров', 'Райков'),
(35, '11б', 'Дейвид', 'Стефанов', 'Вълков'),
(36, '11б', 'Диана', 'Николаева', 'Спахиева'),
(37, '11б', 'Екатерина', 'Иванова', 'Друмева'),
(38, '11б', 'Йоана', 'Савелинова', 'Еникова'),
(39, '11б', 'Йоанна', 'Юриева', 'Георгиева'),
(40, '11б', 'Калин', 'Стефанов', 'Тодоров'),
(41, '11б', 'Кристина', 'Пламенова', 'Драгова'),
(42, '11б', 'Кристина', 'Пламенова', 'Трендафилова'),
(43, '11б', 'Лилия', 'Веселинова', 'Димитрова'),
(44, '11б', 'Магдалена', 'йорданова', 'Барбазова'),
(45, '11б', 'Пламена', 'Дочева', 'Чемширова'),
(46, '11б', 'Полина', 'Ясенова', 'Бонева'),
(47, '11б', 'Радостин', 'Росенов', 'Георгиев'),
(48, '11б', 'Светлозар', 'Денчев', 'Стоянов'),
(49, '11б', 'Станислав', 'Николаев', 'Журналов'),
(50, '11б', 'Стефани', 'Атанасова', 'Данаилова'),
(51, '11б', 'Теодор', 'Георгиев', 'Трендафилов'),
(52, '11б', 'Тони', 'Георгиева', 'Борисова'),
(53, '11б', 'Траяна', 'Димитрова', 'Карамихалева'),
(55, '11в', 'Александра', 'Живкова', 'Желева'),
(56, '11в', 'Анелия', 'Руменова', 'Христоскова'),
(57, '11в', 'Анелия', 'Антонова', 'Брусева'),
(58, '11в', 'Анна', 'Кристианова', 'Костадинова'),
(59, '11в', 'Антон', 'Петров', 'Богданов'),
(60, '11в', 'Ануш', 'Ашотовна', 'Чобанян'),
(61, '11в', 'Богомил', 'Георгиев', 'Дюлгеров'),
(62, '11в', 'Богомил', 'Борисов', 'Дамянов'),
(63, '11в', 'Василена', 'Ивова', 'Иванова'),
(64, '11в', 'Веселина', 'Николова', 'Николова'),
(65, '11в', 'Веселина', 'Стелиянова', 'Стоянова'),
(66, '11в', 'Габриела', 'Пламенова', 'Балчева'),
(67, '11в', 'Даниела', 'Красимирова', 'Маринова'),
(68, '11в', 'Илиян', 'Преславов', 'Петков'),
(69, '11в', 'Калина', 'Владиславова', 'Русева'),
(71, '11в', 'Кристина', 'Пламенова', 'Петрова'),
(72, '11в', 'Мартина', 'Станиславова', 'Овчарова'),
(73, '11в', 'Надя', 'Иванова', 'Богословова'),
(74, '11в', 'Нина', 'Николаева', 'Ставрева'),
(75, '11в', 'Пери', '', 'Ханбалаева'),
(76, '11в', 'Преслава', 'Миленова', 'Параскевова'),
(77, '11в', 'Симеон', 'Георгиев', 'Дюлгеров'),
(78, '11в', 'Стела', 'Георгиева', 'Титева'),
(79, '11в', 'Теодора', 'Милкова', 'Черкезова'),
(80, '11в', 'Тони', 'Тихомиров', 'Трифонов'),
(81, '11г', 'Александра', 'Станиславова', 'Петкова'),
(82, '11г', 'Александра', 'Николаева', 'Николова'),
(83, '11г', 'Анита', 'Бориславова', 'Емилиянова'),
(84, '11г', 'Валентин', 'Калинов', 'Лязов'),
(86, '11г', 'Деница', 'михайлова', 'Тонева'),
(87, '11г', 'Елена', 'Пламенова', 'Митева'),
(88, '11г', 'Иван', 'Димитров', 'Димитров'),
(89, '11г', 'Ивелина', 'Толева', 'Вълкова'),
(90, '11г', 'Илияна', 'Ненкова', 'Ненчева'),
(92, '11г', 'Йоана', 'Евгениева', 'Стоянова'),
(94, '11г', 'Мартин', 'Радославов', 'Русев'),
(95, '11г', 'Михаела', 'Валериева', 'Тонова'),
(96, '11г', 'Мишел', 'Михайлова', 'Василева'),
(98, '11г', 'Пламен', 'Денчев', 'Славов'),
(99, '11г', 'Пламена', 'Иванова', 'Комитова'),
(100, '11г', 'Симеон', 'Михайлов', 'Михайлов'),
(101, '11г', 'Соня', 'Маринова', 'Маринова'),
(102, '11г', 'Стоян', 'Иво', 'Горнев'),
(104, '11г', 'Цветелина', 'Росенова', 'Александрова'),
(105, '11г', 'Цветнин', 'Иванов', 'Апостолов'),
(106, '11г', 'Яна', 'Андонова', 'Нейкова'),
(107, '11г', 'Яница', 'Николаева', 'колева'),
(108, '11д', 'Александра', 'Стоянова', 'Баева'),
(109, '11д', 'Александър', 'Антонов', 'Стоянов'),
(110, '11д', 'Ангел', 'Атанасов', 'Ангелов'),
(111, '11д', 'Велина', 'Димитрова', 'Атансова'),
(112, '11д', 'Веселина', 'Христова', 'Кръстева'),
(113, '11д', 'Габриела', 'Кирилова', 'Кирилова'),
(114, '11д', 'Галатея', 'Цветанова', 'Лалева'),
(115, '11д', 'Георги', 'Светославов', 'Карамфилов'),
(116, '11д', 'Димитър', 'Пламенов', 'Иринков'),
(117, '11д', 'Елизара', 'Георгиева', 'Томова'),
(118, '11д', 'Елица', 'Руменова', 'Низамова'),
(119, '11д', 'Елица', 'Миленова', 'Стойкова'),
(120, '11д', 'Исабел', 'Ивова', 'Илиева'),
(121, '11д', 'Йоана', 'Росенова', 'Русева'),
(122, '11д', 'Камен', 'Димитров', 'Димитров'),
(123, '11д', 'Мартин', 'Деянов', 'Липчев'),
(124, '11д', 'Мира', 'Мирославова', 'Карагьозова'),
(126, '11д', 'Полет', 'Розенова', 'Иринкова'),
(127, '11д', 'Пресиян', 'Емилов', 'Димов'),
(128, '11д', 'Савелий', 'Алекснадрович', 'Лобанов'),
(129, '11д', 'Селен', 'Дурхан', 'Нешад'),
(130, '11д', 'Сирма', 'Веженова', 'Станева'),
(131, '11д', 'Снежина', 'Николаева', 'Томова'),
(132, '11д', 'Христена', 'Христова', 'Пеева'),
(133, '11е', 'Васил', 'Цветанов', 'Алистаров'),
(134, '11е', 'Виктория', 'Антонова', 'Вълкова'),
(135, '11е', 'Деница', 'Венциславова', 'Иванова'),
(136, '11е', 'Емилия', 'Петрова', 'Ненова'),
(137, '11е', 'Иван', 'Веселинов', 'Стоянов'),
(138, '11е', 'Иванина', 'Петрова', 'Илиева'),
(139, '11е', 'Ирена', 'Николаева', 'Георгиева'),
(140, '11е', 'Йордана', 'Николаева', 'Димитрова'),
(141, '11е', 'Катерина', 'Владимирова', 'Господинова'),
(142, '11е', 'Константина', 'Христова', 'Алтъпармакова'),
(143, '11е', 'Кристина', 'Тодорова', 'Тодорова'),
(145, '11е', 'Лилия', 'Любомирова', 'Икономова'),
(146, '11е', 'Лора', 'Любомирова', 'Добрева'),
(147, '11е', 'Магдалена', 'Севастиянова', 'Попова'),
(148, '11е', 'Магдалена', 'Ясенова', 'Добрева'),
(149, '11е', 'Пламен', 'Николаев', 'Николов'),
(150, '11е', 'Пола', 'Пламенова', 'Момчилова'),
(151, '11е', 'Светлина', 'Георгиева', 'Георгиева'),
(152, '11е', 'Симеон', 'Илиев', 'Попов'),
(153, '11е', 'Спартан', 'Анатоли', 'Деков'),
(154, '11е', 'Стефан', 'Тихомиров', 'Йорданов'),
(155, '11е', 'Стефани', 'Драгомирова', 'Стоянова'),
(156, '11е', 'Стилиян', 'Мирославов', 'Христов'),
(157, '11е', 'Теа', 'Константинова', 'Томова'),
(158, '11е', 'Теодора', 'Димчова', 'Казакова'),
(159, '11ж', 'Андриан', 'Атанасов', 'Атанасов'),
(160, '11ж', 'Виана', 'Росенова', 'Пешкова'),
(161, '11ж', 'Георги', 'Борисов', 'Шопов'),
(162, '11ж', 'Денислав', 'Росенов', 'Русев'),
(163, '11ж', 'Десислава', 'Тодорова', 'Динкова'),
(164, '11ж', 'Елена', 'Пламенова', 'Момчилова'),
(165, '11ж', 'Елеонора', 'Звездинова', 'Стоилкова'),
(166, '11ж', 'Елица', 'Валериева', 'Павлова'),
(167, '11ж', 'Емилия', 'Мирославова', 'Маринова'),
(168, '11ж', 'Жасмина', 'Дмитриева', 'Събева'),
(169, '11ж', 'Захария', 'Захариев', 'Томов'),
(170, '11ж', 'Инна', 'Петкова', 'Стоянова'),
(171, '11ж', 'Калиакра', 'Пламенова', 'Лечева'),
(172, '11ж', 'Калоян', 'Маринов', 'Маринов'),
(173, '11ж', 'Катерина', 'Драгомирова', 'Димова'),
(175, '11ж', 'Мартин', 'Георгиев', 'Минчев'),
(176, '11ж', 'Мартина', 'Петрова', 'Вангелова'),
(177, '11ж', 'Нелита', 'Заркова', 'Златева'),
(178, '11ж', 'Ралица', 'Георгиева', 'Малинова'),
(179, '11ж', 'Румена', 'Георгиева', 'Митишева'),
(180, '11ж', 'Саманта', 'Севдалинова', 'Кръстева'),
(181, '11ж', 'Стефани', 'Иванова', 'Славова'),
(182, '11ж', 'Таня', 'Росенова', 'Георгиева'),
(183, '11ж', 'Теодора', 'Димитрова', 'Димитрова'),
(184, '11ж', 'Явор', 'Стоянов', 'Чобанов'),
(185, '11ж', 'Янислав', 'Красимиров', 'Жеков'),
(186, '11з', 'Александра', 'Станимирова', 'Иванова'),
(187, '11з', 'Александра', 'Кристиянова', 'Стоянова'),
(188, '11з', 'Александра', 'Свиленова', 'Димитрова'),
(189, '11з', 'Георги', 'Димитров', 'Димитров'),
(190, '11з', 'Давид', 'Симеонов', 'Драгиев'),
(191, '11з', 'Дарина', 'Симонова', 'Цветанова'),
(192, '11з', 'Деница', 'Даниел', 'Косева'),
(193, '11з', 'Деница', 'Миленова', 'Хинтоларска'),
(194, '11з', 'Дея', 'Деянова', 'Радева'),
(195, '11з', 'Димана', 'Стойчева', 'Тодорова'),
(196, '11з', 'Иван', 'Александров', 'Хинев'),
(197, '11з', 'Калоян', 'Добромиров', 'Горунски'),
(198, '11з', 'Карина', 'Петрова', 'Димитрова'),
(199, '11з', 'Константин', 'Руменов', 'Пимпирев'),
(200, '11з', 'Мартин', 'Златков', 'Матеев'),
(202, '11з', 'Николай', 'Николаев', 'Момчев'),
(203, '11з', 'Ния', 'Атанасова', 'Кирякова'),
(204, '11з', 'Ралица', 'Драгомирова', 'Димитрова'),
(205, '11з', 'Розмари', 'Славова', 'Генова'),
(206, '11з', 'Росица', 'Николова', 'Кирова'),
(207, '11з', 'Светослав', 'Милчев', 'Милушев'),
(208, '11з', 'София', 'Красимирова', 'Недева'),
(209, '11з', 'Стелиян', 'Цонков', 'Цонев'),
(210, '11з', 'Тихомира', 'Добромирова', 'Йорданова'),
(211, '11з', 'Християна', 'Станиславова', 'Славчева'),
(212, '11и', 'Александър', 'Драгомиров', 'Драгомиров'),
(213, '11и', 'Антоанета', 'Богданова', 'Ванчева'),
(214, '11и', 'Борис', 'Валентинов', 'Савов'),
(215, '11и', 'Валентина', 'Сергеева', 'Сказко'),
(216, '11и', 'Виктор', 'Калоянов', 'Костадинов'),
(217, '11и', 'Владислав', 'Добромиров', 'Ангелов'),
(218, '11и', 'Георги', 'Георгиев', 'Генчев'),
(219, '11и', 'Гергана', 'Маринова', 'Урумова'),
(220, '11и', 'Десислава', 'Руменова', 'Пеева'),
(221, '11и', 'Детелина', 'Илиянова', 'Неделчева'),
(222, '11и', 'Димитър', 'Тодоров', 'Ялнъзов'),
(223, '11и', 'Ева', 'Стоянова', 'Ангелова'),
(224, '11и', 'Екатерина', 'Иванова', 'Колева'),
(225, '11и', 'Елеонора', 'Димитрова', 'Янакиева'),
(226, '11и', 'Женя', 'Рускова', 'Русева'),
(227, '11и', 'Ирина', 'Христова', 'Димитрова'),
(228, '11и', 'Йоана', 'Иляева', 'Кожухарова'),
(229, '11и', 'Калояна', 'Станиславова', 'Стоянова'),
(230, '11и', 'Лъчезар', 'Валери', 'Шойков'),
(231, '11и', 'Любомир', 'Светлозаров', 'Велчев'),
(232, '11и', 'Магдалена', 'Веселинова', 'Русинова'),
(233, '11и', 'Мила', 'Пламенова', 'Стоянова'),
(234, '11и', 'Николета', 'Цанкова', 'Цанкова'),
(236, '11и', 'Свилена', 'Петрова', 'Малчева'),
(237, '11и', 'Свилена', 'Калоянова', 'Костадинова'),
(238, '11и', 'Тимур', 'Насрулла оглъй', 'Шукюров'),
(239, '12а', 'Виолета', 'Добромирова', 'Димитрова'),
(240, '12а', 'Георги', 'Велков', 'Велев'),
(241, '12а', 'Дарена', 'Ивелинова', 'Караиванова'),
(242, '12а', 'Деница', 'Светославова', 'Василева'),
(243, '12а', 'Деница', 'Красимирова', 'Димитрова'),
(244, '12а', 'Диана', 'Станиславова', 'Попова'),
(245, '12а', 'Жасмин', 'Живкова', 'Дорийска'),
(246, '12а', 'Жасмина', 'Андреева', 'Петрова'),
(247, '12а', 'Зорница', 'Стоянова', 'Тодорова'),
(248, '12а', 'Илина', 'Костова', 'Костова'),
(249, '12а', 'Йоанна', 'Мирославова', 'Барозова'),
(250, '12а', 'Йоанна', 'Ивайлова', 'Бояджиева'),
(251, '12а', 'Маргарита', 'Илиева', 'Паскалева'),
(252, '12а', 'Мартин', 'Станославов', 'Динев'),
(253, '12а', 'Мартин', 'Десиславов', 'Тодоров'),
(254, '12а', 'Михаела', 'Здравкова', 'Йорданова'),
(255, '12а', 'Михаил', 'Живков', 'Стоянов'),
(256, '12а', 'Моника', 'Георгиева', 'Пенкова'),
(257, '12а', 'Патриция', 'Ивайлова', 'Митковска'),
(258, '12а', 'Петко', 'Веселинов', 'Петков'),
(259, '12а', 'Пресиян', 'Ненчев', 'Ненов'),
(260, '12а', 'Ростислав', 'Здравков', 'Колев'),
(261, '12а', 'Светослава', 'Жекова', 'Жекова'),
(262, '12а', 'Симеон', 'Тодоров', 'Стоянов'),
(263, '12а', 'Стела', 'Юриева', 'Зарева'),
(264, '12б', 'Адела', 'Анджело', 'Миролевска'),
(265, '12б', 'Айлин', 'Ошнут', 'Велиева'),
(266, '12б', 'Айсун', 'Рехбиева', 'Османова'),
(267, '12б', 'Арзу', 'Рехбиева', 'Османова'),
(268, '12б', 'Божидар', 'Димитров', 'Върбанов'),
(269, '12б', 'Габриела', 'Иванова', 'Василева'),
(270, '12б', 'Данаил', 'Георгиев', 'Гьочлиев'),
(271, '12б', 'Елена', 'Бориславова', 'Йорданова'),
(272, '12б', 'Емил', 'Кънчев', 'Димитров'),
(273, '12б', 'Златина', 'Венелинова', 'Великова'),
(274, '12б', 'Илияна', 'Енчева', 'Симеонова'),
(275, '12б', 'Йордан', 'Ангелов', 'Ангелов'),
(276, '12б', 'Лора', 'Георгиева', 'Панайотова'),
(277, '12б', 'Любомир', 'Ивов', 'Котов'),
(278, '12б', 'Мая', 'Владимирова', 'Никова'),
(279, '12б', 'Микаела', 'Свиленова', 'Петракиева'),
(280, '12б', 'Ния', 'Георгиева', 'Димитрова'),
(281, '12б', 'Петя', 'Миткова', 'Аджопова'),
(282, '12б', 'Пламен', 'Янков', 'Трифонов'),
(283, '12б', 'Преслав', 'Георгиев', 'Ников'),
(284, '12б', 'Ралица', 'Стойкова', 'Иванова'),
(285, '12б', 'Светлозар', 'Тодоров', 'Начев'),
(286, '12б', 'Теодора', 'Мирославова', 'Цакова'),
(287, '12б', 'Яна', 'Иванова', 'Йорданова'),
(288, '12в', 'Виктория', 'Светлинова', 'Савова'),
(289, '12в', 'Виктория', 'Павлинова', 'Петрова'),
(290, '12в', 'Виолета', 'Иванова', 'Станчева'),
(291, '12в', 'Георги', 'Иванов', 'Сердаров'),
(292, '12в', 'Дамяна', 'Росенова', 'Райкова'),
(293, '12в', 'Даниела', 'Славова', 'Кабакова'),
(294, '12в', 'Деница', 'Стефанова', 'Стефанова'),
(295, '12в', 'Джулия', 'Петрова', 'Петрова'),
(297, '12в', 'Иван', 'Милков', 'Деков'),
(298, '12в', 'Ирена', 'Георгиева', 'Илиева'),
(299, '12в', 'Йоанна', 'Людмилова', 'Димова'),
(300, '12в', 'Калина', 'Кристиян', 'Богоева'),
(301, '12в', 'Любомир', 'Калинов', 'Цонев'),
(302, '12в', 'Магдалена', 'Динкова', 'Динева'),
(303, '12в', 'Мария', 'Добромирова', 'Зидарова'),
(304, '12в', 'Момчил', 'Панайотов', 'Бобев'),
(305, '12в', 'Никол', 'Пламенова', 'Янчева'),
(306, '12в', 'Радослав', 'Драгомиров', 'Стефанов'),
(307, '12в', 'Силвия', 'Красенова', 'Кунева'),
(308, '12в', 'Симона', 'Стоянова', 'Стоянова'),
(309, '12в', 'Теди', 'Неделчева', 'Дойчева'),
(310, '12в', 'Тина', 'Асенова', 'Николова'),
(311, '12в', 'Тихомира', 'Ашотова', 'Акопян'),
(312, '12в', 'Явор', 'Василев', 'Рашев'),
(313, '12г', 'Алисия', 'Калоянова', 'Мицева'),
(314, '12г', 'Бетина', 'Емилова', 'Благомирова'),
(315, '12г', 'Виктор', 'Живков', 'Жеков'),
(316, '12г', 'Виктория', 'Костадинова', 'Тодорова'),
(317, '12г', 'Галин', 'Андриянов', 'Пенев'),
(318, '12г', 'Георги', 'Димитров', 'Колев'),
(319, '12г', 'Дарина', 'Данчева', 'Йорданова'),
(320, '12г', 'Дарина', 'Милчева', 'Милчева'),
(321, '12г', 'Димитър', 'Димитров', 'Иванов'),
(322, '12г', 'Елица', 'Ростиславова', 'Петкова'),
(323, '12г', 'Кристиан', 'Йорданов', 'Йорданов'),
(324, '12г', 'Кристиана', 'Калчева', 'Калчева'),
(325, '12г', 'Кристина', 'Иванова', 'Стойкова'),
(326, '12г', 'Кристина', 'Ивелинова', 'Томова'),
(327, '12г', 'Михаил', 'Мирославов', 'Николов'),
(328, '12г', 'Моника', 'Огнянова', 'Христова'),
(329, '12г', 'Нели', 'Димитрова', 'Христова'),
(330, '12г', 'Никола', 'Атанасов', 'Атанасов'),
(331, '12г', 'Сава', 'Георгиев', 'Недев'),
(332, '12г', 'Сияна', 'Маринова', 'Маринова'),
(333, '12г', 'Снежана', 'Светлинова', 'Тодорова'),
(334, '12г', 'Стела', 'Николаева', 'Николаева'),
(335, '12г', 'Стефания', 'Атанасова', 'Атанасова'),
(336, '12г', 'Цветелина', 'Тодорова', 'Младенова'),
(337, '12г', 'Цветелина', 'Георгиева', 'Христова'),
(338, '12д', 'Айнор', 'Ресимова', 'Шекирова'),
(339, '12д', 'Боян', 'Цветанов', 'Тодоров'),
(340, '12д', 'Виктория', 'Димчева', 'Атанасова'),
(341, '12д', 'Габриела', 'Красимирова', 'Панчева'),
(342, '12д', 'Галин', 'Иво', 'Горнев'),
(343, '12д', 'Дамян', 'Дачков', 'Диманов'),
(344, '12д', 'Деница', 'Василева', 'Балинова'),
(345, '12д', 'Драгомир', 'Росенов', 'Дичев'),
(346, '12д', 'Златина', 'Бориславова', 'Цонева'),
(347, '12д', 'Йордан', 'Димчев', 'Димитров'),
(348, '12д', 'Калина', 'Атанасова', 'Атанасова'),
(349, '12д', 'Камелия', 'Пейчева', 'Пеева'),
(350, '12д', 'Константин', 'Василев', 'Койчев'),
(351, '12д', 'Моника', 'Атанасова', 'Патронова'),
(352, '12д', 'Николай', 'Радославов', 'Трънков'),
(353, '12д', 'Николай', 'Бисеров', 'Белчев'),
(354, '12д', 'Нона', 'Гичева', 'Тодорова'),
(355, '12д', 'Полина', 'Димитрова', 'Пърлова'),
(356, '12д', 'Преслава', 'Виденова', 'Петрова'),
(357, '12д', 'Роберт', 'Степан', 'Ваханян'),
(358, '12д', 'Румен', 'Димитров', 'Николов'),
(359, '12д', 'Симона', 'Ивова', 'Дончева'),
(360, '12д', 'Станислава', 'Валентинова', 'Върбанова'),
(361, '12д', 'Теодора', 'Димитрова', 'Дрекова'),
(362, '12д', 'Янита', 'Иванова', 'Димитрова'),
(363, '12е', 'Августиана', 'Юлиянова', 'Димитрова'),
(364, '12е', 'Валери', 'Тонев', 'Житарски'),
(365, '12е', 'Галин', 'Красимиров', 'Атанасов'),
(366, '12е', 'Григор', 'Росенов', 'Радков'),
(367, '12е', 'Десислава', 'Валериева', 'Виденова'),
(368, '12е', 'Десислава', 'Бисерова', 'Желева'),
(369, '12е', 'Диляна', 'Славова', 'Чирпанлиева'),
(370, '12е', 'Доротея', 'Герогиева', 'Амуджиева'),
(371, '12е', 'Елена', 'Александрова', 'Александрова'),
(372, '12е', 'Иван', 'Красимиров', 'Радев'),
(374, '12е', 'Йоанна', 'Валентинова', 'Маринова'),
(375, '12е', 'Мери', 'Георгиева', 'Петрова'),
(376, '12е', 'Михаела', 'Илиянова', 'Петкова'),
(377, '12е', 'Мия', 'Верони', 'Страшникова'),
(378, '12е', 'Недко', 'Николаев', 'Иванов'),
(379, '12е', 'Никол', 'Руменова', 'Божанова'),
(380, '12е', 'Николай', 'Николаев', 'Сандев'),
(382, '12е', 'Пламен', 'Калинов', 'Илчевски'),
(383, '12е', 'Радина', 'Людмилова', 'Тодорова'),
(384, '12е', 'Радостина', 'Ивелинова', 'Андонова'),
(385, '12е', 'Румяна', 'Николаева', 'Чернева'),
(386, '12е', 'Самвел', '', 'Папикян'),
(387, '12ж', 'Велислава', 'Чавдарова', 'Чавдарова'),
(388, '12ж', 'Венцислав', 'Миленов', 'Господинов'),
(389, '12ж', 'Георги', 'Христов', 'Кузов'),
(390, '12ж', 'Георги', 'Димчев', 'Димов'),
(391, '12ж', 'Глория', 'Миленова', 'Юницка'),
(392, '12ж', 'Даниел', 'Славов', 'Славов'),
(393, '12ж', 'Дебора', 'Трифонова', 'Трифонова'),
(394, '12ж', 'Десислава', 'Георгиева', 'Николова'),
(395, '12ж', 'Деян', 'Пламенов', 'Георгиев'),
(396, '12ж', 'Доротея', 'Здравкова', 'Марковска'),
(397, '12ж', 'Елина', 'Делян', 'Петкова'),
(398, '12ж', 'Иванина', 'Петева', 'Касапова'),
(399, '12ж', 'Илина', 'Даниелова', 'Найденова'),
(400, '12ж', 'Камелия', 'Иванова', 'Стоянова'),
(401, '12ж', 'Климент', 'Кирилов', 'Иларионов'),
(402, '12ж', 'Кристина', 'Палемнова', 'Янева'),
(403, '12ж', 'Мария', 'Цанкова', 'Цакова'),
(404, '12ж', 'Мирела', 'Дианова', 'Милева'),
(405, '12ж', 'Михаела', 'Сотирова', 'Нещерова'),
(406, '12ж', 'Наталия', 'Радмилова', 'Николова'),
(407, '12ж', 'Павел', 'Станимиров', 'Стефанов'),
(408, '12ж', 'Пламен', 'Свиленов', 'Парушев'),
(409, '12ж', 'Симеон', 'Христов', 'Станчев'),
(410, '12ж', 'София', 'Емилова', 'Градинарова'),
(411, '12ж', 'Теодора', 'Дончева', 'Събкова'),
(412, '12з', 'Александър', 'Александров', 'Попов'),
(413, '12з', 'Весела', 'Ивайлова', 'Илиева'),
(414, '12з', 'Виктор', 'Петров', 'Радушев'),
(415, '12з', 'Виктор', 'Ангелов', 'Казанджиев'),
(416, '12з', 'Габриела', 'Валентинова', 'Стойчева'),
(417, '12з', 'Гергана', 'Владимирова', 'Владимирова'),
(418, '12з', 'Давид', 'Дакес', 'Киркоров'),
(419, '12з', 'Десислава', 'Живкова', 'Желязкова'),
(420, '12з', 'Десислава', 'Йонкова', 'Йонкова'),
(421, '12з', 'Десислава', 'Красимирова', 'Цонева'),
(422, '12з', 'Иван', 'Желев', 'Тенев'),
(423, '12з', 'Ивона', 'Маринова', 'Маринова'),
(424, '12з', 'Ирина', 'Василева', 'Димитрова'),
(425, '12з', 'Кристиана', 'Великова', 'Маринова'),
(426, '12з', 'Лили', 'Красенова', 'Железова'),
(427, '12з', 'Лилия', 'Николаева', 'Чалъкова'),
(428, '12з', 'Мартин', 'Светославов', 'Любомиров'),
(429, '12з', 'Мартин', 'Веселинов', 'Ангелов'),
(430, '12з', 'Милица', 'Христофорова', 'Тутекова'),
(431, '12з', 'Михаил', 'Георгиев', 'Генчев'),
(432, '12з', 'Пресиян', 'Деянов', 'Станчев'),
(433, '12з', 'Силвия', 'Ангелова', 'Грънчарова'),
(434, '12з', 'Стефан', 'Ивелинов', 'Иванов'),
(435, '12з', 'Цветилин', 'Георгиев', 'Иванов'),
(436, '12з', 'Яна', 'Деянова', 'Драгиева'),
(437, '12з', 'Яна', 'Деянова', 'Козарева'),
(438, '12и', 'Александра', 'Мирославова', 'Маринова'),
(439, '12и', 'Ани', 'Петкова', 'Петкова'),
(440, '12и', 'Валентин', 'Руменов', 'Качамаков'),
(441, '12и', 'Димитър', 'Пламенов', 'Годеманов'),
(442, '12и', 'Димитър', 'Любомиров', 'Василев'),
(443, '12и', 'Доника', 'Цветанова', 'Дончева'),
(444, '12и', 'Ели', 'Емилова', 'Пенчева'),
(445, '12и', 'Жаклин', 'Христова', 'Тодорова'),
(446, '12и', 'Жасмина', 'Стойкова', 'Темелкова'),
(447, '12и', 'Калина', 'Веселинова', 'Василева'),
(448, '12и', 'Камен', 'Пламенов', 'Георгиев'),
(449, '12и', 'Константин', 'Светославов', 'Янчев'),
(450, '12и', 'Лора', 'Василева', 'Велева'),
(451, '12и', 'Мария - Ирен', 'Светлозарова', 'Георгиева'),
(452, '12ж', 'Мартин', 'Радославов', 'Янев'),
(453, '12и', 'Мая', 'Ивайлова', 'Статева'),
(454, '12и', 'Мирай', 'Рашидов', 'Узунов'),
(455, '12и', 'Моника', 'Петрова', 'Петрова'),
(456, '12и', 'Павел', 'Руменов', 'Цвятков'),
(457, '12и', 'Пламен', 'Димитров', 'Димитров'),
(458, '12и', 'Ради', 'Стоянов', 'Стоянов'),
(459, '12и', 'Радина', 'Димитрова', 'Рашкова'),
(460, '12и', 'Радомир', 'Боянов', 'Станчев'),
(461, '12и', 'Силвия', 'Мартинова', 'Монева'),
(462, '12и', 'Тереза', 'Красимирова', 'Желязкова'),
(699, '9а', 'Александър', 'Мирославов', 'Живков'),
(700, '9а', 'Алла', 'Ашотовна', 'Чобанян'),
(701, '9а', 'Анастасия', 'Анатолиевна', 'Шарапова'),
(702, '9а', 'Ани', 'Тодорова', 'Тодорова'),
(703, '9а', 'Боряна', 'Димитрова', 'Зафирова'),
(704, '9а', 'Веселина', 'Кирилова', 'Коцева'),
(705, '9а', 'Вилен', 'Деянов', 'Добрев'),
(706, '9а', 'Владимир', 'Викторов', 'Андреев'),
(707, '9а', 'Габриела', 'Стоянова', 'Георгиева'),
(708, '9а', 'Гинка', 'Атанасова', 'Михайлова'),
(710, '9а', 'Екатерина', 'Младенова', 'Томова'),
(711, '9а', 'Емил', 'Петров', 'Генчев'),
(712, '9а', 'Ивомира', 'Атанасова', 'Генева'),
(713, '9а', 'Илияна', 'Лефтерова', 'Лефтерова'),
(715, '9а', 'Кристияна', 'Станимирова', 'Николова'),
(716, '9а', 'Милен', 'Юлианов', 'Василев'),
(717, '9а', 'Михаела', 'Кирилова', 'Пеевска'),
(718, '9а', 'Никол', 'Мартинова', 'Гилева'),
(719, '9а', 'Никол', 'Александрова', 'Симеонова'),
(720, '9а', 'Рая', 'Георгиева', 'Георгиева'),
(721, '9а', 'Сирма', 'Младенова', 'Никова'),
(722, '9а', 'София', 'Стефанова', 'Стефанова'),
(723, '9а', 'Стефани', 'Валери', 'Грозева'),
(724, '9а', 'Теодор', 'Светлозаров', 'Карамичев'),
(725, '9а', 'Яница', 'Веселинова', 'Василева'),
(726, '9б', 'Александра', 'Иванова', 'Пенкова'),
(727, '9б', 'Александър', 'Михайлов', 'Вартоломеев'),
(729, '9б', 'Анна', 'Сергеевна', 'Кошко'),
(730, '9б', 'Дамян', 'Каменов', 'Милков'),
(731, '9б', 'Дебора', 'Георгиева', 'Иванова'),
(732, '9б', 'Диана', 'Николаева', 'Петканова'),
(733, '9б', 'Димитър', 'Светославов', 'Димитров'),
(734, '9б', 'Елица', 'Севдалинова', 'Даскалова'),
(735, '9б', 'Жасмин', 'Филева', 'Стоянова'),
(736, '9б', 'Ивалина', 'Иванова', 'Христова'),
(737, '9б', 'Ивона', 'Атансова', 'Иванова'),
(738, '9б', 'Моника', 'Михайлова', 'Тонева'),
(739, '9б', 'Никол', 'Георгиева', 'Георгиева'),
(740, '9б', 'Никол', 'Любомирова', 'Найденова'),
(741, '9б', 'Ния', 'Карасимирова', 'Костадинова'),
(742, '9б', 'Паолина', 'Стоянова', 'Георгиева'),
(743, '9б', 'Преслав', 'Тодоров', 'Колев'),
(744, '9б', 'Радина', 'Симова', 'Симова'),
(745, '9б', 'Радослав', 'Илиянов', 'Тенев'),
(746, '9б', 'Радостина', 'Илиева', 'Атанасова'),
(747, '9б', 'Сияна', 'Руменова', 'Маринова'),
(748, '9б', 'Стела', 'Станимирова', 'Кръстева'),
(749, '9б', 'Стефани', 'Миткова', 'Пейкова'),
(750, '9б', 'Тони', 'Кръстева', 'Кръстева'),
(751, '9б', 'Траяна', 'Величкова', 'Йорданова'),
(753, '9в', 'Адриана', 'Красимирова', 'Ангелова'),
(754, '9в', 'Александрина', 'Светлинова', 'Димитрова'),
(755, '9в', 'Биляна', 'Атанасова', 'Качакова'),
(756, '9в', 'Боян', 'Константинов', 'Димитров'),
(757, '9в', 'Габриела', 'Янкова', 'Дончева'),
(758, '9в', 'Давид', 'Деанов', 'Ангелов'),
(759, '9в', 'Десислава', 'Василева', 'Василева'),
(760, '9в', 'Емануил', 'Еманоилов', 'Нинов'),
(761, '9в', 'Жаклин', 'Атанасова', 'Качакова'),
(762, '9в', 'Ивайло', 'Бориславов', 'Баев'),
(763, '9в', 'Ивелина', 'Валентинова', 'Иванова'),
(764, '9в', 'Ивет', 'Яворова', 'Буюклиева'),
(765, '9в', 'Илиян', 'Даниелов', 'Дрянов'),
(766, '9в', 'Калин', 'Красимиров', 'Крумов'),
(767, '9в', 'Кристиан', 'Светославов', 'Иванов'),
(768, '9в', 'Кристиана', 'Йорданова', 'Йорданова'),
(769, '9в', 'Лора', '', 'Христова'),
(770, '9в', 'Мария', 'Георгиева', 'Копаранова'),
(771, '9в', 'Мартин', 'Веселинов', 'Михов'),
(772, '9в', 'Мартина', 'Стефанова', 'Стефанова'),
(773, '9в', 'Момчил', 'Тонев', 'Житарски'),
(774, '9в', 'Ралица', 'Христова', 'Христова'),
(775, '9в', 'Савина', 'Павлинова', 'Андреева'),
(776, '9в', 'Северина', 'Божидарова', 'Иванова'),
(777, '9в', 'Софи', 'Маринова', 'Добрева'),
(778, '9в', 'София', 'Ивайлова', 'Иванова'),
(779, '9в', 'Теодора', 'Йорданова', 'Димитрова'),
(780, '9г', 'Адриана', 'Божидарова', 'Краева'),
(781, '9г', 'Александра', 'Георгиева', 'Лефтерова'),
(782, '9г', 'Александър', 'Ивов', 'Иванов'),
(783, '9г', 'Биляна', 'Бисерова', 'Братанова'),
(784, '9г', 'Габриела', 'Петрова', 'Петрова'),
(785, '9г', 'Гаврил', 'Красимиров', 'Иванов'),
(786, '9г', 'Деница', 'Димитрова', 'Димитрова'),
(787, '9г', 'Дона', 'Стефанова', 'Филчева'),
(788, '9г', 'Елина', 'Ивайлова', 'Тодорова'),
(789, '9г', 'Жанет', 'Светославова', 'Светославова'),
(790, '9г', 'Ивайла', 'Ивайлова', 'Дишкова'),
(791, '9г', 'Илиян', 'Петков', 'Илиев'),
(792, '9г', 'Йоан', 'Мирославов', 'Бакалов'),
(793, '9г', 'Йоана-Мария', 'Мирославова', 'Митева'),
(794, '9г', 'Йоанна', 'Красимирова', 'Кръстева'),
(795, '9г', 'Лъчезара', 'Иванова', 'Станчева'),
(796, '9г', 'Любомира', 'Тодорова', 'Касабова'),
(797, '9г', 'Мария', 'Маринова', 'Йорданова'),
(798, '9г', 'Мартина', 'Кирилова', 'Хаджиева'),
(799, '9г', 'Мая', 'Иванова', 'Вълчанова'),
(800, '9г', 'Нели', 'Любомирова', 'Зографова'),
(801, '9г', 'Нора', 'Руменова', 'Цветкова'),
(802, '9г', 'Павло', 'Красимиров', 'Славов'),
(803, '9г', 'Паола', 'Захариева', 'Захариева'),
(804, '9г', 'Ралица', 'Кристалинова', 'Тодорова'),
(805, '9г', 'Сесил', 'Руменова', 'Давидова'),
(806, '9г', 'Стоимен', 'Димитров', 'Димитров'),
(807, '9д', 'Александра', 'Димова', 'Димова'),
(808, '9д', 'Александър', 'Валентинов', 'Георгиев'),
(809, '9д', 'Антони', 'Ивов', 'Стамболийски'),
(810, '9д', 'Виктория', 'Владимирова', 'Жекова'),
(811, '9д', 'Виктория', 'Цанкова', 'Дочева'),
(812, '9д', 'Деа', 'Георгиева', 'Панайотова'),
(813, '9д', 'Доротея', 'Виталиева', 'Витанова'),
(814, '9д', 'Драгомир', 'Яворов', 'Драгнев'),
(815, '9д', 'Ивайла', 'Миленова', 'Михнева'),
(816, '9д', 'Ивайла', 'Иванова', 'Кирякова'),
(817, '9д', 'Йоанна', 'Кирилова', 'Петкова'),
(818, '9д', 'Лора', 'Димитрова', 'Димитрова'),
(819, '9д', 'Любомира', 'Евгениева', 'Петрова'),
(820, '9д', 'Мария', 'Георгиева', 'Гроздева'),
(821, '9д', 'Моника', 'Емилова', 'Златева'),
(822, '9д', 'Моника', 'Калоянова', 'Йорданова'),
(823, '9д', 'Натали', 'Георгиева', 'Начева'),
(824, '9д', 'Полина', 'Стефанова', 'Михайлова'),
(825, '9д', 'Радослав', 'Диянов', 'Тодоров'),
(826, '9д', 'Самуил', 'Златанов', 'Златилов'),
(827, '9д', 'Симона', 'Любомирова', 'Роева'),
(828, '9д', 'Симона', 'Стоянова', 'Иванова'),
(829, '9д', 'Симона', 'Симеонова', 'Симеонова'),
(830, '9д', 'Симона', 'Николаева', 'Колева'),
(831, '9д', 'Соня', 'Андреева', 'Иванова'),
(832, '9д', 'Станислава', 'Тодорова', 'Тодорова'),
(833, '9д', 'Стефани', 'Валентинова', 'Стойкова'),
(834, '9е', 'Александра', 'Данаилова', 'Митева'),
(835, '9е', 'Вероника', 'Георгиева', 'Маргаритова'),
(836, '9е', 'Вивиан', 'Димитрова', 'Казакова'),
(837, '9е', 'Габриела', 'Кънчева', 'Христова'),
(838, '9е', 'Габрина', 'Станимирова', 'Стойчева'),
(839, '9е', 'Дамян', 'Стоянов', 'Димитров'),
(840, '9е', 'Деница', 'Деянова', 'Нанкова'),
(842, '9е', 'Иван', 'Георгиев', 'Кюркчиев'),
(843, '9е', 'Иван', 'Дечков', 'Дечев'),
(844, '9е', 'Иванина', 'Иванова', 'Дърмонска'),
(845, '9е', 'Йоан', 'Илиянов', 'Илиев'),
(846, '9е', 'Йоана', 'Градимирова', 'Рачева'),
(847, '9е', 'Кандела', 'Ивана', 'Кокаль'),
(848, '9е', 'Катрин', 'Янкова', 'Костадинова'),
(849, '9е', 'Майя', 'Бранимирова', 'Жилина'),
(850, '9е', 'Марина', 'Диянова', 'Дянкова'),
(851, '9е', 'Михаела', 'Петрова', 'Христова'),
(852, '9е', 'Михаела', 'Галинова', 'Вълчева'),
(853, '9е', 'Надежда', 'Петрова', 'Георгиева'),
(854, '9е', 'Петър', 'Мирославов', 'Петров'),
(855, '9е', 'Пламена', 'Галинова', 'Вълчева'),
(856, '9е', 'Пламена', 'Пламенова', 'Михова'),
(857, '9е', 'Симона', 'Ходер', 'Шуман'),
(858, '9е', 'Слав', 'Маринов', 'Михайлов'),
(859, '9е', 'Стефан', 'Свиленов', 'Спиров'),
(860, '9е', 'Тодор', 'Веселинов', 'Костадинов'),
(861, '9е', 'Хрисияна', 'Петрова', 'Петрова'),
(862, '9ж', 'Александър', 'Георгиев', 'Димитров'),
(863, '9ж', 'Биана', 'Борисова', 'Тончева'),
(864, '9ж', 'Валери', 'Димитрова', 'Чобанова'),
(866, '9ж', 'Дарина', 'Емилова', 'Хараланова'),
(867, '9ж', 'Дарина', 'Ивайлова', 'Брайнова'),
(868, '9ж', 'Дария', 'Михайловна', 'Жаворонкова'),
(869, '9ж', 'Денис', 'Благовест', 'Алеков'),
(870, '9ж', 'Елена', 'Чавдарова', 'Димитрова'),
(871, '9ж', 'Живко', 'Станимиров', 'Сяров'),
(872, '9ж', 'Жулиян', 'Василев', 'Василев'),
(873, '9ж', 'Калоян', 'Александров', 'Борисов'),
(874, '9ж', 'Катерина', 'Димитрова', 'Големанова'),
(875, '9ж', 'Мария', 'Мирославова', 'Борисова'),
(876, '9ж', 'Мартина', 'Евгениева', 'Николаева'),
(878, '9ж', 'Михаела', 'Александрова', 'Архондиева'),
(879, '9ж', 'Михаил', 'Веселинов', 'Вергилов'),
(880, '9ж', 'Никола', 'Нелев', 'Неделчев'),
(881, '9ж', 'Никола', 'Илиянов', 'Бакалов'),
(882, '9ж', 'Полина', 'Иванова', 'Димитрова'),
(883, '9ж', 'Ренета', 'Станиславова', 'Кременска'),
(884, '9ж', 'Цветелина', 'Атанасова', 'Стоянова'),
(885, '9ж', 'Яна', 'Емилова', 'Спасова'),
(886, '9ж', 'Яни', 'Янков', 'Енчев'),
(887, '9з', 'Алекс', 'Петров', 'Иванов'),
(888, '9з', 'Александра', 'Цветанова', 'Евтимова'),
(889, '9з', 'Асен', 'Николаев', 'Рачев'),
(890, '9з', 'Ахинора', 'Деянова', 'Станчева'),
(891, '9з', 'Бояна', 'Валентинова', 'Апостолова'),
(892, '9з', 'Веселин', 'Стилиянов', 'Даскалов'),
(893, '9з', 'Веселина', 'Красимирова', 'Кузманова'),
(894, '9з', 'Виктория', 'Тодорова', 'Филипова'),
(895, '9з', 'Габриела', 'Светлинова', 'Филипова'),
(896, '9з', 'Георг-Кристиан', 'Атанасов', 'Гаджев'),
(897, '9з', 'Екатерина', 'Калоянова', 'Павлова'),
(898, '9з', 'Елена', 'Мирославова', 'Гичева'),
(899, '9з', 'Живко', 'Ивайлов', 'Симеонов'),
(900, '9з', 'Илина', 'Минкова', 'Минкова'),
(901, '9з', 'Илияна', 'Василиева', 'Филипова'),
(902, '9з', 'Киара', 'Живкова', 'Стоянова'),
(903, '9з', 'Константин', 'Свиленов', 'Праматаров'),
(904, '9з', 'Мария', 'Димитрова', 'Боевска'),
(905, '9з', 'Михаела', 'Хрисимова', 'Василева'),
(906, '9з', 'Никол', 'Димитрова', 'Николова'),
(907, '9з', 'Николай', 'Миленов', 'Янчев'),
(908, '9з', 'Радина', 'Светлозарова', 'Нунева'),
(909, '9з', 'Ралица', 'Добрева', 'Добрева'),
(910, '9з', 'Самуил', 'Красенов', 'Ангелов'),
(911, '9з', 'Симеон', 'Светлинов', 'Маринов'),
(912, '9з', 'Стоян', 'Стефчев', 'Тончев'),
(913, '9з', 'Христо', 'Пламенов', 'Тодоров'),
(914, '9з', 'Цвета', 'Сергеева', 'Цветанова'),
(915, '9и', 'Александра', 'Стоянова', 'Атанасова'),
(916, '9и', 'Ангелина', 'Вълчева', 'Иванова'),
(917, '9и', 'Биляна', 'Пламенова', 'Вълкова'),
(918, '9и', 'Весела', 'Георгиева', 'Дичева'),
(919, '9и', 'Габриела', 'Димитрова', 'Клисарска'),
(920, '9и', 'Деница', 'Георгиева', 'Николова'),
(921, '9и', 'Елизавета', 'Андреевна', 'Морева'),
(922, '9и', 'Жанета', 'Георгиева', 'Георгиева'),
(923, '9и', 'Ива', 'Иванова', 'Булиева'),
(925, '9и', 'Изабел', 'Росенова', 'Мирчева'),
(926, '9и', 'Калоян', 'Живков', 'Радушев'),
(927, '9и', 'Лиана', 'Цветанова', 'Пировска'),
(928, '9и', 'Лора', 'Красимирова', 'Гайдарова'),
(929, '9и', 'Магдалена', 'Георгиева', 'Георгиева'),
(930, '9и', 'Мария', 'Светлозарова', 'Ванкова'),
(931, '9и', 'Патриция', 'Петрова', 'Иванова'),
(932, '9и', 'Радина', 'Росенова', 'Узунова'),
(933, '9и', 'Ренета', 'Константинова', 'Пейчева'),
(934, '9и', 'Румяна', 'Георгиева', 'Георгиева'),
(935, '9и', 'Селда', 'Хюсеин', 'Хилми'),
(936, '9и', 'Сияна', 'Маихайлова', 'Стоянова'),
(937, '9и', 'Славена', 'Ивайлова', 'Балалова'),
(938, '9и', 'Стефания', 'Пламенова', 'Кафадарова'),
(939, '9и', 'Ясен', 'Юлиянов', 'Корабов'),
(940, '10а', 'Александър', 'Веселинов', 'Александров'),
(941, '10а', 'Анжелика', 'Миленова', 'Касабова'),
(942, '10а', 'Борислав', 'Петров', 'Сърнев'),
(944, '10а', 'Владимира', 'Владимирова', 'Караджилова'),
(945, '10а', 'Габриела', 'Валериева', 'Христова'),
(946, '10а', 'Георгий', 'Автандилович', 'Месхия'),
(947, '10а', 'Давид', 'Георгиев', 'Петров'),
(948, '10а', 'Десислава', 'Георгиева', 'Арнаудова'),
(949, '10а', 'Димитър', 'Димитров', 'Куцаров'),
(950, '10а', 'Ива', 'Илкова', 'Николова'),
(951, '10а', 'Ивайло', 'Даниелов', 'Димитров'),
(952, '10а', 'Ивет-Стефани', 'Атанасова', 'Иванова'),
(953, '10а', 'Йоана', 'Славова', 'Кабакова'),
(954, '10а', 'Калина', 'Атанасова', 'Иванова'),
(955, '10а', 'Кирил', 'Борисов', 'Зангаголев'),
(956, '10а', 'Кристина', 'Живкова', 'Куцарова'),
(957, '10а', 'Мирослава', 'Карол', 'Патлеева'),
(958, '10а', 'Николета', 'Радославова', 'Колева'),
(959, '10а', 'Ния', 'Росенова', 'Русева'),
(960, '10а', 'Ния', 'Маринова', 'Недева'),
(961, '10а', 'Памела', 'Ценкова', 'Цанкова'),
(962, '10а', 'Пламена', 'Миленова', 'Милушева'),
(963, '10а', 'Светлин', 'Георгиев', 'Шиваров'),
(964, '10а', 'Светлозар', 'Михайлов', 'Милушев'),
(965, '10а', 'Свилена', 'Свиленова', 'Столарова'),
(966, '10а', 'Симона', 'Деянова', 'Йорданова'),
(967, '10а', 'Фани', 'Рафетова', 'Ахмедова'),
(968, '10б', 'Александра', 'Калинова', 'Дончева'),
(969, '10б', 'Алис', 'Иванова', 'Славкова'),
(970, '10б', 'Андреа', 'Николаева', 'Божилова'),
(971, '10б', 'Антонина', 'Бориславова', 'Петрова'),
(972, '10б', 'Бисер', 'Бориславов', 'Диков'),
(973, '10б', 'Валентин', 'Димитров', 'Големанов'),
(974, '10б', 'Виктория', 'Ивайлова', 'Вълчева'),
(975, '10б', 'Диляна', 'Георгиева', 'Георгиева'),
(976, '10б', 'Иван', 'Валентинов', 'Иванов'),
(977, '10б', 'Ивона', 'Димитрова', 'Ненчева'),
(978, '10б', 'Илия', 'Веселинов', 'Чакъров'),
(980, '10б', 'Йоанна', 'Христова', 'Колева'),
(981, '10б', 'Йордан', 'Алексанров', 'Петков'),
(982, '10б', 'Катерина', 'Стефанова', 'Николова'),
(983, '10б', 'Катя', 'Росенова', 'Маринова'),
(984, '10б', 'Константин', 'Желев', 'Костов'),
(985, '10б', 'Лиляна', 'Петрова', 'Сапунджиева'),
(986, '10б', 'Милица', 'Галинова', 'Николова');
INSERT INTO `fls1egvn_students` (`student_nr`, `class`, `name`, `surname`, `family`) VALUES
(987, '10б', 'Мира', 'Ивелинова', 'Велкова'),
(988, '10б', 'Михаела', 'Огнянова', 'Бориславова'),
(989, '10б', 'Михаела', 'Любомирова', 'Дучева'),
(990, '10б', 'Никола', 'Иванов', 'Николов'),
(991, '10б', 'Пламен', 'Пламенов', 'Дяков'),
(992, '10б', 'Полина', 'Христова', 'Маринова'),
(993, '10б', 'Силвия', 'Николаева', 'Николова'),
(994, '10б', 'Христина', 'Николаева', 'Василева'),
(995, '10б', 'Християн', 'Мартинов', 'Мавродиев'),
(996, '10в', 'Алекс', 'Калинов', 'Кирилов'),
(998, '10в', 'Велина', 'Марианова', 'Георгиева'),
(999, '10в', 'Венцеслав', 'Емилов', 'Монев'),
(1000, '10в', 'Вяра', 'Валентинова', 'Василева'),
(1001, '10в', 'Георги', 'Александров', 'Петров'),
(1002, '10в', 'Дарин', 'Валериев', 'Дучев'),
(1003, '10в', 'Дарина', 'Красимирова', 'Узова'),
(1004, '10в', 'Деница', 'Георгиева', 'Господинова'),
(1005, '10в', 'Диляна', 'Любомирова', 'Трифонова'),
(1006, '10в', 'Иван', 'Валериев', 'Дучев'),
(1007, '10в', 'Катерина', 'Иванова', 'Желева'),
(1008, '10в', 'Лиляна', 'Каменова', 'Илиева'),
(1009, '10в', 'Лора', 'Петрова', 'Христова'),
(1010, '10в', 'Мартин', 'Мирославов', 'Николов'),
(1011, '10в', 'Моника', 'Трифонова', 'Трифонова'),
(1012, '10в', 'Наталия', 'Владимирова', 'Тодорова'),
(1013, '10в', 'Небие', 'Мехмед', 'Бекир'),
(1014, '10в', 'Невена', 'Десиславова', 'Дончева'),
(1015, '10в', 'Ния', 'Ивелинова', 'Неделчева'),
(1016, '10в', 'Паша', 'Калинова', 'Караиванова'),
(1017, '10в', 'Рада', 'Руменова', 'Лазарова'),
(1018, '10в', 'Радостин', 'Руменов', 'Начев'),
(1019, '10в', 'Светланка', 'Йорданова', 'Йорданова'),
(1020, '10в', 'Тея', 'Ивелинова', 'Неделчева'),
(1021, '10в', 'Цветелина', 'Ивелин', 'Иванова'),
(1022, '10г', 'Анна', 'Димитрова', 'Троянова'),
(1023, '10г', 'Бояна', 'Миткова', 'Александрова'),
(1024, '10г', 'Велин', 'Николаев', 'Димитров'),
(1025, '10г', 'Венеция', 'Иванова', 'Бадинска'),
(1026, '10г', 'Виктория', 'Емилова', 'Димитрова'),
(1027, '10г', 'Габриела', 'Павлова', 'Костадинова'),
(1028, '10г', 'Габриела', 'Николаева', 'Барбулова'),
(1029, '10г', 'Георги', 'Галинов', 'Ганчев'),
(1030, '10г', 'Даниел', 'Мартинов', 'Кондов'),
(1031, '10г', 'Деница', 'Красимирова', 'Йосифова'),
(1032, '10г', 'Джемиле', 'Салих', 'Фейзичауш'),
(1033, '10г', 'Елица', 'Николаева', 'Ганева'),
(1034, '10г', 'Ема', 'Джийн', 'Тодоров'),
(1035, '10г', 'Емил', 'Светославов', 'Георгиев'),
(1036, '10г', 'Златина', 'Паскова', 'Илиева'),
(1037, '10г', 'Ивайло', 'Боянов', 'Вълчев'),
(1038, '10г', 'Калоян', 'Светославов', 'Банков'),
(1039, '10г', 'Кристина', 'Росенова', 'Събева'),
(1040, '10г', 'Лидия', 'Желязкова', 'Недкова'),
(1041, '10г', 'Люсиен', 'Андон', 'Бюкюджян'),
(1042, '10г', 'Мадлен', 'Бисерова', 'Стоянова'),
(1043, '10г', 'Росина', 'Даниелова', 'Станева'),
(1044, '10г', 'Симеон', 'Огнянов', 'Петров'),
(1047, '10г', 'Стелияна', 'Янчева', 'Янчева'),
(1048, '10г', 'Стефан', 'Стефанов', 'Начев'),
(1049, '10г', 'Стефани', 'Валентинова', 'Бабуркова'),
(1050, '10д', 'Алекс', 'Мартинов', 'Кондов'),
(1051, '10д', 'Александра', 'Евгениевна', 'Генчева'),
(1052, '10д', 'Ана', 'Ивайлова', 'Йорданова'),
(1053, '10д', 'Валери', 'Стефанов', 'Пенчев'),
(1054, '10д', 'Георги', 'Георгиев', 'Йовчев'),
(1055, '10д', 'Дария', 'Бориславова', 'Борисова'),
(1056, '10д', 'Елена', 'Адрианова', 'Велчева'),
(1057, '10д', 'Йоана', 'Валентинова', 'Неделчева'),
(1058, '10д', 'Йоанна', 'Стаменова', 'Стаматова'),
(1059, '10д', 'Йордана', 'Илийчева', 'Илиева'),
(1060, '10д', 'Константина', 'Миткова', 'Георгиева'),
(1061, '10д', 'Любомир', 'Георгиев', 'Манушкин'),
(1063, '10д', 'Мария', 'Стойчева', 'Пенева'),
(1064, '10д', 'Мелиса', 'Илхан', 'Мустафа'),
(1065, '10д', 'Моника', 'Генчева', 'Йорданова'),
(1066, '10д', 'Олга', 'Ангелова', 'Ангелова'),
(1067, '10д', 'Райна', 'Василева', 'Гетова'),
(1068, '10д', 'Ралица', 'Томова', 'Томова'),
(1069, '10д', 'Ралица', 'Радославова', 'Русева'),
(1070, '10д', 'Силвия', 'Божидарова', 'Борисова'),
(1071, '9д', 'Станил', 'Кремен', 'Маринов'),
(1072, '10д', 'Стефан', 'Добромиров', 'Краев'),
(1073, '10д', 'Сузан', 'Нурай', 'Адем'),
(1074, '10д', 'Теодора', 'Миткова', 'Калоянова'),
(1075, '10д', 'Траяна', 'Мирославова', 'Маркова'),
(1076, '10д', 'Цвета', 'Георгиева', 'Георгиева'),
(1077, '10д', 'Цветан', 'Руменов', 'Цветанов'),
(1078, '10е', 'Александър', 'Атанасов', 'Атанасов'),
(1079, '10е', 'Антоанета', 'Атанасова', 'Милева'),
(1080, '10е', 'Боряна', 'Мартинова', 'Тодорова'),
(1081, '10е', 'Весела', 'Орлинова', 'Стефанова'),
(1082, '10е', 'Веселина', 'Цветанова', 'Борисова'),
(1084, '10е', 'Георги', 'Детелинов', 'Гецов'),
(1085, '10е', 'Георги', 'Пламенов', 'Сираков'),
(1086, '10е', 'Данаил', 'Емилов', 'Златев'),
(1087, '10е', 'Десислава', 'Христова', 'Белева'),
(1088, '10е', 'Ерина', 'Делянова', 'Николова'),
(1089, '10е', 'Ива', 'Руменова', 'Цветкова'),
(1090, '10е', 'Йоан', 'Николаев', 'Георгиев'),
(1091, '10е', 'Магдалена', 'Николова', 'Запрянова'),
(1092, '10е', 'Магдалена', 'Димитрова', 'Михалева'),
(1093, '10е', 'Мария', 'Стефанова', 'Стоянова'),
(1094, '10е', 'Марияна', 'Драгомирова', 'Ангелова'),
(1095, '10е', 'Никол', 'Даниелова', 'Недялкова'),
(1096, '10е', 'Николай', 'Петков', 'Русанов'),
(1097, '10е', 'Николай', 'Станиславов', 'Николов'),
(1098, '10е', 'Радина', 'Делева', 'Славова'),
(1099, '10е', 'Ралица', 'Ивайлова', 'Шопова'),
(1100, '10е', 'Стелиян', 'Юлиянов', 'Сапунджиев'),
(1101, '10е', 'Стефан', 'Емилов', 'Константинов'),
(1102, '10е', 'Стоил', 'Стоянов', 'Йорданов'),
(1103, '10е', 'Яна', 'Галинова', 'Илиева'),
(1104, '10ж', 'Венелин', 'Живков', 'Дачев'),
(1105, '10ж', 'Габриела', 'Владимирова', 'Владимирова'),
(1106, '10ж', 'Деница', 'Маринова', 'Петрова'),
(1107, '10ж', 'Деница', 'Николаева', 'Георгиева'),
(1108, '10ж', 'Десислава', 'Георгиева', 'Марчева'),
(1109, '10ж', 'Десислава', 'Юлиан', 'Узунова'),
(1110, '10ж', 'Диляна', 'Пламенова', 'Пенчева'),
(1111, '10ж', 'Емилиан', 'Илианов', 'Калканджиев'),
(1112, '10ж', 'Ивета', 'Илиева', 'Иванова'),
(1113, '10ж', 'Кристиан', 'Александров', 'Христов'),
(1114, '10ж', 'Марияна', 'Иванова', 'Янакиева'),
(1115, '10ж', 'Мартин', 'Тихомиров', 'Тодоров'),
(1116, '10ж', 'Мирела', 'Стефанова', 'Коева'),
(1117, '10ж', 'Михаела', 'Драгомирова', 'Сярова'),
(1118, '10ж', 'Никол', 'Стефанова', 'Стефанова'),
(1119, '10ж', 'Николиан', 'Младенов', 'Вълчев'),
(1120, '10ж', 'Павел', 'Василев', 'Косев'),
(1122, '10ж', 'Петя', 'Димчева', 'Димова'),
(1123, '10ж', 'Петя', 'Диянова', 'Петрова'),
(1124, '10ж', 'Радостина', 'Мариянова', 'Петкова'),
(1125, '10ж', 'Силвия', 'Веселинова', 'Митева'),
(1126, '10ж', 'София', 'Стефанова', 'Лефтерова'),
(1127, '10ж', 'Станимир', 'Димитров', 'Димитров'),
(1128, '10ж', 'Теодора', 'Радомирова', 'Димитрова'),
(1129, '10ж', 'Яница', 'Георгиева', 'Кирова'),
(1130, '10з', 'Александър', 'Йорданов', 'Луков'),
(1131, '10з', 'Антония', 'Бисерова', 'Димитрова'),
(1132, '10з', 'Благовеста', 'Свиленова', 'Банчева'),
(1133, '10з', 'Борислав', 'Свиленов', 'Камбуров'),
(1134, '10з', 'Деница', 'Георгиева', 'Арабаджиева'),
(1135, '10з', 'Димана', 'Веселинова', 'Георгиева'),
(1136, '10з', 'Елизабет', 'Тихомирова', 'Ангелова'),
(1137, '10з', 'Жасмина', 'Стоянова', 'Стоянова'),
(1138, '10з', 'Женя', 'Владимирова', 'Ненова'),
(1139, '10з', 'Иван', 'Георгиев', 'Банков'),
(1140, '10з', 'Йоанна', 'Илиева', 'Костадинова'),
(1141, '10з', 'Йоанна', 'Николаева', 'Момчева'),
(1142, '10з', 'Камен', 'Мирославов', 'Илиев'),
(1144, '10з', 'Лора', 'Кателиева', 'Александрова'),
(1146, '10з', 'Мартин', 'Радославов', 'Вичев'),
(1147, '10з', 'Мартин', 'Иванов', 'Димитров'),
(1148, '10з', 'Милан', 'Николаев', 'Ганчев'),
(1149, '10з', 'Ния', 'Николаева', 'Иванова'),
(1150, '10з', 'Ния', 'Лазарова', 'Бучкова'),
(1151, '10з', 'Петър', 'Атанасов', 'Стойлов'),
(1152, '10з', 'Петя', 'Пламенова', 'Димитрова'),
(1153, '10з', 'Симона', 'Живкова', 'Близнакова'),
(1154, '10з', 'Стела', 'Калинова', 'Сутева'),
(1155, '10з', 'Стефан', 'Валентинов', 'МАринчев'),
(1156, '10з', 'Юлияна', 'Михаилова', 'Вълчева'),
(1157, '10з', 'Яна', 'Добромирова', 'Добрева'),
(1158, '10и', 'Александър', 'Владиславов', 'Хараламбиев'),
(1159, '10и', 'Александър', 'Едмон', 'Лазаров'),
(1160, '10и', 'Атанас', 'Симеонов', 'Маринов'),
(1161, '10и', 'Виктория', 'Иванова', 'Дочевска'),
(1162, '10и', 'Виола', 'Едуард', 'Зайончковска'),
(1163, '10и', 'Дана', 'Кирилова', 'Камбурова'),
(1165, '10и', 'Ела', 'Свиленова', 'Дойкова'),
(1166, '10и', 'Ивелина', 'Атанасова', 'Калева'),
(1167, '10и', 'Илина', 'Илкова', 'Иванова'),
(1168, '10и', 'Илина', 'Валентинова', 'Вълчева'),
(1169, '10и', 'Ирена', 'Йорданова', 'Йорданова'),
(1170, '10и', 'Йоанна', 'Димова', 'Златева'),
(1171, '10и', 'Константин', 'Дойчинов', 'Дичев'),
(1172, '10и', 'Марина', 'Цветанова', 'Цонева'),
(1173, '10и', 'Мария', 'Руменова', 'Славова'),
(1174, '10и', 'Мартин', 'Иваилов', 'Йорданов'),
(1175, '10и', 'Мартин', 'Маринов', 'Първанов'),
(1176, '10и', 'Мирела', 'Красимирова', 'Кирилова'),
(1177, '10и', 'Мирослава', 'Димитрова', 'Петрова'),
(1178, '10и', 'Петър', 'Василев', 'Велев'),
(1179, '10и', 'Пламен', 'Живков', 'Апостолов'),
(1180, '10и', 'Рада', 'Светославова', 'Славова'),
(1181, '10и', 'Радина', 'Димчева', 'Димова'),
(1182, '10и', 'Радостина', 'Кънчева', 'Кънчева'),
(1183, '10и', 'Теодора', 'Георгиева', 'Симеонова'),
(1184, '10и', 'Хюлия', 'Сунай', 'Чаир'),
(1185, '10и', 'Чавдар', 'Йорданов', 'Драшков'),
(1186, '10в', 'Виктория', 'Араш', 'Хакхаманешиян\r\n'),
(1187, '10е', 'Радина', 'Миткова', 'Паталова\r\n'),
(1188, '10е', 'Стелияна', 'Димитрова', 'Петкова\r\n'),
(1189, '11г', 'Петър', 'Мартинов', 'Ганчев\r\n'),
(1190, '11е', 'Кристияна', 'Ангелова', 'Воденичарова\r\n'),
(1191, '12е', 'Роберт', 'Цанков', 'Дончев\r\n'),
(1192, '8а', 'Александър', 'Димов', 'Хътов\r\n'),
(1193, '8а', 'Анита', 'Емилова', 'Асенова\r\n'),
(1194, '8а', 'Божидара', 'Раданова', 'Мирянова\r\n'),
(1195, '8а', 'Борис', 'Николаев', 'Стоянов\r\n'),
(1196, '8а', 'Борислав', 'Ивайлов', 'Борисов\r\n'),
(1197, '8а', 'Виктор', 'Свиленов', 'Савчев\r\n'),
(1198, '8а', 'Даниел', 'Асенов', 'Николов\r\n'),
(1199, '8а', 'Даниел', 'Руменов', 'Райков\r\n'),
(1200, '8а', 'Златомир', 'Миленов', 'Николов\r\n'),
(1201, '8а', 'Иван', 'Иванов', 'Сердаров\r\n'),
(1202, '8а', 'Игор', 'Игорович', 'Кучер\r\n'),
(1203, '8а', 'Йоана', 'Ивайлова', 'Иванова\r\n'),
(1204, '8а', 'Калоян', 'Лъчезаров', 'Лазаров\r\n'),
(1205, '8а', 'Кристин', 'Жекова', 'Жекова\r\n'),
(1206, '8а', 'Мария', 'Димитрова', 'Атанасова\r\n'),
(1207, '8а', 'Мария', 'Димитрова', 'Куртева\r\n'),
(1208, '8а', 'Мартин', 'Любомиров', 'Джамбазов\r\n'),
(1209, '8а', 'Мартина', 'Драгомирова', 'Славчева\r\n'),
(1210, '8а', 'Моника', 'Евгениева', 'Александрова\r\n'),
(1211, '8а', 'Нено', 'Маринов', 'Ненчев\r\n'),
(1212, '8а', 'Ния', 'Кирилова', 'Атанасова\r\n'),
(1213, '8а', 'Полина', 'Миленова', 'Маринова\r\n'),
(1214, '8а', 'Силвия', 'Дочева', 'Чемширова\r\n'),
(1215, '8а', 'Славена', 'Диянова', 'Димитрова\r\n'),
(1216, '8а', 'София', 'Каменова', 'Димитрова\r\n'),
(1217, '8а', 'Явор', 'Константинов', 'Стоянов\r\n'),
(1218, '8б', 'Александра', 'Виолинова', 'Иванова\r\n'),
(1219, '8б', 'Белла', 'Антониева', 'Крушарска\r\n'),
(1220, '8б', 'Белла', 'Иванова', 'Тинчева\r\n'),
(1221, '8б', 'Васил', 'Василев', 'Божков\r\n'),
(1222, '8б', 'Венцислава', 'Пламенова', 'Петкова\r\n'),
(1223, '8б', 'Виктория', 'Иванова', 'Иванова\r\n'),
(1224, '8б', 'Георги', 'Ивайлов', 'Ковачев\r\n'),
(1225, '8б', 'Дамяна', 'Богомилова', 'Бочева\r\n'),
(1226, '8б', 'Деница', 'Милкова', 'Русева\r\n'),
(1227, '8б', 'Деница-Йоана', 'Величкова', 'Великова\r\n'),
(1228, '8б', 'Елена', 'Константинова', 'Добрева\r\n'),
(1229, '8б', 'Емануела', 'Емил', 'Христова\r\n'),
(1230, '8б', 'Иван', 'Ангелов', 'Колев\r\n'),
(1231, '8б', 'Изабел', 'Борис', 'Пантелеева\r\n'),
(1232, '8б', 'Илчо', 'Каменов', 'Терзиев\r\n'),
(1233, '8б', 'Ириней', 'Свилен', 'Георгиев\r\n'),
(1234, '8б', 'Кристина', 'Николаева', 'Янчева\r\n'),
(1235, '8б', 'Мария', 'Светлозар', 'Пенева\r\n'),
(1236, '8б', 'Никола', 'Емилов', 'Стоянов\r\n'),
(1237, '8б', 'Никола', 'Петров', 'Петров\r\n'),
(1238, '8б', 'Огнян', 'Огнянов', 'Стойчев\r\n'),
(1239, '8б', 'Павел', 'Андреевич', 'Матков\r\n'),
(1240, '8б', 'Полина', 'Венциславова', 'Радева\r\n'),
(1241, '8б', 'Рая', 'Георгиева', 'Павлова\r\n'),
(1242, '8б', 'Рая', 'Цветелинова', 'Драганова\r\n'),
(1243, '8б', 'Светослав', 'Илиев', 'Конаков\r\n'),
(1244, '8б', 'Стефан', 'Добромиров', 'Анастасов\r\n'),
(1245, '8в', 'Адриана', 'Младенова', 'Нягулова\r\n'),
(1246, '8в', 'Антон', 'Иванов', 'Иванов\r\n'),
(1247, '8в', 'Антоний', 'Тодоров', 'Моралийски\r\n'),
(1248, '8в', 'Атанас', 'Атанасов', 'Савов\r\n'),
(1249, '8в', 'Валентин', 'Атанасов', 'Атанасов\r\n'),
(1250, '8в', 'Василена', 'Трифонова', 'Василева\r\n'),
(1251, '8в', 'Веселин', 'Станиславов', 'Борисов\r\n'),
(1252, '8в', 'Виктор', 'Радославов', 'Купенов\r\n'),
(1253, '8в', 'Виктор', 'Светославов', 'Митев\r\n'),
(1254, '8в', 'Виктория', 'Миленова', 'Зашева\r\n'),
(1255, '8в', 'Волен', 'Павлов', 'Луканов\r\n'),
(1256, '8в', 'Дамян', 'Евгениев', 'Тонков\r\n'),
(1257, '8в', 'Деяна', 'Деянова', 'Денчева\r\n'),
(1258, '8в', 'Диана', 'Юлиянова', 'Николова\r\n'),
(1259, '8в', 'Елица', 'Ангелова', 'Лазарова\r\n'),
(1260, '8в', 'Иван', 'Андриянов', 'Евтимов\r\n'),
(1261, '8в', 'Игнат', 'Ивелинов', 'Игнатов\r\n'),
(1262, '8в', 'Кристиян', 'Стефанов', 'Колев\r\n'),
(1263, '8в', 'Михаела', 'Каменова', 'Горанова\r\n'),
(1264, '8в', 'Мона', 'Маринова', 'Демирова\r\n'),
(1265, '8в', 'Мурад', 'Салиев', 'Табаков\r\n'),
(1266, '8в', 'Натали', 'Иванова', 'Иванова\r\n'),
(1267, '8в', 'Николай', 'Веселинов', 'Николов\r\n'),
(1268, '8в', 'Снежина', 'Владимирова', 'Николова\r\n'),
(1269, '8в', 'София', 'Борисова', 'Стоянова\r\n'),
(1270, '8в', 'Станко', 'Красимиров', 'Петров\r\n'),
(1271, '8в', 'Стелиян', 'Димитров', 'Стоянов\r\n'),
(1272, '8в', 'Яна', 'Андреевна', 'Соловодникова\r\n'),
(1273, '8г', 'Александър', 'Мартинов', 'Янев\r\n'),
(1274, '8г', 'Андреа', 'Стефанова', 'Константинова\r\n'),
(1275, '8г', 'Борис', 'Борисов', 'Драгнев\r\n'),
(1276, '8г', 'Борислава', 'Василева', 'Топанджиева\r\n'),
(1277, '8г', 'Виктория', 'Бранимирова', 'Балачева\r\n'),
(1278, '8г', 'Габриела', 'Венциславова', 'Димова\r\n'),
(1279, '8г', 'Георги', 'Свиленов', 'Войков\r\n'),
(1280, '8г', 'Давид', 'Йорданов', 'Йорданов\r\n'),
(1281, '8г', 'Евелин', 'Ивелинова', 'Петрова\r\n'),
(1282, '8г', 'Елина', 'Валентинова', 'Коларова\r\n'),
(1283, '8г', 'Елия-Найле', 'Али', 'Ал'),
(1284, '8г', 'Йоанна', 'Тихомирова', 'Георгиева\r\n'),
(1285, '8г', 'Калина', 'Петрова', 'Цонева\r\n'),
(1286, '8г', 'Кристина', 'Христова', 'Христова\r\n'),
(1287, '8г', 'Маргарита', 'Николай', 'Почеканова\r\n'),
(1288, '8г', 'Марина', 'Димитрова', 'Димитрова\r\n'),
(1289, '8г', 'Мартина', 'Боянова', 'Господинова\r\n'),
(1290, '8г', 'Момчил', 'Чавдаров', 'Генев\r\n'),
(1291, '8г', 'Наталия', 'Тодорова', 'Сарафова\r\n'),
(1292, '8г', 'Никол', 'Владова', 'Атанасова\r\n'),
(1293, '8г', 'Никола', 'Александров', 'Александров\r\n'),
(1294, '8г', 'Патрисия', 'Милчева', 'Петрова\r\n'),
(1295, '8г', 'Полислав', 'Валентинов', 'Пешев\r\n'),
(1296, '8г', 'Пресияна', 'Веселинова', 'Димитрова\r\n'),
(1297, '8г', 'Радослав', 'Евгениев', 'Станимиров\r\n'),
(1298, '8г', 'Слав', 'Василев', 'Косев\r\n'),
(1299, '8г', 'Таня', 'Стилиянова', 'Станкова\r\n'),
(1300, '8д', 'Аделина', 'Пламенова', 'Стаменова\r\n'),
(1301, '8д', 'Александър', 'Атанасов', 'Стойков\r\n'),
(1302, '8д', 'Александър', 'Деянов', 'Александров\r\n'),
(1303, '8д', 'Анна', 'Добрева', 'Димова\r\n'),
(1304, '8д', 'Анна-Мария', 'Мирославова', 'Антонова\r\n'),
(1305, '8д', 'Антония', 'Антонова', 'Ганева\r\n'),
(1306, '8д', 'Валери', 'Веселинов', 'Калудов\r\n'),
(1307, '8д', 'Велиана', 'Миленова', 'Радева\r\n'),
(1308, '8д', 'Виктор', 'Александров', 'Скачков\r\n'),
(1309, '8д', 'Габриела', 'Николаева', 'Илиева\r\n'),
(1310, '8д', 'Даниел', 'Мирославов', 'Ганев\r\n'),
(1311, '8д', 'Диана', 'Владимирова', 'Димитрова\r\n'),
(1312, '8д', 'Екатерина', 'Георгиева', 'Маринова\r\n'),
(1313, '8д', 'Здравко', 'Милков', 'Славов\r\n'),
(1314, '8д', 'Ивелина', 'Пламенова', 'Петрова\r\n'),
(1315, '8д', 'Калина', 'Яворова', 'Паунова\r\n'),
(1316, '8д', 'Кристиан', 'Веселинов', 'Парашкевов\r\n'),
(1317, '8д', 'Мартин', 'Владимиров', 'Карастоянов\r\n'),
(1318, '8д', 'Микаела', 'Веселинова', 'Петкова\r\n'),
(1319, '8д', 'Милена', 'Бориславова', 'Дяволова\r\n'),
(1320, '8д', 'Никола', 'Иванов', 'Учкунов\r\n'),
(1321, '8д', 'Николай', 'Димитров', 'Пантев\r\n'),
(1322, '8д', 'Николай', 'Иванов', 'Стоянов\r\n'),
(1323, '8д', 'Павел', 'Петров', 'Петров\r\n'),
(1324, '8д', 'Силвена', 'Свиленова', 'Христова\r\n'),
(1325, '8д', 'Филипа', 'Красенова', 'Радилева\r\n'),
(1326, '8е', 'Ана', 'Николаева', 'Ангелова\r\n'),
(1327, '8е', 'Анелия', 'Кирилова', 'Димитрова\r\n'),
(1328, '8е', 'Василена', 'Радославова', 'Маринова\r\n'),
(1329, '8е', 'Виктория', 'Деянова', 'Димитрова\r\n'),
(1330, '8е', 'Габриела', 'Генадиева', 'Нанкова\r\n'),
(1331, '8е', 'Генчо', 'Колев', 'Колев\r\n'),
(1332, '8е', 'Даниела', 'Иванова', 'Стратиева\r\n'),
(1333, '8е', 'Денислав', 'Русев', 'Русев\r\n'),
(1334, '8е', 'Димана', 'Игнатова', 'Стойчева\r\n'),
(1335, '8е', 'Елиса', 'Еролова', 'Ибрямова\r\n'),
(1336, '8е', 'Йоана', 'Данаилова', 'Добрева\r\n'),
(1337, '8е', 'Калина', 'Николаева', 'Ганчева\r\n'),
(1338, '8е', 'Мартина', 'Галинова', 'Цанева\r\n'),
(1339, '8е', 'Михаил', 'Светославов', 'Величков\r\n'),
(1340, '8е', 'Моника', 'Николаева', 'Тодорова\r\n'),
(1341, '8е', 'Невена', 'Георгиева', 'Кабаджова\r\n'),
(1342, '8е', 'Нелина', 'Димитрова', 'Димчева\r\n'),
(1343, '8е', 'Николай', 'Анев', 'Стоичков\r\n'),
(1344, '8е', 'Памела', 'Станиславова', 'Славова\r\n'),
(1345, '8е', 'Сара', 'Хюсеин', 'Харанди\r\n'),
(1346, '8е', 'Силвия', 'Маринова', 'Маринова\r\n'),
(1347, '8е', 'София', 'Диянова', 'Иванова\r\n'),
(1348, '8е', 'Христина', 'Христова', 'Колева\r\n'),
(1349, '8е', 'Цветина', 'Ангелова', 'Ангелова\r\n'),
(1350, '8е', 'Юлия', 'Илиева', 'Златева\r\n'),
(1351, '8е', 'Яна', 'Калоянова', 'Желязкова\r\n'),
(1352, '8е', 'Яна', 'Филипова', 'Радославова\r\n'),
(1353, '8ж', 'Александър', 'Орлинов', 'Стефанов\r\n'),
(1354, '8ж', 'Анастасия', 'Валентинова', 'Фердова\r\n'),
(1355, '8ж', 'Вероника', 'Драгомирова', 'Драганова\r\n'),
(1356, '8ж', 'Галина', 'Станиславова', 'Григорова\r\n'),
(1357, '8ж', 'Даниел', 'Даниел', 'Иванов\r\n'),
(1358, '8ж', 'Дефне', 'Сюзджан', 'Исмаил\r\n'),
(1359, '8ж', 'Димитър', 'Иванов', 'Овчаров\r\n'),
(1360, '8ж', 'Ева', 'Петрова', 'Узунова\r\n'),
(1361, '8ж', 'Зорница', 'Атанасова', 'Атанасова\r\n'),
(1362, '8ж', 'Йордан', 'Атанасов', 'Боев\r\n'),
(1363, '8ж', 'Калина', 'Антонова', 'Стоянова\r\n'),
(1364, '8ж', 'Калина', 'Йорданова', 'Йорданова\r\n'),
(1365, '8ж', 'Карина', 'Гюрсел', 'Карагьоз\r\n'),
(1366, '8ж', 'Кристияна', 'Валентинова', 'Василева\r\n'),
(1367, '8ж', 'Микаела', 'Дамянова', 'Илиева\r\n'),
(1368, '8ж', 'Никита', 'Едоардович', 'Коридоров\r\n'),
(1369, '8ж', 'Никол', 'Иванова', 'Иванова\r\n'),
(1370, '8ж', 'Никола', 'Стилиянов', 'Даскалов\r\n'),
(1371, '8ж', 'Пенчо', 'Калоянов', 'Иванов\r\n'),
(1372, '8ж', 'Преслав', 'Иванов', 'Иванов\r\n'),
(1373, '8ж', 'Ралица', 'Стефанова', 'Димитрова\r\n'),
(1374, '8ж', 'Самуил', 'Антонов', 'Миланов\r\n'),
(1375, '8ж', 'Светослав', 'Станимиров', 'Илиев\r\n'),
(1376, '8ж', 'Стела', 'Галинова', 'Бъчварова\r\n'),
(1377, '8ж', 'Теа', 'Стоянова', 'Стоянова\r\n'),
(1378, '8ж', 'Траяна', 'Николаева', 'Трайкова\r\n'),
(1379, '8з', 'Анастасия', 'Илиева', 'Бекярова\r\n'),
(1380, '8з', 'Антония', 'Диянова', 'Иванова\r\n'),
(1381, '8з', 'Антъни', 'Пол', 'Димитров\r\n'),
(1382, '8з', 'Боряна', 'Иванова', 'Цветкова\r\n'),
(1383, '8з', 'Бояна', 'Тодорова', 'Тодорова\r\n'),
(1384, '8з', 'Виктория', 'Великова', 'Боева\r\n'),
(1385, '8з', 'Вилизара', 'Георгиева', 'Здравкова\r\n'),
(1386, '8з', 'Габриела', 'Методиева', 'Методиева\r\n'),
(1387, '8з', 'Дарина', 'Николова', 'Кирова\r\n'),
(1388, '8з', 'Димана', 'Викторова', 'Йотовска\r\n'),
(1389, '8з', 'Елена', 'Георгиева', 'Георгиева\r\n'),
(1390, '8з', 'Елеонора', 'Миткова', 'Казакова\r\n'),
(1391, '8з', 'Ивана', 'Мартинова', 'Пенева\r\n'),
(1392, '8з', 'Ивет', 'Стефанова', 'Раданова\r\n'),
(1393, '8з', 'Кристиан', 'Миленов', 'Петров\r\n'),
(1394, '8з', 'Крум', 'Николов', 'Атанасов\r\n'),
(1395, '8з', 'Мария-Магдалена', 'Петрова', 'Петрова\r\n'),
(1396, '8з', 'Мила', 'Николаева', 'Иванова\r\n'),
(1397, '8з', 'Милица', 'Петкова', 'Батешкова\r\n'),
(1398, '8з', 'Михаил', 'Красимиров', 'Тръпчев\r\n'),
(1399, '8з', 'Никол', 'Николова', 'Вълканова\r\n'),
(1400, '8з', 'Рафаел', 'Степан', 'Ваханян\r\n'),
(1401, '8з', 'Рая-Мария', 'Пламенова', 'Минчева\r\n'),
(1402, '8з', 'Силвия', 'Николова', 'Запрянова\r\n'),
(1403, '8з', 'Теодор', 'Стефанов', 'Семов\r\n'),
(1404, '8з', 'Христина', 'Каменова', 'Христова\r\n'),
(1405, '8з', 'Цветелина', 'Пламенова', 'Попова\r\n'),
(1406, '8и', 'Аделина', 'Валентинова', 'Великова\r\n'),
(1407, '8и', 'Ангелина', 'Трифонова', 'Бумбалова\r\n'),
(1408, '8и', 'Антония', 'Живкова', 'Ангелова\r\n'),
(1409, '8и', 'Атанас', 'Светломиров', 'Димитров\r\n'),
(1410, '8и', 'Божана', 'Веселинова', 'Димитрова\r\n'),
(1411, '8и', 'Валери', 'Валентинов', 'Попов\r\n'),
(1412, '8и', 'Ванеса', 'Христова', 'Атанасова\r\n'),
(1413, '8и', 'Виктор', 'Петров', 'Петров\r\n'),
(1414, '8и', 'Виолина', 'Евгениева', 'Тотева\r\n'),
(1415, '8и', 'Даниел', 'Симеонов', 'Симеонов\r\n'),
(1416, '8и', 'Даниела', 'Християнова', 'Сарандева\r\n'),
(1417, '8и', 'Елиана', 'Пламенова', 'Янчева\r\n'),
(1418, '8и', 'Елина', 'Миленова', 'Иванова\r\n'),
(1419, '8и', 'Йоана', 'Атанасова', 'Атанасова\r\n'),
(1420, '8и', 'Калина', 'Георгиева', 'Топалова\r\n'),
(1421, '8и', 'Мариана', 'Недкова', 'Койчева\r\n'),
(1422, '8и', 'Мая', 'Пламенова', 'Павлова\r\n'),
(1423, '8и', 'Мина', 'Ивелинова', 'Иванова\r\n'),
(1424, '8и', 'Михаела', 'Николаева', 'Ангелова\r\n'),
(1425, '8и', 'Михаил', 'Александров', 'Йорданов\r\n'),
(1426, '8и', 'Нелиа', 'Красимир', 'Митева\r\n'),
(1427, '8и', 'Ралица', 'Атанасова', 'Картунова\r\n'),
(1428, '8и', 'Свилена', 'Христова', 'Димова\r\n'),
(1429, '8и', 'Симеон', 'Стефанов', 'Иванов\r\n'),
(1430, '8и', 'Тина', 'Божидарова', 'Панова\r\n'),
(1431, '8и', 'Христо', 'Деянов', 'Борисов\r\n'),
(1432, '8и', 'Явор', 'Георгиев', 'Кънев\r\n'),
(1433, '9а', 'Ивет', 'Ивайлова', 'Притоманова\r\n'),
(1434, '9а', 'Калина', 'Спасова', 'Спасова\r\n'),
(1435, '9б', 'Мартин', 'Владимиров', 'Ангелов\r\n'),
(1436, '9в', 'Светослав', 'Пламенов', 'Кацаров\r\n'),
(1437, '9г', 'Умут', 'Баран', 'Каракаш\r\n'),
(1438, '9ж', 'Иван', 'Йорданов', 'Веселинов\r\n'),
(1439, '9и', 'Яна', 'Вадимовна', 'Ким\r\n'),
(1440, '10з', 'Мария', 'Петрова', 'Томова\r\n'),
(1441, '9ж', 'Величка', 'Мирчева', 'Великова\r\n'),
(1442, '11д', 'Михаела', 'Пламенова', 'Мишева'),
(1443, '10е', 'Габриела', 'Красимирова', 'Керчева'),
(1444, '10в', 'Адрияна', 'Павлова', 'Кръстева\r\n'),
(1445, '8е', 'Георги', 'Димитров', 'Попов\r\n');

-- --------------------------------------------------------

--
-- Table structure for table `fls1egvn_student_twos`
--

CREATE TABLE IF NOT EXISTS `fls1egvn_student_twos` (
  `nr` int(11) NOT NULL AUTO_INCREMENT,
  `student_nr` smallint(6) NOT NULL,
  `subject_nr` tinyint(4) NOT NULL,
  `srok` tinyint(4) NOT NULL,
  PRIMARY KEY (`nr`)
) ENGINE=InnoDB  DEFAULT CHARSET=utf8 AUTO_INCREMENT=74 ;

--
-- Dumping data for table `fls1egvn_student_twos`
--

INSERT INTO `fls1egvn_student_twos` (`nr`, `student_nr`, `subject_nr`, `srok`) VALUES
(1, 1089, 17, 3),
(2, 758, 17, 3),
(3, 760, 17, 3),
(4, 762, 17, 3),
(5, 769, 17, 3),
(6, 771, 17, 3),
(7, 1436, 17, 3),
(8, 782, 17, 3),
(9, 1437, 17, 3),
(10, 1126, 6, 3),
(11, 289, 6, 3),
(12, 309, 6, 3),
(13, 1403, 1, 3),
(14, 880, 17, 3),
(15, 884, 17, 3),
(16, 227, 17, 3),
(17, 159, 14, 3),
(18, 162, 14, 3),
(19, 60, 14, 3),
(20, 61, 14, 3),
(21, 1063, 14, 3),
(22, 1074, 14, 3),
(23, 782, 14, 3),
(24, 771, 14, 3),
(25, 950, 2, 3),
(26, 1362, 3, 3),
(27, 1239, 2, 3),
(28, 1108, 15, 3),
(29, 1110, 15, 3),
(30, 452, 6, 3),
(31, 327, 6, 3),
(32, 329, 6, 3),
(33, 771, 5, 3),
(34, 262, 22, 3),
(35, 119, 14, 3),
(36, 126, 14, 3),
(37, 96, 15, 3),
(38, 102, 15, 3),
(39, 1437, 1, 3),
(40, 262, 1, 3),
(41, 1071, 9, 3),
(42, 1063, 9, 3),
(43, 748, 2, 3),
(44, 760, 2, 3),
(45, 289, 5, 3),
(46, 309, 5, 3),
(47, 342, 5, 3),
(48, 344, 5, 3),
(49, 345, 5, 3),
(50, 353, 5, 3),
(51, 1437, 6, 3),
(52, 1239, 6, 3),
(53, 269, 6, 3),
(54, 826, 14, 3),
(55, 1071, 14, 3),
(56, 1071, 17, 3),
(57, 816, 17, 3),
(58, 996, 14, 3),
(59, 58, 14, 3),
(61, 748, 14, 3),
(62, 758, 14, 3),
(63, 760, 14, 3),
(64, 762, 14, 3),
(65, 791, 14, 3),
(66, 1437, 14, 3),
(67, 30, 14, 3),
(68, 35, 14, 3),
(69, 1190, 17, 3),
(70, 59, 14, 3),
(71, 1074, 15, 3),
(72, 1063, 15, 3),
(73, 317, 6, 3);

-- --------------------------------------------------------

--
-- Table structure for table `fls1egvn_subjects`
--

CREATE TABLE IF NOT EXISTS `fls1egvn_subjects` (
  `subject_nr` int(2) NOT NULL AUTO_INCREMENT,
  `subject` varchar(50) NOT NULL,
  PRIMARY KEY (`subject_nr`)
) ENGINE=InnoDB  DEFAULT CHARSET=utf8 AUTO_INCREMENT=21 ;

--
-- Dumping data for table `fls1egvn_subjects`
--

INSERT INTO `fls1egvn_subjects` (`subject_nr`, `subject`) VALUES
(1, 'Български език и литература'),
(2, 'Английски език IЧЕ'),
(3, 'Немски език IЧЕ'),
(4, 'Английски език IIЧЕ'),
(5, 'Немски език IIЧЕ'),
(6, 'Математика'),
(9, 'История и цивилизация'),
(10, 'География и икономика'),
(11, 'Психология и логика'),
(12, 'Етика и право'),
(13, 'Философия'),
(14, 'Биология и здравно образование'),
(15, 'Физика и астрономия'),
(16, 'Свят и личност'),
(17, 'Химия и опазване на околната среда'),
(18, 'Музика'),
(19, 'Изобразително изкуство'),
(20, 'Физическо възпитание и спорт');

-- --------------------------------------------------------

--
-- Table structure for table `fls1egvn_teachers`
--

CREATE TABLE IF NOT EXISTS `fls1egvn_teachers` (
  `t_nr` int(11) NOT NULL AUTO_INCREMENT,
  `egn` varchar(255) NOT NULL,
  `t_name` varchar(50) NOT NULL,
  `email` varchar(50) NOT NULL,
  `password` varchar(256) NOT NULL,
  `status` tinyint(4) NOT NULL DEFAULT '0',
  PRIMARY KEY (`t_nr`)
) ENGINE=InnoDB  DEFAULT CHARSET=utf8 AUTO_INCREMENT=96 ;

--
-- Dumping data for table `fls1egvn_teachers`
--

INSERT INTO `fls1egvn_teachers` (`t_nr`, `egn`, `t_name`, `email`, `password`, `status`) VALUES
(1, '9e557cd88f4393ca823498ed378923c7', 'Веселин Иванов Василев', 'firstls@abv.bg', '2595627ce75f65c5a113d61f9b2eed38', 0),
(2, 'cb4d7b0a50cc777ac95898533dff467d', 'Ангел Атанасов Митев', 'angel.mitev@gmail.com', 'badbdbeb91eb5848597b28534a03cc9f', 0),
(3, '0c488dee171f2799bf3c852bda2d9ea0', 'Росица Илиева Стоева', 'rositsa_stoeva@abv.bg', 'ae850ff42b593327bfcada72ee8ee86f', 0),
(4, '2fbc7410b211f172fc1612ab95f9a4b6', 'Атанаска Димитрова Вълчева', 'a.d.valcheva@gmail.com', '1d234d30395eda6ba0186572c4587e3e', 1),
(5, '00f2a9ef1835182b552b5a280a045662', 'Румен Колев Колев', 'rumenkoleff@abv.bg', 'b9c93fbdfd2a30504e05d3b0b32307da', 0),
(6, 'cd4d99165c4ccb813ab7847919faad4b', 'Ели Костадинова Герова', 'ekkostadinova@abv.bg', '24c5fb1816b69e4e5fd2a2d62874aee5', 3),
(7, 'c138a19718c6a8e26a1f83b47455d18d', 'Румяна Златева Златева - Кънчева', 'rumizlateva@abv.bg', '08f4b2f0e0de19e9e39f4b8fb97e5a40', 0),
(8, 'daa1c16ff1b52aac9fa0db3845f06e36', 'Диана Михайлова Куюджуклиева', 'didiku@abv.bg', '28652180106bc63ceea7d6aaf2a7246d', 0),
(9, 'b926c54ad465d754e0f154eba53a7c5f', 'Валентина Колева Попова', 'val_popova@abv.bg', '8254d4cdf785ee9f6a8b923f381c5903', 0),
(10, 'a0d6a777508d61dd185a324412b12de1', 'Драгомир Калчев Чанков', 'd.chankov@abv.bg', '80bb7b46ad30857f965b9e9eed3067ea', 0),
(11, 'f9eba6c01a314fcb316c71c49b9a7d6b', 'Маргарит Вахарш Мерджанов', 'margarit_merdjanov@abv.bg', 'b9141aff1412dc76340b3822d9ea6c72', 0),
(12, '488607a0093489e88d084b638e4224d7', 'Виолета Георгиева Колева', 'vikoleva@abv.bg', 'ef2e3e3b57002d8c8a37e12c44c83aa7', 0),
(13, '7a160f9d65b8c6e92a18db048244d080', 'Пламен Славков Панчев', 'pantschev@gmail.com', '954968116875bf16899deb4e3bc6ad6a', 0),
(14, 'f48ec0a11c57b4c86ecf40f78f29ddfe', 'Милена Ганчева Георгиева', 'milenagancheva@gmail.com', '83e787daac073610d84c6a7dd45af39b', 0),
(15, '9ccf1d677895a767db45814f1fc3eeb6', 'Елисавета Стефанова Стателова', 'e.statelova@gmail.com', 'fbb6d86070824704f0b4cd6aa27b519a', 0),
(16, 'a82eb8518c3ec443eec3471cfa14937a', 'Тинка Методиева Антонова', 'tinkametodieva@gmail.com', '2a94d85225c772c854f3f45877fe2317', 0),
(17, 'a6312fd83a2d7259514c84e1afa02570', 'Пресиана Тошева Йоргакиева', 'cinderella_89@mail.bg', '0f7ccd5a0b24dcbf9f91c9f5d34a153c', 0),
(18, '36937a174a96f7cab4a327020205c99c', 'Димитрина Вълчева Иванова', 'dimitrina68@abv.bg', '96971ad962c59db5328343dc21f4f1ff', 0),
(19, '20029be6475ffcc2bf65b503d2c14f5d', 'Велина Иванова Обретенова', 'velina.obretenova@gmail.com', '73fe9e718740d6ad2f50939ee53648c5', 0),
(20, 'e3e80ad7f19c5c8300b4b11cb56971d0', 'Гергана Герова', 'gery_gerova@yahoo.com', '6253e1406b64bbe6ba7b00ac0bf81257', 0),
(21, '02b2493561c115224045dfc850395622', 'Екатерина Светославова Славова', 'katiaslavova@yahoo.com', '91b8d854aaa4f92962e5950699316d6c', 0),
(22, 'd198af77269942ca7fc3fab460873d98', 'Донета Лалева Митева', 'doneta_miteva@yahoo.co.uk', 'a1fdc8ae809acc9852c7946752428da2', 0),
(23, '1d10623c9017ef66768d86c12d314efa', 'Йорданка Димитрова Трифонова', 'ioritrifonova4@gmail.com', '1c360d0e4b8809f8ded8412200b191c4', 0),
(24, '754e1437a386ff1b07a0031e91926e73', 'Татяна Иванова Караиванова', 'tatyanakaraivanova@abv.bg', '6bbdbf4ab861fa1a52fb6069ea06f6cb', 0),
(25, '21c528716d04e062d15e15342bf0d353', 'Светла Кирилова Колева', 'sv_kirilova@yahoo.com', '0e1554137b8cd6000851675cf0295925', 3),
(26, '24e7919c259f3d31232e75f6f7fdd961', 'Даниела Енева Атанасова', 'didche86@abv.bg', '745ef8b9e927efe0d2e40545d35e0a8a', 0),
(27, '00fb89bc2af81029d40e9c8aba0d8ba3', 'Теодора Асенова Серафимова', 'tender.inspiration@yahoo.co.uk', 'af5d2b5120f77bd4efb1e3b7e4a0b53d', 0),
(28, 'a9579414787b0082be8e077b61bbf8eb', 'Светла Илиева Пенчева', 'svetla_pencheva@abv.bg', '61afa8def9694cbe01ce47930a666270', 0),
(29, '810fc8492aeff97ef2e6f95c58a5f622', 'Павлина Йовчева Стоянова', 'paza_elektra@yahoo.com', '1ba761afc577de7a37512c4395c4ad36', 0),
(30, '9ea43cf67954350dd658576281fa56aa', 'Дора Петрова Лазарова', 'doralazarova96@abv.bg', 'b15a6dc0504b6492da003e623d84e527', 0),
(31, 'd1f964388307beb0b5f9660cb1a5abbf', 'Дарина Георгиева Гаджева', 'darinagadzheva@gmail.com', '277d2c6992b86a2d651a5ed7f89489d7', 0),
(32, 'b7eb815c51b4ff2929181bb0f2503e1e', 'Теодора Христова Жекова', 'thpetrova09@abv.bg', 'edf218fd0838873e8184bd168da2d6c7', 0),
(33, 'ed1d741b2dd51fcafba38839b80edd0a', 'Олга Стефанова Касабова', 'o.kasabova@gmail.com', '54a5d6b386666781f5de54ef2f613a26', 0),
(34, 'dd5b07df2e52394ae171ed805f4aea04', 'Полина Йовчева Стоянова', 'popilina1977@yahoo.com', '8e96c299d66662f6ad9636b9bfc25425', 0),
(35, '573d61a130e64ffaca3c418889f37865', 'Сияна Атанасова Каросерова', 'siatka@abv.bg', '93898dc8277b8fb92fcd9b24fecdcf4b', 0),
(36, '336a4bf7cc5377685daa91cb667da0b6', 'Катерина Огнянова Караиванова', 'katerina_karaivanova@yahoo.com', 'e6d2e9e244f3e892de739232221200b1', 0),
(37, 'fb492169906f5ffd1a925741a6f4eaa1', 'Мартина Симеонова Тодорова', 'martina.todorova@hotmail.com', 'fad852307a1f38080c00f7a01f9d02ff', 0),
(38, 'b7f17a1e4c1f9e724dce0d5fe18e8dac', 'Станимира Петрова Мирчева', '', '', 0),
(39, '24f9e747612a6aaf7c9df3a04d62b2cd', 'Ивалина Йорданова Петрова', 'ipetrova94@abv.bg', '97f2aeaede4c034eba935b78f61af58f', 0),
(40, '3a1fba20b24b6f410b446feefa4d458f', 'Радка Антонова Христова', 'hristova_radka@abv.bg', '569e19539f4bcd6510cf00ec1f4775c6', 0),
(41, 'e2da39ca9ce991fff3daacec2faaeb13', 'Виолета Добрева Витлянова', 'vitlianova@abv.bg', '1ac0d72d238c86b2029c8419ba2574a2', 0),
(42, '0596f5b47a66bbc9d7c05797a4a5701c', 'Елена Иванова Каракулакова', 'elena1955@abv.bg', '925d7518fc597af0e43f5606f9a51512', 0),
(43, '0289b25768536ef3ade79edcad884117', 'Десислава Атанасова Атанасова', 'atanasovi_gad@abv.bg', '13c66216d44019105cfc38cf5d64823b', 0),
(44, '46d20b4ba6d40f4259f9475938e9a59a', 'Светломира Ангелова Грозева', 'grozeva_svetla@yahoo.com', 'a9a3ca8f7be6332dde3208aaddbbfb78', 0),
(45, 'f9a8e09b15083ab46e371db8918d5b13', 'Веселин Ангелов Първанов', 'veselin.parvanov@abv.bg', '59ec9c23d0e4cafc5feccd071c42b8ec', 0),
(46, 'cbedd179ae2835603a6a0f0357886403', 'Стефан Великов Стефанов', 'stefanov_sv@abv.bg', '8156fa3f08b7220d0db5d549de338462', 0),
(47, '06a05df8bcdc90c0480bd1496cd52356', 'Ирина Георгиева Филипова', 'rak.deva@abv.bg', '60cc2b41188e302d8e02a3d46a7a0840', 0),
(48, '1f0258d0e9db890da2c8284881d63904', 'Стефан Йорданов Пейчев', 'stefan.pejchev@gmail.com', '7e7671c839299832a9e8dbea73e57b58', 2),
(49, 'bc22cb625ce4ca9bbede9cca1c0e74d3', 'Анелия Христова Георгиева', 'a.georgieva11@abv.bg', '3baa271bc35fe054c86928f7016e8ae6', 1),
(50, 'a149979aa5c42483f056817fdd3b41d5', 'Снежина Евгениева Желева', 'peg_varna@abv.bg', '4d5ed546a3801a7694b048bbdc0dcc01', 0),
(51, '53977f98da1a3d530ace0fea0083f9fc', 'Николай Пламенов Стойчев', 'stoychew@abv.bg', 'e10adc3949ba59abbe56e057f20f883e', 0),
(52, '4d91c0cadcfbaabee7dbcbda31fde8f9', 'Петя Илиева Антонова', 'antonova_p@abv.bg', '087bcc978d7ddd6e1c6e2358cfedbf9a', 0),
(53, '5d213ff3af35d8a1fa94bcbdb0ab640a', 'Татяна Стефанова Лефтерова-Стойчева', 'tanjaleft@abv.bg', '9319a7df7933a63da3a90e42a8b5cd6f', 0),
(54, 'e89e026adf86fde87a6f551d2a68fa8e', 'Деян Цветков Маринов', 'd_marinov54@abv.bg', '2b84cd5da64a828bd859b18535c9345e', 0),
(55, 'dd519bce4a3859a37ef406cd3c6919e3', 'Зорница Стоянова Градева-Върбанова', 'z.gradeva@abv.bg', 'e80397aa42beba3bf6e9923221578e3c', 3),
(56, '2b577e79550c44c918cd982ecc128711', 'Стойко Атанасов Няголов', 'niagolov7@abv.bg', 'f1abb389a54cf3e8836f194736360128', 0),
(57, '38168bcb032e44e015a99e8b4ce75886', 'Нела Иванова Димова', 'nelidimova65@abv.bg', '04fc711301f3c784d66955d98d399afb', 0),
(58, '11516fb9e9c983787711669144b89f44', 'Мария Атанасова Симеонова', 'mariasimeonoff@yahoo.de', '2d724611d21e4c362da948b92339d8db', 0),
(59, '157115d1ae940c4410d33f099377035f', 'Асен Василев Устапанов', 'a.ustapanov@gmail.com', '93ef375163f5f5cf6410c10373564004', 0),
(60, 'df022435b5e9bc8fe58a4ddfa8e92487', 'Петя Андонова Андонова', 'vesniktrud@abv.bg', '76f7f45a976c77f4c686dc74afd5c3d7', 0),
(61, '6c6d8ad2cd213ddd4f45e2beaa0ae595', 'Галина Христова Георгиева', 'galia_georgieva@mail.bg', '5606404e8a46bb47558400f85070353b', 0),
(62, '85e399c7328353be8cf48d8bc588e474', 'Петранка Ванкова Тодорова', 'petranka_v@abv.bg', '05e7d19a6d002118deef70d21ff4226e', 0),
(63, 'd93f37f45ad144fb3ecd9fb4b310eba6', 'Илияна Стоянова Коларова', 'i_kolarova@abv.bg', '7740c188be18aca1000e3442c763663f', 0),
(64, '91e608d3b9aaaba2bfb064aeb3c76018', 'Антоанета Стоянова Георгиева', 'anisg@abv.bg', '3c0689cc25c9e8df7a5943e8c40a9725', 0),
(65, '503af1e89e489080b8ee336c2a04707b', 'Борис Георгиев Гочев', 'boris.gochev@gmail.com', '4419539583d9881e41e2c8489e4607cd', 0),
(66, '41a18d3417014852d426cb401461234f', 'Милена Тодорова Илиева', 'pla_mil@abv.bg', '7be2cd68dd6c60e55a5e731e635decab', 0),
(67, '134004301ca20437a0487774d792d67c', 'Милена Марчева Боева', 'milboewa@abv.bg', '22a65f9ed7605e33f50ed998fef4b956', 0),
(68, '3c0e1de1a0352a5af8649c2a70ab722a', 'Маргарита Димитрова Димитрова', 'mrgrt@abv.bg', '98dfa985498fb57773d04eb9c3e541a0', 0),
(69, 'b5daf3121c732d3103bd088182c435ea', 'Евелина Георгиева Геловска', 'gelovska_e@abv.bg', '28b8922ef8d6a59784782f4c20d9a395', 0),
(70, '59c13d6c5008fdd21271a01363820222', 'Снежина Христова Станчева - Желева', 'svezhart@yahoo.com', '30714de5b81ba204e4951eb861b676b0', 0),
(71, '05c7aaddf9ec7e3eb131180c64735b8f', 'Станимир Владимиров Диков', 'st_dickov@abv.bg', 'f129edf1c18a458fb0904b626bb131c3', 0),
(72, '8b85863502bc960187a08d435a3cd2a7', 'Методи Николаев Миланов', 'metod@mail.bg', 'ee0682d4281538ba6a0ffcaaf0752d34', 0),
(73, '133bf5928a74a270d65b8ad2b0270a51', 'Катя Сивенова Алипиева', 'katyaalipieva@abv.bg', 'd180c4c17a3e1949b3f87ba7d0a73059', 0),
(74, '992624c731678c89724413e0ba19cdc1', 'Цецко Благоев Цеков', 'tsetso141@abv.bg', '25f2e39c76511345384f515e1c101128', 0),
(75, '40df34526511026a562f35e841fd725a', 'Дочко Христов Думанов', 'dochko_dumanov@abv.bg', 'bfadcf3b90157f6e200514479e04d554', 0),
(76, 'd7c65638acadb544035ad7e2f50a906d', 'Полина Василева Стойнова', '', '', 0),
(84, '151e42f4507efd85f23a763e8705e389', 'Росица Кирилова Тодорова-Божкова', 'rossikirilova@abv.bg', '4bf3df251b1c1b574586aa994703aba9', 3),
(85, '46756f63803032058e5950298a4e5838', 'Красимира Неделчева Гавазова', 'krassng@abv.bg', '15a1180a96f17967fc32b4cd734c0214', 3),
(86, '4a2f863c0a0ad3d312a0bda53787aea3', 'Костадин Иванов Дюлгеров', 'salvado_dali@abv.bg', '55ebb77bb882eebdc0bfe2f5e264114e', 0),
(87, 'c3aa0a554cb97c966f0079c8901190aa', 'Сиана Тодорова Шивачева', 'scandy@abv.bg', '9a231dd5243775abe614b38d64df10e3', 0),
(88, 'f33b2bd144b3cd5a7c1d9f4ab76b3b47', 'Диана Якимова Дарелова', 'd_darelova@abv.bg', '11f222d313a9f29805871b11f7c1af6e', 0),
(89, 'a561f9719e158ef6b9dea839a2d1ba42', 'Диана Живкова Филипова', 'diana777@abv.bg', 'aef04fb09223a754df1fe5d31d9c697c', 0),
(90, 'bda5a22c4023d6a3cadaef037c692748', 'Галина Василева Георгиева', 'galinageorgieva89@abv.bg', 'dceff7d96e4ef6ac9c8b0b7a8fb4b0d0', 0),
(91, 'a34e77335581906325d54c104d49ba0c', 'Анка Койчева Добрева', 'anidob2000@yahoo.de', '33a1fecb5a1c5863874edbb30699ebf5', 0),
(92, 'cdf520dd140219e69b1e5b1e8a0c656c', 'Кремена Симеонова Анастасова', 'aanastasova74@gmail.com', '11e34f0137749f3e4ed97282af3cb32b', 3),
(95, 'd73a716e325fd9dbf7bf37764ae9c1d3', 'Гергана Славова Христова', 'g.hristova@nvna.eu', '6e4f3605739348b5d85f24f9fdb7530b', 0);

-- --------------------------------------------------------

--
-- Table structure for table `fls1egvn_teacher_sp_subject`
--

CREATE TABLE IF NOT EXISTS `fls1egvn_teacher_sp_subject` (
  `nr` int(11) NOT NULL AUTO_INCREMENT,
  `t_nr` int(11) NOT NULL,
  `subject_nr` int(11) NOT NULL,
  PRIMARY KEY (`nr`)
) ENGINE=InnoDB  DEFAULT CHARSET=utf8 AUTO_INCREMENT=52 ;

--
-- Dumping data for table `fls1egvn_teacher_sp_subject`
--

INSERT INTO `fls1egvn_teacher_sp_subject` (`nr`, `t_nr`, `subject_nr`) VALUES
(1, 51, 2),
(2, 51, 8),
(3, 51, 13),
(4, 50, 2),
(5, 50, 8),
(6, 50, 13),
(7, 50, 12),
(8, 49, 12),
(9, 49, 13),
(10, 49, 2),
(11, 47, 2),
(12, 47, 8),
(13, 47, 13),
(14, 47, 12),
(15, 52, 2),
(16, 52, 8),
(17, 52, 13),
(18, 52, 12),
(19, 48, 12),
(20, 48, 13),
(21, 48, 2),
(22, 34, 11),
(23, 34, 18),
(24, 29, 11),
(25, 29, 18),
(26, 37, 11),
(27, 37, 18),
(28, 33, 18),
(29, 91, 18),
(30, 31, 18),
(31, 31, 11),
(32, 35, 18),
(33, 58, 4),
(34, 58, 14),
(35, 46, 9),
(36, 46, 15),
(37, 68, 5),
(38, 69, 5),
(39, 61, 6),
(40, 60, 6),
(41, 64, 7),
(42, 42, 9),
(43, 44, 9),
(44, 41, 10),
(45, 59, 6),
(46, 70, 16),
(47, 63, 7),
(48, 67, 17),
(49, 95, 12),
(50, 95, 13),
(51, 95, 2);

-- --------------------------------------------------------

--
-- Table structure for table `fls1egvn_teacher_sp_subject_class`
--

CREATE TABLE IF NOT EXISTS `fls1egvn_teacher_sp_subject_class` (
  `nr` int(11) NOT NULL AUTO_INCREMENT,
  `t_s_nr` int(11) NOT NULL,
  `class_nr` int(11) NOT NULL,
  `student_nr` int(11) NOT NULL,
  PRIMARY KEY (`nr`)
) ENGINE=InnoDB  DEFAULT CHARSET=utf8 AUTO_INCREMENT=259 ;

--
-- Dumping data for table `fls1egvn_teacher_sp_subject_class`
--

INSERT INTO `fls1egvn_teacher_sp_subject_class` (`nr`, `t_s_nr`, `class_nr`, `student_nr`) VALUES
(1, 1, 38, 10),
(2, 1, 44, 4),
(3, 2, 42, 1),
(4, 2, 43, 10),
(5, 2, 44, 3),
(6, 3, 11, 28),
(7, 3, 12, 28),
(8, 3, 13, 28),
(9, 4, 38, 2),
(10, 4, 40, 5),
(11, 4, 41, 4),
(12, 4, 44, 2),
(13, 5, 38, 3),
(14, 5, 40, 2),
(15, 5, 45, 7),
(16, 6, 19, 14),
(17, 6, 20, 13),
(18, 6, 21, 14),
(19, 6, 22, 13),
(20, 6, 24, 14),
(21, 6, 25, 13),
(22, 6, 26, 14),
(23, 6, 27, 14),
(24, 7, 19, 14),
(25, 7, 20, 13),
(26, 7, 21, 14),
(27, 7, 22, 13),
(28, 7, 24, 14),
(29, 7, 25, 13),
(30, 7, 26, 14),
(31, 7, 27, 14),
(32, 49, 19, 13),
(33, 49, 20, 14),
(34, 49, 23, 12),
(35, 49, 24, 13),
(36, 49, 25, 13),
(37, 49, 26, 13),
(38, 49, 27, 13),
(39, 50, 19, 13),
(40, 50, 20, 14),
(41, 50, 23, 12),
(42, 50, 24, 13),
(43, 50, 25, 13),
(44, 50, 26, 13),
(45, 50, 27, 13),
(46, 50, 1, 13),
(47, 50, 6, 13),
(48, 50, 7, 13),
(49, 50, 8, 13),
(50, 51, 42, 1),
(51, 51, 43, 6),
(52, 51, 44, 6),
(53, 11, 39, 8),
(54, 11, 42, 4),
(55, 12, 37, 7),
(56, 12, 38, 1),
(57, 12, 41, 6),
(58, 13, 1, 13),
(59, 13, 2, 13),
(60, 13, 3, 14),
(61, 13, 4, 13),
(62, 13, 5, 13),
(63, 13, 9, 13),
(64, 13, 14, 28),
(65, 13, 15, 14),
(66, 13, 16, 12),
(67, 13, 17, 14),
(68, 13, 18, 12),
(69, 14, 15, 14),
(70, 14, 16, 12),
(71, 14, 17, 14),
(72, 14, 18, 12),
(73, 15, 37, 9),
(74, 15, 42, 1),
(75, 15, 44, 1),
(76, 16, 39, 3),
(77, 16, 42, 8),
(78, 17, 15, 14),
(79, 17, 16, 12),
(80, 17, 17, 14),
(81, 17, 18, 13),
(82, 17, 21, 12),
(83, 17, 22, 13),
(84, 17, 23, 14),
(85, 17, 10, 27),
(86, 18, 15, 14),
(87, 18, 16, 12),
(88, 18, 17, 14),
(89, 18, 18, 13),
(90, 18, 21, 12),
(91, 18, 22, 13),
(92, 18, 23, 14),
(93, 19, 10, 27),
(94, 19, 11, 28),
(95, 19, 12, 28),
(96, 19, 13, 28),
(97, 19, 14, 28),
(98, 20, 2, 14),
(99, 20, 3, 14),
(100, 20, 4, 14),
(101, 20, 5, 13),
(102, 20, 9, 14),
(103, 20, 6, 13),
(104, 20, 7, 13),
(105, 20, 8, 14),
(106, 21, 38, 3),
(107, 21, 39, 2),
(108, 21, 41, 1),
(109, 21, 43, 5),
(110, 21, 45, 3),
(111, 22, 24, 4),
(112, 22, 26, 17),
(113, 22, 27, 7),
(114, 22, 43, 13),
(115, 22, 44, 8),
(116, 23, 24, 4),
(117, 23, 26, 17),
(118, 23, 27, 7),
(119, 23, 43, 13),
(120, 23, 44, 9),
(121, 24, 33, 4),
(122, 24, 34, 11),
(123, 24, 35, 4),
(124, 24, 36, 5),
(125, 25, 33, 4),
(126, 25, 34, 11),
(127, 25, 35, 4),
(128, 25, 36, 5),
(129, 26, 24, 3),
(130, 26, 25, 17),
(131, 26, 27, 7),
(132, 27, 24, 3),
(133, 27, 25, 17),
(134, 27, 27, 7),
(135, 28, 25, 3),
(136, 28, 26, 10),
(137, 28, 27, 13),
(138, 28, 42, 8),
(139, 28, 43, 3),
(140, 28, 44, 15),
(141, 28, 45, 3),
(142, 29, 24, 20),
(143, 29, 25, 6),
(144, 29, 33, 9),
(145, 29, 34, 4),
(146, 29, 35, 10),
(147, 29, 36, 5),
(148, 30, 33, 5),
(149, 30, 34, 8),
(150, 30, 35, 7),
(151, 30, 36, 4),
(152, 30, 42, 15),
(153, 30, 45, 6),
(154, 31, 33, 4),
(155, 31, 34, 8),
(156, 31, 35, 7),
(157, 31, 36, 4),
(158, 31, 42, 15),
(159, 31, 45, 6),
(160, 32, 33, 8),
(161, 32, 34, 3),
(162, 32, 35, 4),
(163, 32, 36, 12),
(164, 32, 43, 10),
(165, 32, 44, 2),
(166, 32, 45, 15),
(167, 33, 37, 3),
(168, 33, 38, 1),
(169, 33, 39, 2),
(170, 33, 40, 4),
(171, 33, 41, 3),
(172, 33, 42, 1),
(173, 33, 44, 2),
(174, 33, 45, 5),
(175, 34, 37, 3),
(176, 34, 38, 2),
(177, 34, 39, 1),
(178, 34, 40, 2),
(179, 34, 41, 2),
(180, 34, 42, 2),
(181, 34, 43, 1),
(182, 34, 44, 6),
(183, 34, 45, 2),
(184, 35, 32, 23),
(185, 35, 33, 25),
(186, 36, 37, 3),
(187, 36, 38, 6),
(188, 36, 39, 3),
(189, 36, 40, 2),
(190, 36, 41, 2),
(191, 36, 42, 1),
(192, 36, 44, 2),
(194, 37, 37, 1),
(195, 37, 39, 5),
(196, 37, 40, 4),
(197, 37, 42, 3),
(198, 37, 43, 2),
(199, 37, 44, 6),
(200, 38, 37, 6),
(201, 38, 38, 3),
(202, 38, 41, 4),
(203, 39, 40, 1),
(204, 39, 42, 8),
(205, 39, 43, 13),
(206, 39, 45, 7),
(207, 40, 38, 9),
(208, 40, 40, 14),
(209, 40, 41, 6),
(210, 41, 37, 6),
(211, 41, 38, 3),
(212, 41, 41, 4),
(213, 42, 31, 24),
(214, 42, 34, 26),
(215, 42, 35, 25),
(216, 42, 36, 26),
(217, 43, 28, 26),
(218, 43, 29, 26),
(219, 43, 30, 24),
(220, 44, 10, 3),
(221, 44, 11, 3),
(222, 44, 13, 2),
(223, 44, 15, 1),
(224, 44, 17, 7),
(225, 44, 22, 1),
(226, 44, 25, 3),
(227, 44, 26, 2),
(228, 44, 27, 4),
(229, 45, 37, 5),
(230, 45, 39, 12),
(231, 45, 41, 5),
(232, 45, 44, 9),
(233, 46, 11, 1),
(234, 46, 12, 1),
(235, 46, 13, 1),
(236, 46, 14, 1),
(237, 46, 22, 1),
(238, 46, 23, 2),
(239, 46, 31, 2),
(240, 46, 32, 2),
(241, 46, 34, 2),
(242, 46, 36, 2),
(243, 47, 37, 1),
(244, 47, 39, 5),
(245, 47, 40, 4),
(246, 47, 42, 3),
(247, 47, 43, 2),
(248, 47, 44, 6),
(249, 48, 22, 1),
(250, 48, 26, 4),
(251, 48, 27, 5),
(252, 48, 28, 1),
(253, 48, 30, 2),
(254, 48, 32, 1),
(255, 48, 33, 5),
(256, 48, 34, 1),
(257, 41, 45, 8),
(258, 38, 45, 8);

-- --------------------------------------------------------

--
-- Table structure for table `fls1egvn_teacher_subject`
--

CREATE TABLE IF NOT EXISTS `fls1egvn_teacher_subject` (
  `nr` int(11) NOT NULL AUTO_INCREMENT,
  `t_nr` int(11) NOT NULL,
  `subject_nr` int(11) NOT NULL,
  PRIMARY KEY (`nr`)
) ENGINE=InnoDB  DEFAULT CHARSET=utf8 AUTO_INCREMENT=131 ;

--
-- Dumping data for table `fls1egvn_teacher_subject`
--

INSERT INTO `fls1egvn_teacher_subject` (`nr`, `t_nr`, `subject_nr`) VALUES
(1, 1, 9),
(2, 2, 2),
(3, 2, 4),
(4, 3, 3),
(5, 3, 5),
(6, 4, 6),
(7, 5, 1),
(8, 6, 1),
(9, 7, 1),
(10, 8, 1),
(11, 9, 1),
(12, 10, 1),
(13, 11, 1),
(14, 12, 1),
(15, 13, 1),
(16, 14, 2),
(17, 14, 4),
(18, 15, 2),
(19, 15, 4),
(20, 16, 2),
(21, 16, 4),
(22, 17, 2),
(23, 17, 4),
(24, 18, 2),
(25, 18, 4),
(26, 19, 2),
(27, 19, 4),
(28, 20, 2),
(29, 20, 4),
(30, 21, 2),
(31, 21, 4),
(32, 22, 2),
(33, 22, 4),
(34, 23, 2),
(35, 23, 4),
(36, 24, 2),
(37, 24, 4),
(38, 25, 2),
(39, 25, 4),
(40, 26, 2),
(41, 26, 4),
(42, 27, 2),
(43, 27, 4),
(44, 28, 3),
(45, 28, 5),
(46, 29, 3),
(47, 29, 5),
(48, 30, 3),
(49, 30, 5),
(50, 31, 3),
(51, 31, 5),
(52, 32, 3),
(53, 32, 5),
(54, 33, 3),
(55, 33, 5),
(56, 34, 3),
(57, 34, 5),
(58, 35, 3),
(59, 35, 5),
(60, 36, 3),
(61, 36, 5),
(62, 37, 3),
(63, 37, 5),
(64, 38, 3),
(65, 38, 5),
(66, 39, 3),
(67, 39, 5),
(68, 40, 3),
(69, 40, 5),
(70, 41, 6),
(71, 42, 6),
(72, 43, 6),
(73, 44, 6),
(74, 45, 6),
(75, 46, 6),
(76, 47, 7),
(77, 47, 8),
(78, 48, 7),
(79, 48, 8),
(80, 49, 7),
(81, 49, 8),
(82, 50, 7),
(83, 50, 8),
(84, 51, 7),
(85, 51, 8),
(86, 52, 7),
(87, 52, 8),
(88, 53, 9),
(89, 54, 9),
(90, 55, 10),
(91, 56, 9),
(92, 56, 10),
(93, 57, 9),
(94, 58, 9),
(95, 58, 10),
(96, 59, 11),
(97, 59, 12),
(98, 59, 13),
(99, 59, 16),
(100, 60, 11),
(101, 60, 12),
(102, 60, 13),
(103, 60, 16),
(104, 61, 11),
(105, 61, 12),
(106, 61, 13),
(107, 61, 16),
(108, 62, 14),
(109, 63, 14),
(110, 64, 14),
(111, 64, 17),
(112, 65, 15),
(113, 66, 15),
(114, 67, 15),
(115, 68, 17),
(116, 69, 17),
(117, 70, 19),
(118, 71, 18),
(119, 72, 20),
(120, 73, 20),
(121, 74, 20),
(122, 75, 20),
(123, 86, 1),
(124, 87, 4),
(125, 88, 10),
(126, 89, 20),
(127, 90, 3),
(128, 90, 5),
(129, 91, 3),
(130, 91, 5);

-- --------------------------------------------------------

--
-- Table structure for table `fls1egvn_teacher_subject_class`
--

CREATE TABLE IF NOT EXISTS `fls1egvn_teacher_subject_class` (
  `nr` int(11) NOT NULL AUTO_INCREMENT,
  `t_s_nr` int(11) NOT NULL,
  `class_nr` int(11) NOT NULL,
  `student_nr` int(11) NOT NULL,
  PRIMARY KEY (`nr`)
) ENGINE=InnoDB  DEFAULT CHARSET=utf8 AUTO_INCREMENT=519 ;

--
-- Dumping data for table `fls1egvn_teacher_subject_class`
--

INSERT INTO `fls1egvn_teacher_subject_class` (`nr`, `t_s_nr`, `class_nr`, `student_nr`) VALUES
(1, 7, 29, 26),
(2, 7, 30, 25),
(3, 7, 33, 26),
(4, 7, 34, 26),
(5, 9, 26, 27),
(6, 9, 28, 26),
(7, 9, 35, 25),
(8, 9, 36, 26),
(9, 10, 3, 28),
(10, 10, 19, 27),
(11, 10, 22, 26),
(12, 10, 23, 26),
(13, 10, 24, 28),
(14, 10, 25, 25),
(15, 11, 10, 27),
(16, 11, 11, 26),
(17, 11, 12, 28),
(18, 11, 15, 27),
(19, 11, 16, 25),
(20, 11, 21, 27),
(21, 12, 20, 27),
(22, 12, 27, 27),
(23, 12, 40, 25),
(24, 12, 41, 25),
(25, 12, 44, 26),
(26, 13, 13, 28),
(27, 13, 14, 28),
(28, 13, 17, 28),
(29, 13, 18, 25),
(30, 13, 37, 25),
(31, 13, 45, 24),
(32, 14, 38, 24),
(33, 14, 39, 24),
(34, 14, 40, 25),
(35, 14, 42, 23),
(36, 14, 43, 26),
(37, 15, 7, 26),
(38, 15, 8, 27),
(39, 15, 9, 27),
(40, 15, 31, 23),
(41, 15, 32, 25),
(42, 123, 1, 26),
(43, 123, 2, 27),
(44, 123, 4, 27),
(45, 123, 5, 26),
(46, 123, 6, 28),
(47, 2, 23, 26),
(48, 16, 28, 26),
(49, 16, 30, 25),
(50, 16, 32, 25),
(51, 18, 29, 26),
(52, 18, 31, 23),
(53, 20, 2, 27),
(54, 22, 3, 28),
(55, 24, 4, 27),
(56, 26, 10, 27),
(57, 26, 11, 26),
(58, 26, 12, 28),
(59, 28, 40, 25),
(60, 28, 41, 25),
(61, 30, 37, 25),
(62, 30, 38, 24),
(63, 30, 39, 24),
(64, 32, 19, 27),
(65, 32, 22, 26),
(66, 34, 13, 28),
(67, 34, 14, 28),
(68, 36, 1, 26),
(69, 40, 20, 27),
(70, 40, 21, 27),
(71, 42, 5, 26),
(72, 44, 9, 27),
(73, 48, 16, 25),
(74, 48, 17, 28),
(75, 52, 8, 27),
(76, 60, 15, 27),
(77, 60, 18, 25),
(78, 66, 6, 28),
(79, 68, 7, 26),
(80, 19, 33, 26),
(81, 29, 42, 23),
(82, 29, 43, 26),
(83, 29, 44, 26),
(84, 31, 45, 24),
(85, 33, 26, 27),
(86, 33, 27, 27),
(87, 35, 15, 27),
(88, 35, 16, 25),
(89, 41, 24, 28),
(90, 41, 25, 25),
(91, 124, 17, 28),
(92, 124, 18, 25),
(93, 124, 34, 26),
(94, 124, 35, 25),
(95, 124, 36, 26),
(96, 5, 28, 26),
(97, 5, 30, 25),
(98, 47, 11, 26),
(99, 47, 12, 28),
(100, 47, 19, 27),
(101, 49, 32, 25),
(102, 51, 14, 28),
(103, 55, 39, 24),
(104, 55, 41, 25),
(105, 57, 20, 27),
(106, 57, 23, 26),
(107, 59, 37, 25),
(108, 59, 40, 25),
(109, 61, 29, 26),
(110, 128, 10, 27),
(111, 128, 13, 28),
(112, 128, 21, 27),
(113, 128, 22, 26),
(115, 130, 31, 23),
(116, 130, 38, 24),
(117, 6, 38, 24),
(118, 6, 39, 24),
(119, 70, 10, 27),
(120, 70, 11, 26),
(121, 70, 15, 27),
(122, 70, 16, 25),
(123, 70, 17, 28),
(124, 70, 26, 27),
(125, 70, 27, 27),
(126, 71, 5, 26),
(127, 71, 6, 28),
(128, 71, 8, 27),
(129, 71, 31, 23),
(130, 71, 34, 26),
(131, 71, 35, 25),
(132, 71, 36, 26),
(133, 72, 1, 26),
(134, 72, 2, 27),
(135, 72, 3, 28),
(136, 72, 4, 27),
(137, 72, 7, 26),
(138, 72, 9, 27),
(139, 72, 37, 25),
(140, 72, 45, 24),
(141, 73, 19, 27),
(142, 73, 20, 27),
(143, 73, 24, 28),
(144, 73, 25, 25),
(145, 73, 28, 26),
(146, 73, 29, 26),
(147, 73, 30, 25),
(148, 74, 12, 28),
(149, 74, 13, 28),
(150, 74, 14, 28),
(151, 74, 18, 25),
(152, 74, 21, 27),
(153, 74, 22, 26),
(154, 74, 23, 26),
(155, 75, 32, 25),
(156, 75, 33, 26),
(157, 75, 40, 25),
(158, 75, 41, 25),
(159, 75, 42, 23),
(160, 75, 43, 26),
(161, 75, 44, 26),
(162, 1, 28, 26),
(163, 88, 10, 27),
(164, 88, 11, 26),
(165, 88, 12, 28),
(166, 88, 13, 28),
(167, 88, 14, 28),
(168, 88, 19, 27),
(169, 88, 20, 27),
(170, 88, 21, 27),
(171, 88, 22, 26),
(172, 88, 23, 26),
(173, 88, 24, 28),
(174, 89, 37, 25),
(175, 89, 38, 24),
(176, 89, 39, 24),
(177, 89, 40, 25),
(178, 89, 41, 25),
(179, 89, 42, 23),
(180, 89, 43, 26),
(181, 89, 44, 26),
(182, 89, 45, 24),
(188, 91, 33, 26),
(189, 91, 34, 26),
(190, 91, 35, 25),
(191, 91, 36, 26),
(197, 93, 15, 27),
(198, 93, 16, 25),
(199, 93, 17, 28),
(200, 93, 18, 25),
(201, 93, 25, 25),
(202, 93, 26, 27),
(203, 93, 27, 27),
(204, 93, 29, 26),
(205, 93, 30, 25),
(206, 93, 31, 23),
(207, 93, 32, 25),
(208, 93, 40, 25),
(209, 92, 19, 27),
(210, 92, 20, 27),
(211, 92, 21, 27),
(212, 92, 22, 26),
(213, 92, 23, 26),
(218, 92, 37, 25),
(219, 92, 38, 24),
(220, 92, 39, 24),
(221, 92, 40, 25),
(222, 92, 41, 25),
(223, 95, 24, 28),
(224, 95, 25, 25),
(225, 95, 26, 27),
(226, 95, 27, 27),
(227, 95, 33, 26),
(228, 95, 34, 26),
(229, 95, 35, 25),
(230, 95, 36, 26),
(231, 95, 42, 23),
(232, 95, 43, 26),
(233, 95, 44, 26),
(234, 95, 45, 24),
(235, 125, 10, 27),
(236, 125, 11, 26),
(237, 125, 12, 28),
(238, 125, 13, 28),
(239, 125, 14, 28),
(240, 125, 15, 27),
(241, 125, 16, 25),
(242, 125, 17, 28),
(243, 125, 18, 25),
(244, 125, 28, 26),
(245, 125, 29, 26),
(246, 125, 30, 25),
(247, 125, 31, 23),
(248, 125, 32, 25),
(249, 104, 10, 27),
(250, 104, 11, 26),
(251, 104, 12, 28),
(252, 104, 13, 28),
(253, 104, 14, 28),
(254, 104, 15, 27),
(255, 104, 16, 25),
(256, 104, 17, 28),
(257, 104, 18, 25),
(262, 101, 19, 27),
(263, 101, 20, 27),
(264, 101, 21, 27),
(265, 101, 22, 26),
(266, 101, 23, 26),
(267, 101, 24, 28),
(268, 101, 25, 25),
(269, 101, 26, 27),
(270, 101, 27, 27),
(273, 98, 28, 26),
(274, 98, 29, 26),
(275, 98, 31, 23),
(276, 98, 35, 25),
(277, 98, 36, 26),
(305, 106, 30, 25),
(306, 106, 32, 25),
(307, 106, 33, 26),
(308, 106, 34, 26),
(309, 108, 10, 27),
(310, 108, 11, 26),
(311, 108, 12, 28),
(312, 108, 13, 28),
(313, 108, 14, 28),
(314, 108, 19, 27),
(315, 108, 20, 27),
(316, 108, 21, 27),
(317, 108, 23, 26),
(318, 108, 28, 26),
(319, 108, 31, 23),
(320, 108, 32, 25),
(321, 109, 15, 27),
(322, 109, 16, 25),
(323, 109, 17, 28),
(324, 109, 18, 25),
(325, 109, 25, 25),
(326, 109, 26, 27),
(327, 109, 27, 27),
(328, 109, 33, 26),
(329, 109, 35, 25),
(330, 109, 36, 26),
(338, 110, 22, 26),
(339, 110, 24, 28),
(340, 110, 29, 26),
(341, 110, 30, 25),
(342, 110, 34, 26),
(344, 112, 13, 28),
(345, 112, 14, 28),
(346, 112, 15, 27),
(347, 112, 16, 25),
(348, 112, 19, 27),
(349, 112, 20, 27),
(350, 112, 21, 27),
(351, 112, 35, 25),
(352, 112, 36, 26),
(353, 112, 40, 25),
(354, 112, 42, 23),
(355, 112, 43, 26),
(356, 112, 44, 26),
(357, 112, 45, 24),
(358, 113, 10, 27),
(359, 113, 11, 26),
(360, 113, 12, 28),
(361, 113, 17, 28),
(362, 113, 18, 25),
(363, 113, 22, 26),
(364, 113, 23, 26),
(365, 113, 24, 28),
(366, 113, 25, 25),
(367, 113, 37, 25),
(368, 113, 38, 24),
(369, 113, 39, 24),
(370, 113, 40, 25),
(371, 113, 41, 25),
(372, 114, 26, 27),
(373, 114, 27, 27),
(374, 114, 28, 26),
(375, 114, 29, 26),
(376, 114, 30, 25),
(377, 114, 31, 23),
(378, 114, 32, 25),
(379, 114, 33, 26),
(380, 114, 34, 26),
(386, 99, 37, 25),
(387, 99, 39, 24),
(388, 99, 41, 25),
(389, 99, 42, 23),
(390, 99, 43, 26),
(391, 99, 44, 26),
(392, 99, 45, 24),
(402, 103, 38, 24),
(403, 103, 40, 25),
(404, 111, 10, 27),
(405, 111, 11, 26),
(406, 111, 12, 28),
(407, 111, 13, 28),
(408, 111, 14, 28),
(409, 111, 15, 27),
(410, 111, 16, 25),
(417, 115, 17, 28),
(418, 115, 18, 25),
(419, 115, 24, 28),
(420, 115, 25, 25),
(421, 115, 26, 27),
(422, 115, 27, 27),
(423, 115, 33, 26),
(424, 115, 34, 26),
(425, 115, 35, 25),
(426, 115, 36, 26),
(427, 116, 19, 27),
(428, 116, 20, 27),
(429, 116, 21, 27),
(430, 116, 22, 26),
(431, 116, 23, 26),
(432, 116, 28, 26),
(433, 116, 29, 26),
(434, 116, 30, 25),
(435, 116, 31, 23),
(436, 116, 32, 25),
(437, 118, 1, 26),
(438, 118, 2, 27),
(439, 118, 3, 28),
(440, 118, 4, 27),
(441, 118, 5, 26),
(442, 118, 6, 28),
(443, 118, 7, 26),
(444, 118, 8, 27),
(445, 118, 9, 27),
(446, 118, 10, 27),
(447, 118, 11, 26),
(448, 118, 12, 28),
(449, 118, 13, 28),
(450, 118, 14, 28),
(451, 118, 15, 27),
(452, 118, 16, 25),
(453, 118, 17, 28),
(454, 118, 18, 25),
(455, 117, 1, 26),
(456, 117, 2, 27),
(457, 117, 3, 28),
(458, 117, 4, 27),
(459, 117, 5, 26),
(460, 117, 6, 28),
(461, 117, 7, 26),
(462, 117, 8, 27),
(463, 117, 9, 27),
(464, 117, 10, 27),
(465, 117, 11, 26),
(466, 117, 12, 28),
(467, 117, 13, 28),
(468, 117, 14, 28),
(469, 117, 15, 27),
(470, 117, 16, 25),
(471, 117, 17, 28),
(472, 117, 18, 25),
(473, 119, 12, 28),
(474, 119, 13, 28),
(475, 119, 14, 28),
(476, 119, 15, 27),
(477, 119, 16, 25),
(478, 119, 17, 28),
(479, 119, 18, 25),
(480, 119, 42, 23),
(481, 119, 43, 26),
(482, 120, 6, 28),
(483, 120, 7, 26),
(484, 120, 8, 27),
(485, 120, 9, 27),
(486, 120, 19, 27),
(487, 120, 33, 26),
(488, 120, 34, 26),
(489, 120, 35, 25),
(490, 120, 36, 26),
(491, 121, 21, 27),
(492, 121, 22, 26),
(493, 121, 23, 26),
(494, 121, 24, 28),
(495, 121, 25, 25),
(496, 121, 26, 27),
(497, 121, 27, 27),
(498, 121, 44, 26),
(499, 121, 45, 24),
(500, 122, 28, 26),
(501, 122, 29, 26),
(502, 122, 30, 25),
(503, 122, 31, 23),
(504, 122, 32, 25),
(505, 122, 37, 25),
(506, 122, 38, 24),
(507, 122, 39, 24),
(508, 122, 40, 25),
(509, 122, 41, 25),
(510, 126, 1, 26),
(511, 126, 2, 27),
(512, 126, 3, 28),
(513, 126, 4, 27),
(514, 126, 5, 26),
(515, 126, 10, 27),
(516, 126, 11, 26),
(517, 126, 20, 27),
(518, 126, 41, 25);

/*!40101 SET CHARACTER_SET_CLIENT=@OLD_CHARACTER_SET_CLIENT */;
/*!40101 SET CHARACTER_SET_RESULTS=@OLD_CHARACTER_SET_RESULTS */;
/*!40101 SET COLLATION_CONNECTION=@OLD_COLLATION_CONNECTION */;
